asn,name,category
174,"Cogent Communications, LLC",t1
701,Verizon Business,t1
1239,Sprint Wireline (Cogent),t1
1299,Arelion (fka. Telia Carrier),t1
2914,"NTT America, Inc.",t1
3257,GTT Communications Inc.,t1
3320,Deutsche Telekom AG,t1
3356,Lumen (Level 3),t1
3491,PCCW Global (HK) Ltd.,t1
5511,Orange S.A.,t1
6762,Telecom Italia Sparkle (Seabone),t1
6830,Liberty Global Europe Holding B.V.,t1
7018,"AT&T Enterprises, LLC",t1
6939,Hurricane Electric LLC,t1
7,The Defence Science and Technology Laboratory,gov
24,National Aeronautics and Space Administration,gov
37,US DoD Naval Surface Warfare Center,gov
49,National Institute of Standards and Technology,gov
50,Oak Ridge National Laboratory,gov
70,National Library of Medicine,gov
89,DoD Naval Undersea Warfare,gov
102,U.S. National Science Foundation,gov
127,Jet Propulsion Laboratory,gov
138,United States Department of Defense (DoD),gov
147,United States Department of Defense (DoD),gov
224,Sikt (Uninett),gov
228,United States Department of Defense (DoD),gov
243,"L3Harris Technologies, Inc.",gov
273,United States Department of Defense (DoD),gov
288,European Space Agency (ESA),gov
293,ESnet,gov
297,National Aeronautics and Space Administration,gov
300,United States Department of Defense (DoD),gov
306,United States Department of Defense (DoD),gov
312,United States Department of Defense (DoD),gov
316,United States Department of Defense (DoD),gov
319,United States Department of Defense (DoD),gov
321,United States Department of Defense (DoD),gov
341,United States Department of Defense (DoD),gov
345,United States Department of Defense (DoD),gov
351,United States Department of Defense (DoD),gov
352,United States Department of Defense (DoD),gov
356,United States Department of Defense (DoD),gov
367,United States Department of Defense (DoD),gov
400,Air Force Systems Networking,gov
518,United States Department of Defense (DoD),gov
542,Alberta Research Council,gov
559,SWITCH,gov
567,Los Nettos,gov
571,United States Department of Defense (DoD),gov
600,OARnet,gov
637,United States Department of Defense (DoD),gov
668,DoD High Performance Computing (Defense Research and Engineering Network),gov
683,Argonne National Laboratory,gov
688,U.S. Department of Interior Bureau of Reclamation,gov
745,Air Force Systems Networking,gov
749,United States Department of Defense (DoD),gov
764,Prime Ministers Office,gov
766,Entidad Publica Empresarial Red.es,gov
786,Jisc Services Limited,gov
818,Department of Communications,gov
905,Waterloo regional police service,gov
1226,California Department of Technology,gov
1348,California Department of Transportation,gov
1554,United States Department of Defense (DoD),gov
1556,United States Department of Defense (DoD),gov
1565,United States Department of Defense (DoD),gov
1569,United States Department of Defense (DoD),gov
1586,United States Department of Defense (DoD),gov
1733,United States Department of Defense (DoD),gov
1798,State of Oregon,gov
1827,Manatee County Government,gov
1837,The North Atlantic Treaty Organization,gov
1955,KIFU (Governmental Info Tech Development Agency),gov
1998,State of Minnesota,gov
2026,City of Helsinki,gov
2384,Architect of the Capitol,gov
2544,King County Gov,gov
2576,U. S. Department of Transportation,gov
2611,BELNET,gov
2614,Agentia de Administrare a Retelei Nationale de Inform...,gov
2633,National Academy of Sciences,gov
2650,Executive Office Of The President,gov
2665,Shared Services Canada,gov
2675,Shared Services Canada,gov
2727,"Electric Plant Board of the City of Glasgow, Kentucky",gov
2769,State of Nebraska / Office of the CIO,gov
2894,California Department of Water Resources,gov
2920,Los Angeles County Office of Education,gov
3136,State of WI Dept. of Administration,gov
3219,Ministry of Local Government and Regional Development,gov
3233,Institutul National de Cercetare-Dezvoltare in inform...,gov
3240,Styrelsen for It og Læring,gov
3401,"City of Seattle, Dept. of Admin. Services",gov
3471,United States Department of Defense (DoD),gov
3477,National Oceanic and Atmospheric Administration,gov
3527,National Institutes of Health,gov
3562,Sandia National Laboratories,gov
3635,"U.S. Department of Commerce, Bureau of Economic Analysis",gov
3705,U.S. Government Publishing Office,gov
3709,City of San Antonio,gov
3766,Shared Services Canada,gov
3926,Fairfax County Dept of Information Technology,gov
4152,U.S. Department of Agriculture,gov
4179,City of Los Angeles,gov
4193,State of Washington,gov
4211,Maricopa County Government,gov
4454,State of Tennessee,gov
4651,The Communications Authority of Thailand (CAT),gov
4758,National Informatics Centre,gov
4782,Government Service Network,gov
4820,Department of Communities and Justice,gov
4859,The State Information Center of P.R.China,gov
4894,City of Anaheim,gov
4954,Carroll County Government,gov
5108,City of Pasadena,gov
5110,City of Vancouver,gov
5132,United States Department of Defense (DoD),gov
5306,United States Department of Defense (DoD),gov
5498,Institution Central Information and Analytical Center...,gov
5507,Magyarorszagi Internet Szolgaltatok Tanacsa Tudomanyo...,gov
5542,"Ministry of Health, Treatment and Medical Education",gov
5744,United States Patent and Trademark Office,gov
5774,United States Postal Service,gov
5831,United States Department of Defense (DoD),gov
5860,United States Department of Defense (DoD),gov
5972,United States Department of Defense (DoD),gov
6040,United States Department of Defense (DoD),gov
6122,Iowa Communications Network,gov
6150,National Cancer Institute,gov
6559,State of NC - State Telecommunications Services,gov
6699,Federal State Budgetary Institution of Science N.N. ...,gov
6733,Bundesinstitut fuer Arzneimittel und Medizinprodukte ...,gov
6769,Kertinis valstybes telekomunikaciju centras,gov
6849,JSC Ukrtelecom,gov
6922,Texas Department of Information Resources,gov
6966,U.S. Department of State,gov
6989,Government Technology Services Inc.,gov
7086,"Mississippi, Department of Information Technology Ser...",gov
7194,City of Burbank,gov
7417,Ministry of Economy,gov
7465,PROCERGS - Cia de Processamento de Dados do RGS,gov
7471,City of Darebin,gov
7497,Computer Network Information Center of Chinese Academ...,gov
7564,Korea Atomic Energy Research Institute,gov
7773,South Dakota State Government,gov
7872,United States Antarctic Program,gov
8103,Florida Department of Management Services,gov
8140,Instituto Federal Electoral,gov
8194,Latvia State Radio and Television Centre,gov
8240,Information System Authority Republic of Estonia,gov
8414,International Telecommunication Union,gov
8506,Institution of Russian Science Academy of Irkutsk Sci...,gov
8517,National Academic Network and Information Center,gov
8519,European Space Agency (ESA),gov
8659,United Nations International Computing Centre,gov
8834,Gmina Miasto Rzeszow,gov
8867,Government ICT Authority - Israel,gov
8956,Stadt Flensburg,gov
8978,Holy See - Vatican City State,gov
9201,Swedish Armed Forces,gov
9270,National Infomation Society Agency,gov
9275,Korea Astronomy Observatory,gov
9389,China Greatwall Internet (Beijing Shenzhou Greatwall),gov
9489,Korea Aerospace Research Institute,gov
9509,Department of Employment and Workplace Relations,gov
9546,Ministry of University Affairs,gov
9647,Seoul Metropolitan Government,gov
9650,QLD Government Business (IT),gov
9732,"Digital Policy Office, HKSARG",gov
9811,Development Research Centre of State Council (PRC),gov
9821,Department of Science and Technology,gov
9829,BSNL (Bharat Sanchar Nigam Ltd),gov
9835,Government Information Technology Services,gov
10063,Korea Meteorological Administration,gov
10187,Korea Information Society Developement Institute,gov
10412,CIA. DE TECNOL. DA INFOR. E COMUNICAÇÃO DO PARANÁ,gov
10442,U.S. Department of Education,gov
10616,National Oceanic and Atmospheric Administration,gov
10670,COMPANHIA DE TECNOLOGIA DA INFORMAÇÃO ESTADO MG,gov
10897,Camara dos Deputados,gov
10921,Commonwealth of KentuckyDepartment of Information Systems,gov
10938,AGENCIA ESTADUAL DE TECNOLOGIA DA INFORMACAO - ATI,gov
10944,Association of Bay Area Governments,gov
10954,SERVICO FEDERAL DE PROCESSAMENTO DE DADOS - SERPRO,gov
11097,EMPRESA BRASILEIRA DE PESQUISA AGROPECUARIA,gov
11205,City of Philadelphia,gov
11361,"Boscovs Department Store, LLC",gov
11394,City of Richardson,gov
11577,Vermont Agency of Digital Services,gov
11663,State of Utah,gov
11687,City of Hope Medical Center,gov
11708,"City of North Kansas City, MO",gov
11802,Centro de Informatica e Automacao do Estado de SC,gov
11956,National Oceanic and Atmospheric Administration,gov
11974,US Department of State,gov
12051,City of Escondido,gov
12102,City of Portland,gov
12156,City of Aurora Colorado,gov
12191,City of Lebanon - Lebanon Utilities,gov
12253,Leon County Board of County Commisioners,gov
12303,Magyarorszagi Internet Szolgaltatok Tanacsa Tudomanyo...,gov
12376,Ministry of finance,gov
12443,Riga City Council Finance Department,gov
12509,Bank of Latvia,gov
12511,Die Schweizerische Post AG,gov
12564,Council of Ministers,gov
12782,Uppsala Läns Landsting,gov
13011,RA Monitorul Oficial,gov
13029,Autonomous institution Center of Information Technolo...,gov
13223,Council Of Europe,gov
13325,Michigan State Government,gov
13456,City of Spokane,gov
13470,NAVAJO COUNTY,gov
13506,United States Department of the Treasury,gov
13543,City of Cookeville,gov
13611,U.S. Center For Disease Control and Prevention,gov
13685,Rochester City School District,gov
13781,Hopkinsville Electric System,gov
13788,US Courts,gov
13855,The Municipal Communications Utility of the City of C...,gov
13918,City of Tucson,gov
13972,"Wadsworth Center, NYS Department of Health",gov
14072,Government of the District of Columbia,gov
14223,New York State Department of Health,gov
14242,City of Chandler,gov
14263,South Dakota State Government,gov
14303,City of Memphis,gov
14308,City of Longmont,gov
14488,City of Williamstown,gov
14677,City of Tacoma,gov
14734,Northeast Ohio Network for Educational Technology,gov
14736,City of Kansas City Missouri,gov
14827,Washington State Department of Transportation,gov
14877,"FirstLight Networks, LLC",gov
14977,State of Wyoming Department A&I,gov
14983,Law School Admission Council,gov
15029,U.S. Department of Health & Human Services,gov
15130,U. S. Department of Justice,gov
15147,DEPARTMENT OF HOMELAND SECURITY,gov
15196,Maryland Department of Transportation,gov
15205,Nassau County Police Department,gov
15304,Washoe County,gov
15383,Paradigm,gov
15386,IPbnb LLC,gov
15419,SC Lithuanian Radio and TV Center,gov
15770,Durham County Council,gov
15806,Irish Government,gov
16060,Kuwait Ministry of Finance,gov
16426,City of Columbus,gov
16502,City of Phoenix,gov
16569,City of Calgary,gov
16697,"City of Columbia, MO",gov
16700,CNSNext,gov
16701,AGENCIA DE RECAUDACIÓN Y CONTROL ADUANERO (ARCA),gov
16741,City Of Lakeland,gov
16796,MERLIN,gov
16986,City of Santa Monica,gov
17120,New Brunswick Department of Education and Early Child...,gov
17147,Ministerio del Interior y de Seguridad Publica - Gobi...,gov
17297,CITY OF CARROLLTON - TEXAS,gov
17365,City of Fresno,gov
17485,"Trade and Industry Department, the Government of the ...",gov
17494,Bangladesh Telegraph & Telephone Board,gov
17574,Seoul Metropolitan Government Computer Center,gov
17595,Korea Institute of Nuclear Safety,gov
17793,Leisure and Cultural Services Department,gov
18043,"Department of Education, Hsinchu City",gov
18055,Department of Human Services,gov
18125,"Tsukuba Business-Academia Cooperation Support Center, AS18127,Ibaraki Prefectural Government AS18181,National Health Research Institutes AS18183,National Center for Research on Earthquake Engineering AS18220,Australian Defence Organisation AS18242,Chengdu Information Harbor Co., Ltd",gov
18255,Brisbane City Council,gov
18431,Department of Foreign Affairs and Trade,gov
18440,"National Council on Compensation Insurance, Inc.",gov
18482,City of Raleigh,gov
18558,Riverside County Office of Education,gov
18614,Yakima County,gov
18760,City of Rancho Cucamonga,gov
18777,Texas State University,gov
18847,Randolph County Government of NC,gov
18889,City of Ruston,gov
18975,Stanislaus County Office of Education,gov
19014,NORCOM,gov
19050,U.S. Department of Health & Human Services,gov
19076,Weld County Government,gov
19179,City of El Paso,gov
19185,City of Mesa,gov
19307,Water Works & Sanitary Sewer Board of the City of Mon...,gov
19323,Holyoke Gas & Electric Department,gov
19329,Martin County Board of County Commissioners,gov
19348,City of Brentwood,gov
19399,Region stockholm,gov
19426,Harris County ESD 11 Mobile Healthcare,gov
19534,Lee County Tax Collector,gov
19589,City Of Leesburg,gov
19713,State of New Hampshire,gov
19722,Niagara Frontier Transportation Authority,gov
19723,CIA. DE TECNOL. DA INFOR. E COMUNICAÇÃO DO PARANÁ,gov
19725,City Of Houston - Public Works,gov
19779,St. George Fire Department,gov
19827,City of Carson City,gov
19902,Department of Administrative Services,gov
19904,City of Longview,gov
20009,The City of Wadsworth,gov
20047,"City of Virginia Beach, Virginia",gov
20091,"City of Martinsville, VA",gov
20097,City of Tulsa,gov
20116,CAIXA ECONOMICA FEDERAL,gov
20336,New York State Department of Transportation,gov
20372,Office of Management and Budget,gov
20548,Parliament of Latvia,gov
20661,State Company of Electro Communications Turkmentelecom,gov
20702,JSC Russian Railways,gov
20820,JUDETUL DAMBOVITA,gov
20905,Banco de Espana,gov
20929,Ministerul Finanțelor Publice,gov
20950,"Regional Informational Computer Center, Rovnen region...",gov
21002,Ministry of Finance of Saudi Arabia,gov
21096,The State Cyber Protection Center of the State Servic...,gov
21325,Tiesu Namu Agentura SIA,gov
21449,Etat de Genève (Canton of Geneva),gov
21489,The North Atlantic Treaty Organization,gov
21564,Nova Scotia Provincial Government,gov
21589,City of San Jose,gov
21633,U.S. Department of the Interior,gov
21669,New Jersey State Library,gov
21694,Fresno County Office of Education,gov
21696,City of Murphy,gov
21843,City of Buffalo,gov
21852,"State Of Arkansas, Division of Information Systems",gov
22066,City of Eau Claire,gov
22073,City of Glendale,gov
22088,City of Edmonds,gov
22252,The City of New York,gov
22284,U.S. Department of the Interior,gov
22304,City of Marietta,gov
22422,Board of Elections in the City of New York,gov
22472,Florida Supreme Court,gov
22498,Pinellas County Government,gov
22515,DEPARTAMENTO DE POLICIA FEDERAL,gov
22617,"Superior Court of California, County of Sacramento",gov
22757,City of Akron,gov
22828,United States Food and Drug Administration,gov
23024,Orange County Department of Education,gov
23025,City of St. Louis,gov
23038,City of Hillsboro,gov
23067,"Orange County, Florida",gov
23074,PETROLEO BRASILEIRO S.A. - PETROBRAS,gov
23228,The County of El Paso,gov
23271,City of Watsonville,gov
23281,City of Sacramento,gov
23301,State of Wisconsin Investment Board,gov
23307,Nova Scotia Department of Education,gov
23363,City of Lewisville,gov
23457,City of Brampton,gov
23483,Shasta County Office of Education,gov
23544,City of Mission Viejo,gov
23596,Korea Internet Security Agency,gov
23744,Department of Home Affairs,gov
23799,National Defense Academy,gov
23889,Mauritius Telecom Ltd,gov
23917,Tuvalu Telecommunications Corporation,gov
24151,China Internet Network Infomation Center,gov
24313,NSW Department of Education,gov
24394,DEPARTMENT OF THE PREMIER AND CABINET,gov
24449,Electrical and Mechanical Services Department,gov
24595,Belastingdienst,gov
24675,Irish Government,gov
24845,"Landeshauptstadt Muenchen, it@M",gov
25094,Centre des technologies de linformation de lEtat,gov
25241,Information Centre of the Ministry of the Interior,gov
25278,Autoritatea pentru Digitalizarea Romaniei,gov
25354,Entidad Publica Empresarial Red.es,gov
25373,National Agency for Network and Electronic Services,gov
25377,Ministerie van Buitenlandse Zaken,gov
25444,Latvian National Armed Forces,gov
25461,Serviciul de Informatii Externe,gov
25554,Ministry of Finance of Bulgarian Government,gov
25628,Collier County Clerk of the Circuit Court,gov
25640,Hawaii Department of Education,gov
25664,Solano County Office of Education,gov
25729,City of Irving,gov
25807,Arlington County Government,gov
25808,Town of Concord MA,gov
25832,Cia. de Processamento de Dados do Estado da Bahia,gov
25876,Los Angeles Department of Water & Power,gov
25925,City of Lethbridge,gov
25979,CITY OF MADISON,gov
25992,Las Vegas Metropolitan Police Department,gov
25996,FBI Criminal Justice Information Services,gov
26025,City of Calgary,gov
26059,City of Pittsburgh,gov
26064,City of Kings Mountain,gov
26100,National Oceanic and Atmospheric Administration,gov
26218,EMP. DE TEC. E INF. DA PREVIDENCIA - DATAPREV,gov
26229,U.S. Securities & Exchange Commission,gov
26263,City of Las Vegas,gov
26402,City of Santa Barbara,gov
26439,City of Albuquerque,gov
26515,City of Fort Myers,gov
26565,City of Medford,gov
26765,Bountiful City,gov
26810,U.S. Dept. of Health and Human Services,gov
26814,City of Birmingham,gov
26903,"City of Salisbury, North Carolina",gov
26923,Ohio Public Library Information Network (OPLIN),gov
27033,United States Department of Defense (DoD),gov
27064,Defense Information Systems Agency (DISA),gov
27065,United States Department of Defense (DoD),gov
27066,United States Department of Defense (DoD),gov
27139,United States Department of Defense (DoD),gov
27142,United States Department of Defense (DoD),gov
27201,CITY OF LYNCHBURG,gov
27202,"City of Bardstown, Kentucky",gov
27206,City of Sugar Land,gov
27273,District Council 37,gov
27370,City of Boston,gov
27412,American Council on Education,gov
27673,Instituto Nacional de Estadistica Geografia e Info,gov
28197,EMPRESA DE TECNOLOGIA DA INFORMACAO DO CEARA-ETICE,gov
28222,INSTITUTO NACIONAL DE PESQUISAS ESPACIAIS,gov
28261,EMPRESA SERGIPANA DE TECNOLOGIA DA INFORMAÇÃO,gov
28291,MINISTERIO DA SAUDE,gov
28371,Gobierno del Estado de Guanajuato,gov
28513,UNINET,gov
28563,Instituto Nacional de Salud Pública,gov
28602,CENTRO DE PROC. DE DADOS DO ESTADO DE MATO GROSSO,gov
28616,Emp. de Informatica e Informaçao do Mun. BH/SA,gov
28629,SENADO FEDERAL,gov
28637,Cia Proc. de Dados do Estado de S Paulo - Prodesp,gov
28682,Posta Slovenije d.o.o.,gov
28727,Autoritatea Nationala pentru Administrare si Reglemen...,gov
28810,World Health Organization (WHO),gov
29093,Fingrid Oyj,gov
29263,Gemeente Den Haag,gov
29325,JSC UKRAINIAN RAILWAYS,gov
29335,Office of the Verkhovna Rada of Ukraine,gov
29348,Menntamálastofnun (FS-net),gov
29466,State Revenue Service of Republic of Latvia,gov
29585,Ministry of foreign affairs,gov
29600,Latvenergo,gov
29626,Staffordshire County Council,gov
29901,"Mecklenburg County, NC",gov
29935,"City of Tampa, Florida",gov
29992,U.S. Department of Veterans Affairs,gov
30049,Metropolitan Transit Authority of Harris County,gov
30185,City of Rochester,gov
30243,The School District of the City of Saginaw,gov
30268,CITY OF CHASKA CHASKANET,gov
30412,CITY OF CORONA,gov
30415,Sarasota County Government,gov
30445,City of Radford,gov
30450,City of Lathrop,gov
30577,City of Bellevue IT Dept,gov
30754,Eduskunta,gov
31004,Schweizerische Bundesbahnen SBB,gov
31065,Ministry of Communications and Information Technology,gov
31215,"The Republic of Croatia, Ministry of Finance",gov
31236,Reykjavík City Hall,gov
31256,Warwickshire County Council,gov
31278,Administratia Nationala de Meteorologie RA,gov
31313,Serviciul de Telecomunicatii Speciale,gov
31324,Ministry of industry and trade of the Russian Federation,gov
31581,NISZ National Infocommunications Service Provider Pri...,gov
31753,Inmarsat Government,gov
31756,City of Colorado Springs,gov
31900,City of Thornton,gov
32146,City of Bozeman,gov
32193,"City of Ammon, Idaho",gov
32269,City of Idaho Falls,gov
32294,"City of Champaign, Illinois",gov
32324,CITY OF CERRITOS,gov
32365,City of Sandy,gov
32457,City of Houston,gov
32629,City of Charlotte,gov
32635,City of Clovis,gov
32711,Wake County Government,gov
32770,CITY OF PLEASANTON,gov
32815,Government of Yukon,gov
32843,CITY OF HAYWARD,gov
32982,U.S. Department of Energy,gov
33138,New York City Police Department,gov
33248,"City of Evanston, Illinois",gov
33343,"U.S. Department of Commerce, HQ and ITA",gov
33370,City of Riverside,gov
33515,City of Monroe,gov
33527,Metropolitan Government of Nashville and Davidson Cou...,gov
33594,Government of the Northwest Territories,gov
33638,CITY OF SCOTTSBURG,gov
33845,Swiss Federation represented by FOITT,gov
33967,Lancashire County Council,gov
34073,Ministry of Education and Science Republic of Latvia,gov
34123,Netorn LLC,gov
34478,TUBITAK Ulusal Elektronik ve Kriptoloji Arastirrma En...,gov
34592,Iranian Presidential Administration,gov
34663,Belastingdienst,gov
34670,Skatteforvaltningen,gov
34808,Societatea Romana de Radiodifuziune,gov
35175,Oulun kaupunki,gov
35264,Gobierno de Cantabria,gov
35302,AS Latvenergo,gov
35338,Ministry of Interior,gov
35373,Latvijas Pasts,gov
35503,Ministry of Education Youth and Science,gov
35542,SSC Space AB,gov
35704,ITZBund,gov
35709,Ministerie van Justitie en Veiligheid,gov
35789,Gribskov Kommune,gov
35956,Snohomish County Government,gov
35960,City of Beverly Hills,gov
36045,City of Kansas City Missouri,gov
36069,"City of Chanute, Kansas",gov
36081,The Governors Office of Information Technology,gov
36223,Spanish Fork City,gov
36340,City of Toledo,gov
36358,City of Des Moines,gov
36479,Saskatchewan Government Insurance,gov
36542,Gwinnett County Government,gov
36548,"City of Jacksonville, Florida",gov
36555,City Of Vernon,gov
36612,Clark County WA,gov
36739,Collier County Government,gov
36750,City of Mississauga,gov
36809,City of Coral Gables,gov
36885,Ministry of Communications and Information Technology,gov
37016,Ethekwini Municipality,gov
37051,Government of Botswana,gov
37066,Ministry of Foreign Affairs,gov
37130,SITA Pty LTD,gov
37219,Information and Communications Technology Authority,gov
37258,Defence Intelligence Agency,gov
37313,Ghana Government (Ministry of Communications),gov
37385,Societe Nigerienne des Telecommunications (SONITEL),gov
37434,ERR_AS_NAME_NOT_FOUND,gov
37466,ERR_AS_NAME_NOT_FOUND,gov
37654,Rwanda Ministry of Education,gov
37677,Societe Congolaise des Postes et Telecommunications (SCPT),gov
37978,Networking Tasmania,gov
38027,"Information Center, Ministry of Sci and Tech",gov
38157,Tentara Nasional Indonesia Angkatan Udara (TNI-AU),gov
38236,Gosford City Council,gov
38293,Ministry of Foreign Affairs,gov
38296,National Science and Technology Development Agency,gov
38328,Ministry of Finance,gov
38414,Gyeonggi siheung office of education,gov
38450,Ministry of Infomation Communication Technology,gov
38470,Department of Home Affairs,gov
38526,Diskominfotik Yogyakarta,gov
38574,"LCSD, HKSARG",gov
38603,"LCSD, HKSARG",gov
38764,Markas Besar Kepolisian Negara Republik Indonesia,gov
38863,GOLD COAST CITY COUNCIL,gov
38886,"The Government Lottery Office, Thailand",gov
38915,Solido Gemeenschappelijk Regeling,gov
39098,Bank Of Finland,gov
39154,Business-Finance LLC,gov
39279,Information Technology and Cyber Security Service,gov
39353,Gobierno del Principado de Asturias,gov
39658,Statistics Sweden,gov
39662,Finnish Transport and Communications Agency,gov
39675,Altum Development Finance Institution,gov
39804,Vlaamse Dienst voor Arbeidsbemiddelling en Beroepsopleiding,gov
39949,City Of Vancouver,gov
39961,San Francisco Department of Telecommunications and In...,gov
39990,Boulder County Government,gov
40042,Suffolk County Government,gov
40109,Forsyth County Board of Education,gov
40116,New York State Department of Financial Services,gov
40148,PRINCE GEORGES INTERGOVERNMENTAL NETWORK COMMUNITY CO...,gov
40158,Department of Homeland Security,gov
40249,The Government of Saint Kitts and Nevis,gov
40267,Passaic County Technical Institute,gov
40382,Hennepin County,gov
40411,City of Concord,gov
40468,"Montgomery County Government, Maryland",gov
40553,Cuyahoga County Information Services center,gov
40623,Office of Oceanic and Atmospheric Research - Geophysi...,gov
40648,Lee County BoCC,gov
40651,"Monster Government Solutions, LLC",gov
40749,CLARKSVILLE DEPARTMENT OF ELECTRICITY,gov
40839,KOHLS DEPARTMENT STORES,gov
41289,Deutscher Wetterdienst,gov
41306,Toender Kommune,gov
41312,CAPITAL CITY OF WARSAW,gov
41336,Financijska agencija,gov
41376,Jurmala City Council,gov
41394,Ministry of Health,gov
41424,Latvian Railways,gov
41502,Secretariat of the Cabinet of Ministers of Ukraine,gov
41530,Agentia Nationala de Cadastru si Publicitate Imobiliara,gov
41548,Medway Council,gov
41636,Ministry of Finance of the Russian Federation,gov
41716,Ministry of foreign affairs of Republic of Slovenia,gov
41739,Ministry of Education,gov
41888,State Institution Service Center for the Departments...,gov
42056,Ministry for Economic Development of the Russian Federation,gov
42142,Agentia Nationala pentru Protectia Mediului,gov
42165,European Commission - Directorate General - Joint Res...,gov
42211,Ministerio de Defensa,gov
42848,European Commission,gov
42894,Ministerie van Verkeer en Waterstaat/Rijkswaterstaat,gov
43011,GUIT Omskoy oblasti,gov
43028,Ventspils Digital Centre,gov
43104,SJSC RIGA International Airport,gov
43188,Agricultural Data Center Republic of Latvia,gov
43193,Bayerisches Landesamt fuer Steuern,gov
43344,State Enterprise Ukrvaktsina Ministry of Health of Ukraine,gov
43378,Ministry of Commerce and Industry in Saudi Arabia,gov
43381,Israel Ministry Of Defence,gov
43475,Science Technology Facilities Council,gov
43558,Traficom .FI Anycast,gov
43797,The Federal Guard Service of the Russian Federation,gov
43806,Region Sjælland,gov
43838,City of Bradford Metropolitan District,gov
43922,City of Malmö,gov
44110,Walsall Metropolitan Borough Council,gov
44328,Region Syddanmark,gov
44403,Bristol City Council,gov
44442,The Borough of Telford and Wrekin Council,gov
44560,FKU GTsSIZI Ministry of Internal Affairs of Russia,gov
44689,Ministry of Education,gov
44698,Chancery of the President of Latvia,gov
44998,GOBIERNO DE CANARIAS,gov
45316,Diskominfo Kota Bogor,gov
45353,NITC: IT Agency of Government of Nepal,gov
45442,"Department of Parliamentary Services, AS45533,Comptroller Generals Department AS45588,Bangladesh Telecommunications Company Limited (BTCL),...",gov
45703,Badan Koordinasi Penanaman Modal (BKPM),gov
45712,Departemen Luar Negeri Republik Indonesia,gov
45732,Pusat Sistem Informasi dan Teknologi Keuangan ( Pusintek ),gov
45793,Newcastle City Council,gov
45808,Bandar Seri Iskandar,gov
46017,Badan Koordinasi Survei dan Pemetaan Nasional (BAKOSU...,gov
46093,Palm Beach County,gov
46153,Louisville Jefferson County Metro Government,gov
46169,City of Georgetown,gov
46376,City of Orlando - Information Systems,gov
46439,CITY OF LEXINGTON,gov
46491,Metropolitan Educational Council,gov
46520,California Department of Justice,gov
46522,"City of Henderson, Nevada",gov
46565,City of Columbia,gov
46631,City of Wheaton,gov
46637,City of Rock Falls,gov
46674,City of Grand Rapids,gov
46692,City of Windom,gov
46788,Milwaukee County Government,gov
46792,Paragould Municipal Utilities,gov
46846,U.S. Department of Energy,gov
46879,North Central Texas Council of Governments,gov
46880,City of Irvine,gov
46963,City of Winston-Salem,gov
46966,City of Grand Island,gov
47031,City of Charlottesville,gov
47032,City of Miami,gov
47519,Kuwait Ministry of Defense,gov
47672,CENTRUM ZASOBOW CYBERPRZESTRZENI SIL ZBROJNYCH,gov
47736,"IT and Development Center of Ministry of Interior, Estonia",gov
47797,Essex County Council,gov
47922,Latvian Geospatial Information Agency,gov
47944,Chambre des Deputes Luxembourg,gov
48037,SSC-ICT Haaglanden,gov
48109,Information and eGovernment Authority,gov
48184,Tax Committee under the Government of the Republic of...,gov
48247,Government of Kaliningrad region,gov
48298,MINISTERSTVO VNITRA CR,gov
48703,CAISSE NATIONALE DE LASSURANCE MALADIE,gov
48751,United Nations Logistics Base,gov
48843,MUNICIPIUL BUCURESTI,gov
48928,U.M. 0296 BUCURESTI,gov
49010,Herning Kommune,gov
49016,JSC Georgian State Electrosystem,gov
49049,Bath North East Somerset Council,gov
49077,UM 02499 BUCURESTI,gov
49234,Bundesministerium des Innern und fuer Heimat,gov
49324,Nottingham City Council,gov
49369,Staff Governor and Government of the Orenburg region,gov
49437,Institutul National de Cercetare Dezvoltare pentru Fi...,gov
49507,Institutul National de Cercetare-Dezvoltare pentru Fi...,gov
49666,Telecommunication Infrastructure Company,gov
49728,Herefordshire Council,gov
49918,Institutul pentru Tehnologii Avansate,gov
49932,State Autonomous Institution of Khakass Republic Cent...,gov
49950,Ministry of Interior of Republic of Bulgaria,gov
50192,Autoritatea Electorala Permanenta,gov
50222,Federal Government Cultural Organization State Acade...,gov
50233,Department of Information Technology Services (DITS),gov
50252,Camera Deputatilor,gov
50256,State Enterprise Agriculture Information and Rural Bu...,gov
50270,Nasjonal kommunikasjonsmyndighet,gov
50290,Valtion tieto- ja viestintätekniikkakeskus Valtori,gov
50758,Airbus Defence and Space SAS,gov
50893,Ministry of Welfare Republic of Latvia,gov
50944,Institutul National al Patrimoniului,gov
51010,National Agency of Public Registry,gov
51051,Saratov Region Government Administration,gov
51098,Agentia Spatiala Romana,gov
51172,DOMREG,gov
51438,Boly Varos Onkormanyzat,gov
51455,Airbus Defence and Space SAS,gov
51482,Banedanmark,gov
51566,TURK PATENT ENSTITUSU,gov
51707,Medway Towns Council,gov
51882,Government of Kurgan area,gov
51912,Department of Digital Development and Communications ...,gov
51970,Unitatea Executiva pentru Finantarea Invatamantului S...,gov
52184,Main Center of Information and Computing Ministry of ...,gov
52293,Gobierno de Santa Fe,gov
52318,"Agencia de Sistemas de Informacion, Gobierno de la Ci...",gov
52608,ASSEMBLEIA LEGISLATIVA DE MINAS GERAIS,gov
52622,Tribunal Regional do Trabalho da 4 Regiao,gov
52628,Tribunal de Justiça do Estado do Pará,gov
52649,Tribunal de Justica do Estado do Rio Grande do Sul,gov
52740,PRODAP-Centro de Gestao da Tecnologia e Informacao,gov
52867,TRIBUNAL REGIONAL DO TRABALHO 12 REGIAO,gov
52890,Centro Integrado de Telemática do Exército,gov
52958,Empr.Tec.Inform.Comun. Mun.SP-PRODAM-SP S/A,gov
52997,PARANÁ TRIBUNAL DE JUSTIÇA,gov
53012,Secretaria Municipal de Planejamento,gov
53016,PRODEPA - Emp Tec da Inf e Com do Estado do Pará,gov
53116,Informática de Municípios Associados S/A - IMA,gov
53159,SUPREMO TRIBUNAL FEDERAL,gov
53188,CONS NAC DE DESENVOLVIMENTO CIENTIFICO E TECNOLOGI,gov
53203,Inst. de Tec. da Informação e Comunicação do ES.,gov
53204,Parque Ecológico São Carlos / PMSC,gov
53302,Baltimore County Government,gov
53442,City of Coquitlam,gov
53455,"Government of Newfoundland and Labrador, Office of th...",gov
53472,City of Kirkland Washington,gov
53500,Wisconsin Department of Justice,gov
53527,Los Angeles Sheriffs Department,gov
53789,City of Lebanon,gov
54050,Government Personnel Mutual Life Insurance Company,gov
54068,"City of Greenville, SC",gov
54099,City of Savannah,gov
54156,City of Huntsville,gov
54157,Orange County Government,gov
54179,Ventura County Office of Education,gov
54199,City of Frisco,gov
54222,City of Cedar Park,gov
54245,City of Durango,gov
54332,City of Boise,gov
54371,City of Roseville - Minnesota,gov
54385,City of Tolleson,gov
54469,City of Vacaville,gov
54474,City of Santa Cruz,gov
54549,"City of Vallejo, A municipal corporation",gov
54669,Larimer County Government,gov
54735,Peraton Labs Inc.,gov
54797,CITY OF AURORA,gov
54832,City of Carlsbad,gov
54883,"City of Richmond, Virginia",gov
54885,State of Idaho,gov
55046,"National Government Services, Inc.",gov
55063,City of Fairfax,gov
55131,United States Special Operations Command,gov
55135,High Performance Data Facility,gov
55178,City of Morganton,gov
55330,Afghan Telecom,gov
55433,Centre for Development of Advanced Computing,gov
55435,Whangarei District Council,gov
55446,CENTRE FOR DEVELOPMENT OF TELEMATICS,gov
55566,Inter University Centre for Astronomy and Astrophysics,gov
55580,Moreton Bay Regional Council - Pine Rivers Office,gov
55741,West Bengal Electronics Industry Development,gov
55870,Darwin City Council,gov
56051,Department of Water (WA),gov
56105,Department of Education and Training - Victoria,gov
56141,Danang ICT Infrastructure Development Center,gov
56236,Badan Narkotika Nasional,gov
56506,Main Department of Internal Affairs of the Samara region,gov
56519,Ministerul Apararii Nationale,gov
56557,Department of Digital Development of the Voronezh region,gov
56561,Central Bank of the Republic of Armenia,gov
56588,Information System Authority,gov
56670,West Sussex County Council,gov
56751,Ministry of Internal Affairs of Ukraine,gov
56855,Ministry of Internal Affairs,gov
56929,WANDSWORTH-BOROUGH-COUNCIL,gov
56974,State Revenue Committee of the Republic of Armenia,gov
56978,National Security and Defence Council of Ukraine Staff,gov
57058,Road Traffic Safety Directorate Republic of Latvia,gov
57124,Gemeente Maastricht,gov
57201,Estonian Defence Forces,gov
57352,Rossiya Segodnya,gov
57445,Administration of the President of Georgia,gov
57580,Federal State Budgetary Institution Research Center ...,gov
57602,Statens Jordbruksverk,gov
57637,Government of the Khabarovsk Krai,gov
57729,Kópavogsbær,gov
57736,Holstebro Kommune,gov
57956,Rīgas satiksme,gov
57965,International Committe of the Red Cross (ICRC),gov
57968,Ministry of Foreign Affairs,gov
58031,"Government Communication Agency, republic of Abkhazia",gov
58083,Gemeente Zaanstad,gov
58151,National Library of Turkey,gov
58185,Ministry of Justice of Georgia,gov
58282,Statens IT,gov
58469,Ministry of Communication & IT,gov
58476,Direktorat Jenderal Pajak,gov
58488,Pusdatin KKP,gov
58545,DUBBO REGIONAL COUNCIL,gov
58716,Penrith City Council,gov
58812,Information Technology Center,gov
59132,Bank Indonesia,gov
59142,Pemerintah Kota Batam,gov
59151,Diskominfo DIY,gov
59189,"Department of Information Technology & Communication,...",gov
59193,IIT Hyderabad,gov
59503,LEPL Digital Governance Agency,gov
59619,Blackpool Borough Council,gov
59715,Comune di San Benedetto del Tronto,gov
59801,Main Center of Information and Computing Ministry of ...,gov
60179,GBU RS(Y) YARMIAC,gov
60279,Gmina Miasta Elk,gov
60324,Latvijas Sabiedriskais medijs VSIA,gov
60562,Ministry Of Health and Medical Education,gov
60583,SOCIETATEA NATIONALA NUCLEARELECTRICA SA BUCURESTI SU...,gov
60903,Tyrnävän kunta,gov
60967,National system of payment cards Joint-stock Society,gov
60997,Stadt Koeln,gov
61014,JSC Kurganmashzavod,gov
61106,PS Cloud Services LLC,gov
61128,Odense Kommune,gov
61160,Biblioteca Apostolica Vaticana,gov
61352,Staatsbetrieb Saechsische Informatik Dienste,gov
61353,INSTITUTUL NATIONAL DE CERCETARE DEZVOLTARE PENTRU FI...,gov
61458,GOBIERNO AUTÓNOMO MUNICIPAL DE LA PAZ,gov
61569,Tribunal Regional Federal da 1a Regiao,gov
61572,CONTROLADORIA-GERAL DA UNIÃO,gov
61612,DEPARTAMENTO DE CIÊNCIA E TECNOLOGIA AEROESPACIAL,gov
61656,AGENCIA NACIONAL DE TELECOMUNICACOES - ANATEL,gov
61738,Sec. de Estado de Plan. e Orçamento do DF,gov
61779,Prefeitura do Municipio de Piracicaba,gov
61903,MUNICIPIO DE NOVO HAMBURGO,gov
61933,Prefeitura Municipal de Tangara da Serra,gov
62022,City of Espoo,gov
62090,Randers Kommune,gov
62186,Gjovik Kommune,gov
62220,State Regional Development Agency Republic of Latvia,gov
62260,AB LIETUVOS PASTAS,gov
62364,Plymouth City Council,gov
62507,"City of Hampton, Virginia",gov
62548,City of Norwich Department of Public Utilities,gov
62559,CITY OF PEORIA,gov
62648,City of Mont Belvieu,gov
62658,City of Wyandotte,gov
62798,"Point Broadband Fiber Holding, LLC",gov
62841,City of New Orleans,gov
62924,"City of Bryan, Texas",gov
63010,"City of LaGrange, Georgia",gov
63097,City of Poway,gov
63254,Department of Information Technology,gov
63316,City of Foster City,gov
63317,Greenville County,gov
63385,Gouvernement du Quebec (Government of Quebec),gov
63500,Lembaga Pengembangan Teknologi Informasi dan Komunikasi,gov
63770,Industrial Cyber Security Center of Excellence,gov
63932,Bangladesh Computer Council,gov
64026,Pemerintah Kabupaten Cirebon,gov
64261,City of Cartersville,gov
131150,"Education Bureau, Kaohsiung City Government, Taiwan",gov
131239,Auckland Council,gov
131268,Sunshine Coast Regional Council,gov
131279,Ryugyong-dong (DPRK),gov
131341,"Department of Information Technology, Government of Nepal",gov
131693,Kementerian Agama (KEMENAG),gov
131724,Diskominfo Jateng,gov
131765,Kemendagri RI,gov
131782,Kementerian Badan Usaha Milik Negara,gov
131784,Sumber Daya dan Perangkat Pos dan Informatika,gov
131785,Mahkamah Agung RI,gov
132027,Hastings District Council,gov
132043,Directorate Of IT Maharashtra,gov
132066,New Plymouth District Council,gov
132117,Ministry of Interior,gov
132205,YARRA CITY COUNCIL,gov
132219,Ministry of Maori Development (Te Puni Kokiri),gov
132228,Vanuatu Government,gov
132237,GOVERNMENT TECHNOLOGY AGENCY,gov
132293,GOVERNMENT TECHNOLOGY AGENCY,gov
132321,NORTHERN TERRITORY OF AUSTRALIA,gov
132469,Department of Primary Industries and Regional Development,gov
132599,Ministry of Posts and Telecommunication,gov
132616,Ipswich City Council,gov
132634,Direktorat e-Government,gov
132723,Tararua District Council,gov
132909,ACT Government InTACT Group,gov
133015,City of Stirling,gov
133037,KERALA STATE IT MISSION,gov
133102,Sydney Anglican Home Mission Society Council,gov
133345,KEMENKO POLHUKAM RI,gov
133383,Vanuatu Government,gov
133387,GOVERNMENT TECHNOLOGY AGENCY,gov
133826,Direktorat Jenderal Pendidikan Tinggi,gov
133839,Dinas Komunikasi dan Informatika Tangerang Kota,gov
134073,The Revenue Department,gov
134099,CASS - NZ Central Government,gov
134111,Commonwealth Scientific and Industrial Research Organ...,gov
134131,Whakatane District Council,gov
134164,NSW Government Telecommunications Authority,gov
134635,Diskominfo Kab. Banyuwangi,gov
134659,Diskominfo DKI Jakarta,gov
134690,Chulachomklao Royal Military academy member of UniNet,gov
134819,GOVT OF INDIA,gov
135008,GOVERNMENT TECHNOLOGY AGENCY,gov
135018,Manly Council,gov
135118,The Corporation of the City of Adelaide,gov
135457,Badan Siber dan Sandi Negara,gov
135471,PEMERINTAH KABUPATEN BOYOLALI,gov
135472,Diskominfo Kab. Sleman,gov
135473,BPJS Ketenagakerjaan,gov
135485,Pemerintah Kota Kediri,gov
135551,Malaysian Communication and Multimedia Commission,gov
135666,Government Data Center (DITT/MoIC),gov
135675,Queensland Local Government Superannuation Board,gov
135769,U R Rao Satellite Centre,gov
135835,Sardar Vallabhbhai Patel National Police Academy,gov
135860,New Delhi Municipal Council,gov
136035,Department of Tourism,gov
136060,Disinfolahtal,gov
136067,Diskominfo Kab. Bantul,gov
136085,Pemerintah Kabupaten Bojonegoro,gov
136087,Kementerian Ketenagakerjaan RI,gov
136094,Markas Besar TNI Angkatan Darat,gov
136154,Rockhampton City Council,gov
136291,Madhya Pradesh State Electronics Development Corporat...,gov
136601,GOVERNMENT TECHNOLOGY AGENCY,gov
136656,Jharkhand Agency For Promotion Of Information Technology,gov
136659,"Itec Department, Government Of Telangana",gov
136667,Space Applications Centre,gov
136701,National Highways Authority Of India,gov
136842,PEMERINTAH PROVINSI PAPUA,gov
136882,Diskominfotik Kota Cirebon,gov
136889,Diskominfo Kab. Sidoarjo,gov
136971,Wyndham City Council,gov
137287,DINAS KOMUNIKASI DAN INFORMATIKA KAB. BEKASI,gov
137291,Diskominfo Kab. Trenggalek,gov
137294,Pusat Hidrografi dan Oseanografi TNI Angkatan Laut,gov
137308,Diskominfo Kab. Klaten,gov
137318,Diskominfo Kab. Pati,gov
137340,Dinas Komunikasi dan Informatika Pemerintah Kota Depok,gov
137342,Diskominfo Tangerang Selatan,gov
137361,Diskominfo Kab. Malang,gov
137379,Diskominfo Kota Bekasi,gov
137381,Diskominfo Kab. Grobogan,gov
137540,Bangladesh Roads and Highways Department,gov
137590,Ua E Governance In Pmu,gov
137646,Department of Governance Reforms,gov
137671,"ITE&C DEPARTMENT, GOVERNMENT OF A.P.",gov
138050,Dinas Komunikasi Provins Jawa Barat,gov
138055,BADAN INTELIJEN NEGARA,gov
138059,PEMERINTAH KABUPATEN PURWOREJO,gov
138071,Pemerintah Provinsi Kalimantan Tengah,gov
138082,DINAS KOMINFO PASURUAN,gov
138086,Mahkamah Konstitusi RI,gov
138095,PEMERINTAH KABUPATEN NGAWI,gov
138097,Diskominfo Kep. Riau,gov
138114,Diskominfo Kab. Tangerang,gov
138127,Pemerintah Kabupaten Madiun,gov
138247,Liquid Propulsion Systems Centre,gov
138488,Moonee Valley City Council,gov
138727,Center For E-governance,gov
138806,Diskominfo Kab. Kulon Progo,gov
138835,Diskominfo Kab. Pacitan,gov
138851,Pemerintah Kota Payakumbuh,gov
138852,Dinas Komunikasi dan Informatika Kabupaten Badung,gov
138858,PEMERINTAH DAERAH KABUPATEN JAYAPURA,gov
139154,Big Data Center Of Shandong Province,gov
139237,Nepal Police,gov
139364,Pemerintah Kabupaten Gunungkidul,gov
139368,Diskominfo Prov. Kalimantan Selatan,gov
139439,PT Perusahaan Pengelola Aset,gov
139501,National Crime Records Bureau,gov
139614,BANGKO SENTRAL NG PILIPINAS,gov
139828,Ministry of Social Development,gov
139940,Dinas Komunikasi dan Informatika Kabupaten Sampang,gov
139943,Dinas Komunikasi dan Informatika Kabupaten Garut,gov
139948,Diskominfo Kota Banjarbaru,gov
139980,Diskominfo Kota Tasikmalaya,gov
139992,Diskominfo Kab. Cilacap,gov
140002,Kantor Kesehatan Pelabuhan Kelas II Semarang,gov
140023,Dinas Komunikasi dan Informatika Kota Madiun,gov
140110,Vikram Sarabhai Space Centre,gov
140170,Office Of The Registrar General India,gov
140424,Diskominfosantik Sulawesi,gov
141048,Diskominfo Kab. Kuningan,gov
141058,Pemerintah Kabupaten Soppeng,gov
141066,Diskominfo Kab. Samosir,gov
141288,National Institute Of Science Education And Research ...,gov
141295,Madhya Pradesh Agency For Promotion Of Information ...,gov
141478,Director National Institute Of Technology Calicut,gov
141501,National Informatics Centre Services Incorporated,gov
141583,BLDK Mahkamah Agung,gov
141644,Dinas Komunikasi dan Informatika Kabupaten Blora,gov
141659,Badan Nasional Penanggulangan Bencana,gov
142314,Diskominfosantik Kab. Buleleng,gov
142343,Diskominfo Kab. Rembang,gov
142384,Diskominfo Kab. Jember,gov
147136,Dinas Komunikasi dan Informasi Kabupaten Sragen,gov
147171,Badan Riset dan Inovasi Nasional,gov
149154,Department of Science and Technology of Lao Cai province,gov
149265,Isro Inertial Systems Unit,gov
149372,Institut Agama Islam Negeri Bukittinggi,gov
149375,Diskominfosantik Kab. Serang,gov
149384,Dinas Komunikasi dan Informatika Kabupaten Tabalong,gov
149402,Diskominfo Kab. Probolinggo,gov
149607,National Forensic Sciences University,gov
149676,Dinas Komunikasi dan Informatika Kabupaten Lumajang,gov
149699,RSUD Dr Moewardi,gov
149748,Dinas Komunikasi Dan Informatika Kab. Pamekasan,gov
149889,Diskominfo Kab. Soralangun,gov
149968,Diskominfo Kabupaten Humbang Hasundutan,gov
149974,Dinas Komunikasi dan Informatika Kabupaten Pemalang,gov
150188,Diskominfo Kab. Belitung,gov
150283,"Dinas Komunikasi Informatika, Statistik dan Persandia...",gov
150442,Bangladesh Fire Service and Civil Defense,gov
150925,Diskominfo Kab. Sumenep,gov
150943,Diskominfotiksan Kota Dumai,gov
151007,Diskominfo Kab. Muaro Jambi,gov
151561,PT ASABRI,gov
151645,Ministry of Justice,gov
152422,Dinas Komunikasi dan Informatika Kabupaten Lamongan,gov
152576,DEPARTMENT OF CONSUMER AFFAIRS,gov
152671,SPARCS,gov
153075,BPJS Kesehatan,gov
153213,DEPARTMENT OF IT AND COMMUNICATION,gov
154367,"Dinas Komunikasi dan Informatika, Statistik Dan Persa...",gov
196722,Schweizerische Nationalbank,gov
196778,Transport for London,gov
196821,AzInTelecom LLC,gov
196852,National Health Insurance Fund Republic of Lithuania,gov
196870,Freistaat Thueringen,gov
196902,Dudley Metropolitan Borough Council,gov
197016,Provincie Friesland,gov
197136,Ministry of Foreign Affairs,gov
197370,Nottinghamshire County Council,gov
197489,State Corporation Bank of Development WEB.RF,gov
197497,OFFICE OF THE PRIME-MINISTER OF THE REPUBLIC OF ARMEN...,gov
197553,Federal State Budgetary Institution State Research I...,gov
197668,Kirov Region Governor and Government Administration,gov
197829,Gobierno de Navarra,gov
197869,Luxembourg House of Cybersecurity,gov
197874,"Landeshauptstadt Muenchen, it@M",gov
197942,Forsakringskassan,gov
197973,Registers Iceland,gov
198033,Ministry of finance of Ukraine,gov
198142,Warrington Borough Council,gov
198435,DVZ Datenverarbeitungszentrum Mecklenburg-Vorpommern GmbH,gov
198472,Manchester City Council,gov
198530,Haderslev Kommune,gov
198531,Silkeborg Kommune,gov
198561,Legal Entity Under Public Law Financial Analytical Service,gov
198687,Provincie Noord-Holland,gov
198730,Ministerie van Financien,gov
198815,Ríkisútvarpið Ohf,gov
199131,City of York Council,gov
199148,Ministry of Health of Russian Federation,gov
199189,CHAMBER OF COMMERCE AND INDUSTRY OF ROMANIA,gov
199300,The State Agency of Medicines of Latvia,gov
199350,Ministerstvo financi,gov
199541,EUROCONTROL,gov
199583,Municipal Government Institution of Krasnodar city Mu...,gov
199663,Treasury Republic of Latvia,gov
199729,Ministry of Education,gov
199844,RARIK ohf.,gov
200145,Aarhus Kommune,gov
200189,Banca Nationala a Moldovei,gov
200364,Department of Press and Mass Media of Altay region,gov
200521,Ministerio de Transformacion Digital y de la Funcion ...,gov
200538,Rudersdal Kommune,gov
200568,LEPL Digital Governance Agency,gov
200630,Valtion tieto- ja viestintätekniikkakeskus Valtori,gov
200764,DEPARTEMENT DU GARD,gov
200777,Deutsche Welle Anstalt des Oeffentlichen Rechts,gov
201139,Alavuden Kaupunki,gov
201174,Tbilisi City Hall,gov
201547,National Library of Latvia,gov
201557,Valoo Oy,gov
201643,GBU SO Operator of Electronic Government,gov
201688,Bilgi Teknolojileri ve iletisim Kurumu,gov
201720,Fredensborg Kommune,gov
201762,Royal Borough of Kingston Council,gov
201859,Ministeries van de Vlaamse Gemeenschap,gov
201897,Freeport of Riga,gov
202024,TELECOMMUNICATIONS AND DIGITAL GOVERNMENT REGULATORY ...,gov
202123,Nationale Alarmzentrale NEOC,gov
202342,Federal State Budgetary Institution National Medical...,gov
202394,KP Irpinkomunikaciaservice Irpin City Council,gov
202407,Pohjois-Pohjanmaan Sairaanhoitopiirin kuntayhtyma,gov
202519,Welsh Government,gov
202553,Dienst Uitvoering Onderwijs,gov
202655,Ministry of Education (MOE),gov
202710,ABnet Sh.p.k,gov
202865,Dicastero per la Comunicazione,gov
202961,Alabuga Special Economic Zone,gov
203147,Ministry Of Interior - Kuwait,gov
203242,Gemeente Geldrop-Mierlo,gov
203310,Ministry of Internal Affairs,gov
203311,NATO Cooperative Cyber Defence Centre of Excellence,gov
203396,Ministerie van Economische Zaken,gov
203474,Gemeente De Fryske Marren,gov
203506,MINISTRY OF DEFENCE OF MONTENEGRO (MINISTARSTVO ODBRA...,gov
203581,Region Hovedstaden,gov
203609,Suomen Erillisverkot Oy,gov
203665,UK Ministry of Defence,gov
203673,Alesund Kommune,gov
203703,IT Baden-Württemberg (BITBW),gov
204182,Ministeries van de Vlaamse Gemeenschap,gov
204206,Digital Dubai Government Establishment,gov
204222,His Majestys Revenue and Customs,gov
204260,Registers of Scotland,gov
204341,Valtion tieto- ja viestintätekniikkakeskus Valtori,gov
204452,Vaestorekisterikeskus,gov
204486,Cheshire East Council,gov
204635,Dienst Wegverkeer,gov
204679,NAUKOWA I AKADEMICKA SIEC KOMPUTEROWA - PANSTWOWY INS...,gov
204806,Ministry of Interior - Telecommunication Department,gov
205033,Stadt Regensburg,gov
205250,Turun Kaupunki,gov
205346,Lennuliiklusteeninduse AS,gov
205370,Maritime Administration of Latvia,gov
205461,Pole emploi,gov
205471,Telephone Network of Ashgabat City CJSC,gov
205637,Gemeente Amsterdam,gov
205760,Syddjurs Kommune,gov
205861,Unitatea Militara 02630,gov
205989,relaxt Webdienstleistungsagentur GmbH,gov
206010,Rekstrarfélag Stjórnarráðsins,gov
206341,Stadt Dortmund,gov
206418,Gentofte Kommune,gov
206458,Het Vlaams Parlement,gov
206490,Southend-on-Sea City Council,gov
206600,Ministry of Foreign Affairs Republic of Latvia,gov
206629,Ministry of Justice,gov
206645,Ministry of Regional Development and Public Works,gov
206845,FSBI SCCS of A. N. Bakulev of The Ministry of Health,gov
206860,Oulunkaaren kuntayhtymä,gov
206879,Ministry of Electricity and Water,gov
206918,Department for Work and Pensions,gov
206977,STATE SERVICE OF SPECIAL COMMUNICATION AND INFORMATIO...,gov
207263,TUBITAK-BILGEM,gov
207275,Gemeente Gooise Meren,gov
207282,HUS Group,gov
207316,Danmarks Eksport- og Investeringsfond,gov
207894,Gemeente Sudwest-Fryslan,gov
208096,Serviciul de Telecomunicatii Speciale,gov
208153,Nationaal Cyber Security Centrum (NCSC-NL),gov
208237,Naestved Kommune,gov
208240,Gemeente Rotterdam,gov
208284,"Latvian Environment, Geology and Meteorology Centre",gov
208508,"Landeshauptstadt Dresden, EB IT Dienstleistungen Dresden",gov
208551,Aabenraa Kommune,gov
208605,Government of Magadan Region,gov
208654,Gemeente Gouda,gov
208740,Bundesministerium fuer europaeische und international...,gov
208820,DEPARTEMENT DE LA SEINE-SAINT-DENIS,gov
208973,Gemeente Haarlem,gov
209125,Kobenhavn Kommune,gov
209171,Turkiye Cumhuriyeti Icisleri Bakanligi,gov
209175,Kringvarp Foroya,gov
209374,The Central Bank of the Republic of Azerbaijan,gov
209457,Etela-Pohjanmaan Hyvinvointialue,gov
209511,STATE UNITARY ENTERPRISE OF THE CITY OF MOSCOW MOSGO...,gov
209676,Vmware International Unlimited Company,gov
209682,Finavia Oyj,gov
209721,Gemeente Schiedam,gov
210140,GAVLEBORGS LANS LANDSTING,gov
210213,Latvia State Radio and Television Centre (State ICT),gov
210229,Ministry of Environment and Water,gov
210591,Latvia State Radio and Televi (National Armed Forces),gov
210592,Fintraffic Tie Oy,gov
210822,OFICIUL DE STAT PENTRU INVENTII SI MARCI,gov
210872,NATO SUPPORT AND PROCUREMENT AGENCY,gov
211080,Ministry of Economy of Republic of Kosovo,gov
211319,breitbandmessung.de,gov
211452,Kanton Appenzell Ausserrhoden,gov
211589,Ríkisútvarpið Ohf,gov
211734,Vegagerðin,gov
211799,Taivalkosken kunta,gov
211875,Government of Jersey,gov
211929,Kuusamon kaupunki,gov
212106,Departementenes Digitaliseringsorganisasjon (DIO),gov
212151,Gemeente Den Helder,gov
212157,baten-lastendienst Logius,gov
212398,Ministry of Environmental Protection and Agriculture ...,gov
212428,Vejle Kommune,gov
212542,SE Diia,gov
212778,Gemeente Leeuwarden,gov
213009,Department of Information Technology of the Dnipro Ci...,gov
213065,Uitvoeringsinstituut werknemersverzekeringen,gov
213099,Gemeente Hilversum,gov
213158,Nittedal Kommune,gov
213206,Ministry of Internal Affairs (Kosovo),gov
213238,Bundesministerium des Innern und fuer Heimat,gov
213283,Bundesministerium des Innern und fuer Heimat,gov
213317,SIEA,gov
213417,Trabzon Buyuksehir Belediyesi,gov
213680,Ministry of Foreign Affairs,gov
214945,Ministerstvo zahranicnich veci Ceske Republiky,gov
214966,Wetterskip Fryslan,gov
215215,Bergen kommune,gov
215324,Latvijas Republikas Satversmes tiesa,gov
215608,Samgöngustofa,gov
215776,Kansaneläkelaitos,gov
262264,SECRETARIA DE GOBIERNO DE AMBIENTE Y DESARROLLO SUSTENTABLE,gov
262486,PRODAM Processamento de Dados Amazonas S.A,gov
262655,Tribunal Regional do Trabalho 5a Região,gov
262679,Governo do Estado de Mato Grosso do Sul,gov
262714,Empresa Municipal de Informatica s/a,gov
262882,Prefeitura Municipal de Bauru,gov
263023,INST DE TECN EM INF E INF DO EST DE AL,gov
263198,Instituto Nacional de Vitivinicultura,gov
263261,TRIBUNAL REGIONAL DO TRABALHO DA 3A REGIAO,gov
263406,Procuradoria Geral de Justiça de Minas Gerais,gov
263638,Prefeitura de Cuiabá,gov
263639,AMAZONAS TRIBUNAL DE JUSTICA,gov
263850,Tribunal Regional do Trabalho 17ª Região,gov
263857,Tribunal de Contas da União,gov
263876,SUPERIOR TRIBUNAL DE JUSTICA,gov
263953,Tribunal de Justiça de Santa Catarina,gov
264019,Tribunal de Justiça do Estado de Rondônia,gov
264080,MINISTERIO DE MINAS E ENERGIA,gov
264087,FUNDACAO PAULISTA DE TECNOLOGIA E EDUCACAO,gov
264102,Tribunal Regional do Trabalho 9ª Região,gov
264313,PROCURADORIA GERAL DE JUSTICA DE RORAIMA,gov
264338,Companhia de Processamento de Dados da Paraiba,gov
264423,Departamento de Trânsito do Estado do Pará,gov
264467,TRIBUNAL SUPERIOR DO TRABALHO,gov
264468,Conselho Nacional de Justiça,gov
264469,CONSELHO DA JUSTICA FEDERAL,gov
264476,Tribunal Regional do Trabalho 13a. Regiao,gov
264481,TRIBUNAL REGIONAL DO TRABALHO - 8A REGIAO,gov
264495,MUNICÍPIO DE BOA VISTA,gov
264694,EGOVERNMENT UNIT,gov
264808,Gobierno de Mendoza - Ministerio de Hacienda,gov
264916,BAHIA TRIBUNAL DE JUSTICA,gov
265020,FUNDACAO INST BRAS DE GEOGRAFIA E ESTATISTICA IBGE,gov
265049,MUNICIPIO DE FRANCA,gov
265064,Agência de Tecnologia da Informação do Piauí ATI,gov
265071,SECRETARIA DA FAZENDA DO ESTADO DO PIAUI,gov
265073,MUNICIPIO DE BARRA DO CHOCA,gov
265212,TRIBUNAL DE JUSTICA DO DISTRITO FEDERAL,gov
265375,Justica Federal de Primeiro Grau no RS,gov
265431,TRIBUNAL REGIONAL DO TRABALHO-14a.REGIÃO,gov
265450,Justica Federal de Primeiro Grau no Parana,gov
265589,Gobierno del Estado de Morelos,gov
265939,TRIBUNAL REGIONAL DO TRABALHO DA 16A. REGIAO,gov
265994,ESTADO DO MARANHAO - SEGOV,gov
266031,PRESIDÊNCIA DA REPÚBLICA,gov
266432,Tribunal Regional Federal da 4ª Região,gov
266495,MUNICIPIO DE ARIQUEMES,gov
267086,MUNICIPIO DE ESTANCIA,gov
267230,TRIBUNAL REGIONAL DO TRABALHO DA 22a REGIÃO,gov
267310,COMPANHIA NACIONAL DE ABASTECIMENTO,gov
267392,RIO GRANDE DO SUL PROCURADORIA GERAL DE JUSTICA,gov
267509,Tribunal Regional Federal,gov
267525,TRIBUNAL DE CONTAS DO ESTADO DO PARANA,gov
267534,TRIBUNAL REGIONAL DO TRABALHO - 23 REGIAO,gov
267626,Tribunal de Justica de Goias,gov
267932,CENTRAL INFORMATION TECHNOLOGY OFFICE (CITO),gov
268014,Tribunal de Justiça do Estado do Rio de Janeiro,gov
268178,TRIBUNAL DE JUSTIÇA DO ESTADO DE ALAGOAS,gov
268220,SECRETARIA EXECUTIVA DE FAZENDA,gov
268293,Tribunal Regional do Trabalho - 11ª Região,gov
268507,Prefeitura de Balneário Camboriú,gov
268639,Tribunal Regional do Trabalho da 15ª Região,gov
268758,Prefeitura Municipal de Sapiranga,gov
268889,JUSTICA FED DE PRIM INST SECAO JUD DO CEARA,gov
269045,JUSTICA FEDERAL NO RIO GRANDE DO NORTE,gov
269175,SECRETARIA MUNICIPAL DE PLANEJAMENTO ORCAMENTO E G,gov
269191,Prefeitura Municipal de Joinville,gov
269209,Tribunal Regional do Trabalho da 21ª Região,gov
269324,PREFEITURA MUNICIPAL DE MARÍLIA,gov
269346,Secretaria de Estado de Desenvolvimento e Inovacao,gov
269404,Departamento de Trânsito do Estado - DETRAN/RJ,gov
269498,Prefeitura Municipal de Lajeado,gov
269549,Ministério Público Estadual de Mato Grosso do Sul,gov
269607,SERGIPE MINISTERIO PUBLICO,gov
269613,Município de Ponta Grossa,gov
269801,MINISTERIO DE HACIENDA Y FINANZAS,gov
270308,MUNICIPIO DE MACAE,gov
270327,SECRETARIA MUNICIPAL DE GESTAO - SEMGE,gov
270328,Justiça Federal de 1º instância em Pernambuco,gov
270681,Tribunal de Justiça do Estado da Paraíba,gov
270710,Centro de Computação da Aeronáutica de Brasília,gov
271029,Estado de Roraima,gov
271145,Piauí Link LTDA,gov
271246,MINISTÉRIO PÚBLICO DO ESTADO DE SANTA CATARINA,gov
271467,RIO GRANDE DO SUL DEFENSORIA PUBLICA DO EST. DO RS,gov
272336,Secretaría de Relaciones Exteriores,gov
327795,e-Government Authority,gov
327861,Department of ICT Government of Seychelles,gov
327903,"Ministry of Information and Communications, Governmen...",gov
328316,Point dAtterissement Virtuel - Burkina Faso,gov
328665,Zambia Revenue Authority,gov
393228,City of Vineland Board of Education,gov
393281,City of Huntington Beach,gov
393308,City of Iowa City,gov
393313,"THE INSTITUTE FOR INTERGOVERNMENTAL RESEARCH, INC.",gov
393341,Spokane County,gov
393352,CITY OF LAREDO,gov
393535,Fort Bend County,gov
393555,"City of Baltimore, Mayors Office of Information Technology",gov
393638,City of Mesquite Texas,gov
393661,County of Nevada,gov
393759,"City of Austin, Texas",gov
393777,State of WA Secretary of State,gov
393799,City of Odessa,gov
393819,Lackawanna County Government,gov
393956,City of Richmond,gov
393993,City of Daytona Beach,gov
393998,Elk Grove Village Police Department,gov
394015,Mikmaw Kinamatnewey,gov
394020,Lexington-Fayette Urban County Government,gov
394165,"City of Greenville, NC",gov
394216,Pueblo County Government,gov
394238,GENERAL COUNCIL ON FINANCE AND ADMINISTRATION OF THE ...,gov
394240,City of Walnut Creek,gov
394286,City of Johnson City,gov
394366,City of Saskatoon,gov
394411,Department of Public Health,gov
394426,City of Maricopa,gov
394438,City of Prineville,gov
394465,Sussex County Government,gov
394534,City of Chicago,gov
394613,City of Griffin,gov
394633,Ascension Technologies,gov
394712,New York State Office of the State Comptroller,gov
394748,City of Fort Collins,gov
394755,City of Rock Hill SC,gov
394850,City of Cape Coral,gov
394942,City of Fontana,gov
394985,"City of Hudson, Ohio",gov
395005,City of Easton,gov
395134,City of Davis,gov
395272,City of Montreal,gov
395386,The City of Moncton,gov
395399,City of Montreal,gov
395411,"City of Smyrna, GA",gov
395474,"City of Plano, Texas",gov
395604,City of Cortez,gov
395614,City of Lansing,gov
395627,City of Montgomery,gov
395634,Douglas County Government,gov
395660,The City of Edmonton,gov
395708,City of Pearland,gov
395789,City of Indianapolis,gov
395872,City of Gastonia,gov
395877,"City of Tempe, Arizona",gov
395913,The Corporation of the City of Pickering,gov
396012,City of Scottsdale,gov
396072,Southern California Association of Governments,gov
396090,Seminole County Government,gov
396117,Orange County Fire Authority,gov
396155,City of Arlington,gov
396220,Public Utility District No. 1 of Snohomish County,gov
396262,Fresno County Sheriffs Office,gov
396320,Metropolitan Airports Commission,gov
396369,City of Lubbock,gov
396408,"City of Greensboro, NC",gov
396416,The Government of Saint Kitts and Nevis,gov
396484,City of Roseville,gov
396513,County of Fresno,gov
396890,City of Redmond Washington,gov
396943,City of Sunnyvale,gov
396972,Department of Homeland Security,gov
396973,Department of Homeland Security,gov
396978,Orange Water and Sewer Authority,gov
397070,City of Kamloops,gov
397142,City of Fort Collins,gov
397276,Ninth Judicial Circuit Court of Florida,gov
397371,Harris County Department of Education Public Facil,gov
397375,PROVINCIAL HEALTH SERVICES AUTHORITY,gov
397486,City of Commerce City,gov
397799,Seminole County Clerk of Courts and Comptroller,gov
397824,Alaska Permanent Fund Corporation,gov
397940,Frederick County Government,gov
398290,House of Commons,gov
398412,Weber County,gov
398440,CITY OF VISALIA,gov
398821,Government of Montserrat,gov
398905,Ville de Gatineau,gov
399436,Cortland County Health Department,gov
399437,Luzerne County,gov
399974,Fulton County Government,gov
400257,City of Rocklin,gov
400425,CITY OF NORTH RICHLAND HILLS,gov
400588,Ville de Longueuil,gov
401343,"County Of Dutchess, NY",gov
8,Rice University,large
9,Carnegie Mellon University,large
12,New York University,large
16,Lawrence Berkeley National Laboratory,large
17,Purdue University,large
20,University of Rochester,large
26,Cornell University,large
32,Stanford University,large
34,University of Delaware,large
46,"Rutgers, The State University",large
59,University of Wisconsin Madison,large
62,CyrusOne LLC,large
73,University of Washington,large
82,Attachmate Corp.,large
87,Indiana University,large
88,Princeton University,large
103,Northwestern University,large
109,"CISCO SYSTEMS, INC.",large
111,Boston University,large
137,Consortium GARR,large
156,Northeastern University,large
161,Texas Instruments Incorporated,large
194,University Corporation for Atmospheric Research,large
209,Lumen (ex. Qwest),large
210,Utah Education Network,large
217,University of Minnesota,large
225,University of Virginia,large
278,Universidad Nacional Autonoma de Mexico,large
376,Reseau dInformations Scientifiques du Quebec (RISQ Inc.),large
513,CERN,large
553,BelWü,large
577,Bell Canada,large
680,Deutsches Forschungsnetz (DFN),large
702,Verizon Business - EMEA,large
714,Apple Inc.,large
715,"WoodyNet, Inc.",large
760,Vienna University Computer Center,large
789,Renater,large
797,"AT&T Services, Inc.",large
802,York University,large
823,University of Western Ontario,large
852,TELUS Communications Inc.,large
979,NetLab Global,large
1103,SURF B.V.,large
1128,Technische Universiteit Delft,large
1133,University of Twente,large
1161,Technische Universiteit Eindhoven,large
1219,Oracle Corporation,large
1221,Telstra Limited,large
1241,Nova Telecommunications & Media Single Member S.A,large
1249,University of Massachusetts - AMHERST,large
1257,Tele2 Sverige AB,large
1312,Virginia Polytechnic Institute and State Univ.,large
1351,University of Vermont,large
1653,Vetenskapsrådet / SUNET,large
1741,CSC - Tieteen tietotekniikan keskus Oy,large
1742,Harvard University,large
1776,WU (Wirtschaftsuniversitaet Wien) - Vienna University...,large
1820,WNET TELECOM USA Corp.,large
1835,Forskningsnettet - Danish NREN,large
1853,ACONET,large
1888,Stichting Centrum voor Wiskunde en Informatica,large
1897,"NOS COMUNICACOES, S.A.",large
1916,RNP - Rede Nacional de Ensino e Pesquisa,large
1930,"Fundacao para a Ciencia e a Tecnologia, I.P.",large
2047,Hoffmann - La Roche Ltd.,large
2055,Louisiana State University,large
2108,Croatian Academic and Research Network,large
2165,HP Inc.,large
2200,Renater,large
2496,University of Kansas,large
2497,Internet Initiative Japan Inc.,large
2516,KDDI Corporation,large
2527,Sony Network Communications Inc.,large
2553,Florida State University,large
2571,DHL Information Services (Europe) s.r.o,large
2635,"Automattic, Inc",large
2639,ZOHO,large
2647,ORANGE BUSINESS COMMUNICATIONS TECHNOLOGY LIMITED,large
2715,Fundação Carlos Chagas Filho de Amparo a Pesquisa,large
2818,BBC,large
2834,Uppsala University,large
2843,Linköpings universitet,large
2846,Lund University,large
2852,CESNET z.s.p.o.,large
2856,British Telecommunications,large
3147,U.S. BANCORP,large
3209,Vodafone GmbH,large
3215,Orange S.A.,large
3236,SERVER.UA LLC,large
3243,MEO,large
3258,xTom Japan,large
3301,Telia Company AB,large
3303,Swisscom (Schweiz) AG,large
3313,BT Italia S.p.A.,large
3316,Internet Exchange MSK-IX JSC,large
3329,Vodafone Greece,large
3333,Reseaux IP Europeens Network Coordination Centre (RIPE NCC),large
3352,TELEFONICA DE ESPANA S.A.U.,large
3379,"Kaiser Foundation Health Plan, Inc.",large
3388,University of New Mexico,large
3389,Ford Motor Company,large
3449,Universidad Nacional de Buenos Aires,large
3456,Charter Communications Inc,large
3462,HiNet (Chunghwa Telecom),large
3481,State of Connecticut,large
3486,JPMorgan Chase & Co.,large
3561,Lumen (ex. Savvis),large
3573,Accenture LLP,large
3614,"Dell, Inc.",large
3685,State University of New York at Buffalo,large
3701,Link Oregon (University of Oregon),large
3724,State of Alaska,large
3778,Temple University,large
3786,LG DACOM Corporation,large
3842,"InMotion Hosting, Inc.",large
3920,PUSHPKT OU,large
4015,"CenturyLink Communications, LLC",large
4046,Federal Aviation Administration,large
4130,University of Pittsburgh,large
4134,China Telecom Backbone,large
4155,USDA,large
4181,TDS TELECOM,large
4385,Rochester Institute of Technology,large
4455,IX Reach Ltd,large
4515,PCCW IMS Ltd (PCCW Business Internet Access),large
4528,The University of Hong Kong,large
4538,China Education and Research Network Center,large
4583,West Publishing Corporation,large
4593,ABB Motors and Mechanical Inc.,large
4608,Asia Pacific Network Information Centre,large
4611,CNNIC member,large
4618,Internet Thailand Company Limited,large
4657,StarHub Ltd,large
4668,LG CNS,large
4685,"Asahi Net, Inc.",large
4694,IDC Frontier Inc.,large
4713,NTT Communications Corporation (OCN),large
4755,TATA Communications (formerly VSNL),large
4760,HKT Limited,large
4761,PT Indosat Tbk,large
4766,Korea Telecom,large
4792,NATE Communications Corporation,large
4804,Optus (Microplex PTY LTD),large
4808,China Unicom Beijing Province Network,large
4811,China Telecom Shanghai IDC Network,large
4812,China Telecom Shanghai Province Network,large
4822,National Library of Australia,large
4837,China Unicom Backbone,large
4847,China Telecom Beijing Province Network,large
5403,APA-IT Informations Technologie G.m.b.H,large
5404,conova communications GmbH,large
5432,Proximus NV,large
5483,Magyar Telekom Plc.,large
5517,CSL Computer Service Langenbach GmbH,large
5520,Universitaet zu Koeln,large
5539,SpaceNet AG,large
5607,Sky UK,large
5617,Orange Polska Spolka Akcyjna,large
5650,Verizon (fka. Frontier),large
5661,UNIVERSITY OF SOUTH FLORIDA,large
5723,Johns Hopkins University,large
6057,Administracion Nacional de Telecomunicaciones,large
6106,"University of California, Riverside",large
6134,XNNET LLC,large
6200,University of Illinois Chicago,large
6220,inContact Inc.,large
6253,The Prudential Insurance Company of America,large
6262,Commonwealth Scientific and Industrial,large
6325,Illinois Century Network,large
6352,E*TRADE Financial Corporation,large
6354,"Lycos, Inc.",large
6356,University of Florida,large
6360,University of Hawaii,large
6366,Portland State University,large
6389,"AT&T Enterprises, LLC",large
6429,Telmex Chile Internet S.A.,large
6510,Brigham Young University,large
6619,SamsungSDS Inc.,large
6629,National Oceanic and Atmospheric Administration,large
6646,"Aetna, Inc.",large
6698,Virtual Systems LLC,large
6724,Strato GmbH,large
6730,Sunrise GmbH,large
6758,Monaco Telecom S.A.,large
6799,Ote SA (Hellenic Telecommunications Organisation),large
6805,Telefonica Germany (o2),large
6810,Bezeq- THE ISRAEL TELECOMMUNICATION CORP. LTD.,large
6848,Telenet BV,large
6855,"Slovak Telekom, a.s.",large
6949,"Charles Schwab & Co., Inc.",large
7004,TELEFÓNICA CHILE S.A.,large
7040,Netminders Server Hosting,large
7046,Verizon Business,large
7162,Scala Data Centers / UNIVERSO ONLINE S/A,large
7276,University of Houston,large
7301,National Academy of Sciences,large
7303,Telecom Argentina S.A.,large
7359,"CenturyLink Communications, LLC",large
7506,"GMO Internet Group, Inc.",large
7552,Viettel Group,large
7575,Australian Academic and Research Network (AARNet),large
7625,Kakao Corp,large
7630,KASIKORNBANK PUBLIC COMPANY LIMITED,large
7684,SAKURA Internet Inc.,large
7726,FedEx Internet Technologies Corporation,large
7764,National Oceanic and Atmospheric Administration,large
7843,Charter Communications Inc,large
7896,The Board of Regents of the University of Nebraska,large
7922,"Comcast Cable Communications, LLC",large
7941,Internet Archive,large
7973,Mayo Foundation for Medical Education and Research,large
7979,"Servers.com, Inc.",large
8030,AT&T WorldNet,large
8068,Microsoft Corporation,large
8069,Microsoft Corporation,large
8070,Microsoft Corporation,large
8075,Microsoft Corporation,large
8076,Department of Housing and Urban Development,large
8151,UNINET,large
8193,Uzbektelekom Joint Stock Company,large
8220,COLT,large
8234,RAI RadioTelevisione Italiana SPA,large
8248,Computer Technology Institute and Press Diophantus,large
8255,Euro-Information-Europeenne de Traitement de lInform...,large
8267,Academic Computer Centre CYFRONET AGH,large
8291,The Federal Guard Service of the Russian Federation,large
8303,Westdeutscher Rundfunk Köln,large
8304,Ecritel SASU,large
8308,NAUKOWA I AKADEMICKA SIEC KOMPUTEROWA - PANSTWOWY INS...,large
8342,JSC RTComm.RU,large
8359,MTS PJSC,large
8374,Polkomtel Sp. z o.o.,large
8391,Knipp Medien und Kommunikation GmbH,large
8400,Telekom Srbija a.d.,large
8412,T-Mobile Austria GmbH,large
8426,Claranet Limited,large
8434,Telenor Sverige AB,large
8484,Novye oblachnye technologii LLC,large
8535,Agora TC Sp.z.o.o.,large
8551,Bezeq International Ltd.,large
8560,IONOS SE,large
8612,Tiscali Italia S.P.A.,large
8648,dogado GmbH,large
8660,Italiaonline S.p.A.,large
8674,Netnod AB,large
8692,Bundesrechenzentrum GmbH,large
8708,DIGI ROMANIA S.A.,large
8739,ICDSoft Ltd.,large
8763,DENIC eG,large
8767,M-net Telekommunikations GmbH,large
8839,SDV6TM SAS,large
8856,UkrNet Ltd.,large
8881,1&1 Versatel GmbH,large
8883,UBS AG,large
8891,Orange S.A.,large
8901,GKU Mosgortelecom,large
8972,Host Europe GmbH,large
8985,Join-stock company Internet ExchangeMSK-IX,large
8987,Amazon Gov Cloud,large
9002,RETN Limited,large
9063,VSE NET GmbH,large
9121,Turk Telekom,large
9123,JSC TIMEWEB,large
9145,EWE TEL GmbH,large
9158,Telenor A/S,large
9159,Credit Agricole SA,large
9198,JSC Kazakhtelecom,large
9286,KINX,large
9308,Abitcool(China) Inc.,large
9318,SK Broadband Co Ltd,large
9370,SAKURA Internet Inc.,large
9371,SAKURA Internet Inc.,large
9498,Bharti Airtel Ltd.,large
9597,KDDI Web Communications Inc.,large
9607,"BroadBand Tower, Inc.",large
9644,SK Telecom,large
9752,Flipkart Internet Pvt Ltd,large
9808,China Mobile Backbone,large
9891,CS LOXINFO Public Company Limited.,large
9924,"Taiwan Fixed Network, Telco and Network Service Provider.",large
9952,Hostway IDC,large
10010,TOKAI Communications Corporation,large
10029,SHYAM SPECTRA PVT LTD,large
10122,NETSTAR (SG) PTE. LTD.,large
10158,Kakao Corp,large
10361,"Bloomberg, LP",large
10411,Environmental Systems Research Institute,large
10668,"Lee Enterprises, Incorporated",large
10694,"Monster Worldwide, Inc.",large
10745,ARIN Operations,large
10753,"Level 3 Parent, LLC",large
10755,Dartmouth College,large
10794,"Bank of America, National Association",large
10846,Deere & Company,large
10879,Unitedhealthcare,large
10912,Unitas Global,large
10929,eStruxture Data Centers Inc.,large
10966,"Alaska Airlines, Inc.",large
10982,"TiVo, Inc.",large
10996,Concorde inc.,large
11019,"HAProxy Technologies, Inc.",large
11054,"LivePerson, Inc.",large
11078,Brown University,large
11105,Simon Fraser University,large
11106,"Wolfram Research, Inc.",large
11207,"Boston Globe Media Partners, LLC",large
11273,"Fiserv Solutions, LLC",large
11278,Nintendo Of America inc.,large
11279,George Mason University,large
11403,NYI,large
11406,CIGNA,large
11426,Charter Communications Inc,large
11432,Telium Telecomunicações Ltda,large
11442,North Carolina State University,large
11492,"CABLE ONE, INC.",large
11520,Allstate Insurance Company,large
11664,Techtel LMDS Comunicaciones Interactivas S.A.,large
11696,"Fusion, LLC",large
11719,Eaton Corporation,large
11740,Progressive Casualty Insurance Company,large
11745,University System of New Hampshire,large
11790,"Random House, Inc.",large
11807,Divertissements GameLoft Inc,large
11827,Washington State University,large
11840,Verisign Anycast US 0D,large
11855,Unitas Global,large
11872,Syracuse University,large
11985,Social Security Administration,large
12005,University of South Carolina,large
12059,Internet Light and Power Inc.,large
12079,Verizon Business,large
12145,Colorado State University,large
12148,Clemson University,large
12217,UNITED PARCEL SERVICE,large
12229,"SAS Institute, Inc.",large
12257,"Dell, Inc.",large
12301,Invitech ICT Services Kft.,large
12306,Plus.line AG,large
12312,ecotel communication ag,large
12322,Free SAS,large
12329,GLASFASER RUHR GmbH & Co. KG,large
12337,noris network AG,large
12353,Vodafone Portugal - Communicacoes Pessoais S.A.,large
12389,Rostelecom PJSC,large
12400,Partner Communications Ltd.,large
12479,Orange Espagne SA,large
12488,Krystal Hosting Ltd,large
12516,WEBORAMA SA,large
12525,INTERNET Ltd.,large
12601,Cegedim.Cloud SASU,large
12616,Citytelecom LLC,large
12637,Seeweb s.r.l.,large
12678,Badoo Trading Limited,large
12696,AXA Technology Services France GIE,large
12732,GutCon GmbH,large
12813,WorNet AG,large
12816,Leibniz-Rechenzentrum,large
12827,Wirtualna Polska Media S.A.,large
12876,Scaleway,large
12978,ANDROMEDA TV DIGITAL PLATFORM ISLETMECILIGI A.S.,large
13008,Entain Services Austria GmbH,large
13041,Consorci de Serveis Universitaris de Catalunya,large
13147,Net Info JSCo,large
13193,Keyyo SA,large
13237,euNetworks GmbH,large
13335,"Cloudflare, Inc.",large
13348,CIGNA,large
13371,Duke University,large
13445,Cisco Webex LLC,large
13462,"Institute of Electrical and Electronics Engineers, Inc",large
13489,EPM Telecomunicaciones S.A. E.S.P.,large
13490,"Buckeye Cablevision, Inc.",large
13535,"Ning Interactive, Inc.",large
13588,Paychex Inc.,large
13645,"BroadbandONE, LLC",large
13649,Flexential Colorado Corp.,large
13684,"Medtronic, Incorporated",large
13767,"DataBank Holdings, Ltd.",large
13768,Aptum Technologies,large
13796,University of Connecticut,large
13812,Fisher Scientific,large
14061,DigitalOcean LLC,large
14259,Gtd Internet S.A.,large
14298,Environmental Protection Agency,large
14299,"Automatic Data Processing, Inc.",large
14340,"Salesforce.com, Inc.",large
14618,"Amazon.com, Inc.",large
14627,"Vitalwerks Internet Solutions, LLC",large
14738,Digi-Key Corporation,large
14744,Unitas Global,large
14745,Unitas Global,large
14782,MailChimp,large
14907,Wikimedia Foundation Inc.,large
15113,Harman International Industries Inc.,large
15149,"Core Technology Services, Inc.",large
15169,Google LLC,large
15208,Servicio de Impuestos Internos,large
15224,Adobe Inc.,large
15318,McGill University,large
15348,Tucows.com Co.,large
15391,Sysclay Sp. z o. o.,large
15395,Rackspace Ltd.,large
15435,DELTA Fiber Nederland B.V.,large
15456,InterNetX GmbH,large
15549,National Information Technologies Joint-Stock Company,large
15557,SFR SA,large
15598,NorthC Deutschland GmbH,large
15632,JSC Alfa-Bank,large
15685,CASABLANCA INT a.s.,large
15830,"Equinix, Inc.",large
15897,Vodafone Telekomunikasyon A.S.,large
15967,Nazwa.pl Sp.z.o.o.,large
16075,TAZ Verlags- und Vertriebsgesellschaft mit beschraenk...,large
16107,Commerzbank Aktiengesellschaft,large
16125,UAB Cherry Servers,large
16138,Interia.pl Sp z.o.o.,large
16182,Erste Bank Polska S.A.,large
16276,OVH SAS,large
16326,SmalS vzw,large
16345,PJSC Vimpelcom,large
16347,ADISTA SAS,large
16462,University of Victoria,large
16509,"Amazon.com, Inc.",large
16552,Tiggee LLC,large
16625,"Akamai Technologies, Inc.",large
16637,MTN SA (Bayobab),large
16660,Capital One Financial Corporation,large
16686,"easyDNS Technologies, Inc.",large
16733,Gen Digital Inc.,large
16735,Algar Telecom,large
16751,Open Text Corporation,large
16839,"SERVICENOW, INC.",large
16848,NexG,large
16876,ICANN,large
16880,TREND MICRO INCORPORATED,large
16922,University of Oklahoma HSC,large
17035,NBCUniversal,large
17054,Expedient,large
17055,University of Utah,large
17506,ARTERIA Networks Corporation,large
17564,GITN Sdn. Bhd.,large
17623,China Unicom Guangdong Province Shenzhen Network,large
17676,SoftBank Corp.,large
17685,"SQUARE ENIX CO., LTD.",large
17716,National Taiwan University,large
17881,"Inet Hosting, Inc.",large
17961,"mitene internet co., ltd.",large
17983,Coles Supermarkets Australia Pty Ltd,large
18051,Pustekkom,large
18160,Kakao Corp,large
18229,CtrlS,large
18403,FPT Telecom Company,large
18465,"Workday, Inc.",large
18568,Bidtellect Inc.,large
18705,BlackBerry Limited,large
19189,Pulsepoint Inc,large
19224,"Quantum Services Group, LLC.",large
19250,"John Wiley & Sons, Inc.",large
19317,"Bluesky Social, PBC",large
19318,"Interserver, Inc",large
19373,Triara.com S.A. de C.V.,large
19437,SECURED SERVERS LLC,large
19551,Incapsula Inc,large
19557,CHANGEIP COM,large
19574,Corporation Service Company,large
19648,Corporation of the Presiding Bishop of the Church of ...,large
19679,"Dropbox, Inc.",large
19780,"Intermedia.net, Inc.",large
19871,"Network Solutions, LLC",large
19905,"Vercara, LLC",large
19994,Rackspace Hosting,large
20044,S/A ESTADO DE MINAS,large
20141,"Quality Technology Services, LLC",large
20258,"Analog Devices, Inc.",large
20473,"The Constant Company, LLC",large
20546,SOPRADO GmbH,large
20596,Future Publishing Ltd,large
20633,Johann Wolfgang Goethe-Universitat Frankfurt am Main,large
20675,BOURSORAMA S.A.,large
20705,HSBC Bank plc,large
20740,Messe Frankfurt GmbH,large
20746,Telecom Italia S.p.A.,large
20756,NAMESHIELD SAS,large
20764,CJSC RASCOM,large
20857,TransIP B.V. (team.blue NL),large
20860,IOMART CLOUD SERVICES LIMITED,large
20940,Akamai International B.V.,large
21051,ASTRUM LLC,large
21192,dpa Deutsche Presse Agentur GmbH,large
21245,MEDIANOVA INTERNET HIZMETLERI VE TICARET ANONIM SIRKETI,large
21276,Expert Solutions Georgia LLC,large
21341,Soroush Rasanheh Company Ltd,large
21777,"Massive Networks, Inc.",large
21785,"Red Hat, Inc.",large
21840,WiredISP Inc.,large
21859,Zenlayer Inc,large
22024,"Splunk, Inc.",large
22063,J. Paul Getty Trust,large
22244,Motorola Mobility LLC,large
22390,XEROX CORPORATION,large
22414,"Craigslist, Inc.",large
22427,GNET INC.,large
22548,Núcleo de Informação e Coordenação do Ponto BR - NIC.BR,large
22604,Disney Streaming Services,large
22611,"InMotion Hosting, Inc.",large
22612,"Namecheap, Inc.",large
22652,Videotron Ltee,large
22697,Roblox,large
22773,Cox Communications Inc.,large
22834,Boston College,large
22989,"Free Software Foundation, Inc.",large
23005,"SWITCH, LTD",large
23028,Team Cymru Inc.,large
23140,Universidad de Chile,large
23162,University of Kentucky,large
23237,McMaster University,large
23352,DEFT.COM,large
23393,NuCDN LLC,large
23576,NAVER Cloud Corp.,large
23616,"Hitachi Systems, Ltd.",large
23693,PT. Telekomunikasi Selular,large
23724,China Telecom Beijing IDC Network,large
23816,LY Corporation,large
23820,"Rakuten Group, Inc.",large
23910,China Next Generation Internet CERNET2,large
24211,PT Detik Ini Juga,large
24247,PacketFabric (Hong Kong) Limited,large
24282,KAGOYA JAPAN Inc.,large
24400,"Shanghai Mobile Communications Co.,Ltd.",large
24429,Alibaba Cloud,large
24436,University of Queensland,large
24462,Network Management Section,large
24482,SG.GS,large
24547,Hebei Mobile Communication Company Limited,large
24572,Yahoo Japan,large
24586,Intermax Group B.V.,large
24600,Orange S.A.,large
24611,Datacenter Luxembourg S.A.,large
24638,Rambler Internet Holding LLC,large
24641,FASTER CZ spol. s r.o.,large
24690,Szerencsejatek Zrt,large
24723,Atman Sp. z o.o.,large
24768,"AlmourolTec, Lda",large
24823,VTB Bank (Public Joint-Stock Company),large
24843,France Televisions SA,large
24913,Bank Saint Petersburg PJSC,large
24940,Hetzner Online GmbH,large
24955,JSC Ufanet,large
24961,WIIT AG (fka. myLoc Managed IT AG),large
24971,MasterDC s.r.o.,large
25106,Mobile TeleSystems JLLC,large
25159,PJSC MegaFon,large
25192,"CZ.NIC, z.s.p.o.",large
25248,RADIOKOMUNIKACE a.s.,large
25285,Boletin Oficial del Estado,large
25291,SysEleven GmbH,large
25394,MK Netzdienste Verwaltungs GmbH trading as MK Netzdie...,large
25506,Telewizja Polska S.A.,large
25532,LLC MASTERHOST,large
25697,UpCloud USA Inc,large
25751,"Conversant, Inc.",large
25773,RADWARE INC.,large
25829,Smithsonian Institution,large
26042,"FiberState, LLC",large
26046,Utah State University,large
26101,Yahoo Holdings Inc.,large
26210,AXS Bolivia S. A.,large
26342,"Deloitte Touche Tohmatsu Services, Inc.",large
26347,"New Dream Network, LLC",large
26380,MasterCard Technologies LLC,large
26496,"GoDaddy.com, LLC",large
26529,Hilton Worldwide Holdings Inc,large
26662,XEROX CORPORATION,large
26666,"Interserver, Inc",large
26762,"Conversant, LLC",large
26787,Northwestern Mutual Life Insurance Company,large
27011,XM Satellite Radio,large
27257,Webair Internet Development Company Inc.,large
27357,Rackspace Hosting,large
27365,"Cengage Learning, Inc.",large
27385,"QUALYS, Inc.",large
27589,MOJOHOST,large
27632,Tractor Supply Company,large
27647,"Weebly, Inc.",large
27715,Locaweb Serviços de Internet S/A,large
27790,Universidad Nacional de Cordoba,large
28089,BANCO CENTRAL DE VENEZUELA,large
28571,UNIVERSIDADE DE SAO PAULO,large
28573,Claro NXT Telecomunicacoes Ltda,large
28604,Globo Comunicação e Participaçoes SA,large
28753,Leaseweb Deutschland GmbH,large
28785,Asseco Cloud Sp. z o. o.,large
28812,PJSC Bashinformsvyaz,large
28839,United Nations Office at Vienna,large
28855,Octopuce s.a.r.l.,large
29003,"IP TELECOM, SERVICOS DE TELECOMUNICACOES S.A.",large
29066,velia.net Internetdienste GmbH,large
29097,Hostpoint AG,large
29169,GANDI SAS,large
29182,JSC IOT,large
29222,Infomaniak Network SA,large
29226,MasterTel,large
29278,Rackhost Zrt.,large
29298,SUSE Software Solutions Germany GmbH,large
29447,Iliad Italia S.p.A,large
29550,Team Blue Carrier Limited,large
29561,JSC Firma Center Vnedreniya Protek,large
29670,Individual Network Berlin (IN-Berlin) e.V.,large
29691,Nine Internet Solutions AG,large
29702,"Alaska Airlines, Inc.",large
29758,"Samba TV, Inc.",large
29789,"Reflected Networks, Inc.",large
29802,"HIVELOCITY, Inc.",large
29816,Southwest Airlines Co.,large
29873,"Newfold Digital, Inc.",large
29988,Rogers Communications Canada Inc.,large
29990,Xandr Inc.,large
30060,Verisign Anycast US 2J,large
30083,velia.net,large
30148,Sucuri,large
30193,Los Angeles Unified School District,large
30217,Desync Networks,large
30313,Internal Revenue Service,large
30320,"Kia America, Inc.",large
30383,General Motors LLC,large
30447,Internet Names For Business Inc.,large
30633,LeaseWeb USA / WDC-01,large
30641,STATE OF DELAWARE,large
30811,Optimizely AB,large
30860,Virtual Systems LLC,large
30931,IG Index Ltd.,large
30983,Moroccan Academic & Research WAN,large
31034,Aruba S.p.A.,large
31042,Serbia BroadBand-Srpske Kablovske mreze d.o.o.,large
31080,Wirtualna Polska Media S.A.,large
31083,Telepoint Ltd,large
31133,MegaFon PJSC,large
31151,PERFORMANCE HORIZON GROUP LIMITED,large
31174,AO RAIFFEISENBANK,large
31200,Novotelecom Ltd,large
31483,JSC ER-Telecom Holding,large
31621,Allegro sp. z o.o.,large
31715,CloudIP LLC,large
31727,Node4 Limited,large
31747,"BlackRock Financial Management, Inc.",large
31822,City University of New York,large
31898,Oracle Cloud,large
31937,Vision Service Plan,large
32181,GigeNET,large
32244,"Liquid Web, L.L.C",large
32338,Hostiserver Ltd,large
32354,Unwired,large
32368,mouser electronics,large
32472,RELX inc.,large
32475,Internap Holding LLC,large
32489,Amanah Tech Inc.,large
32577,The Kroger Co.,large
32934,"Facebook, Inc.",large
33070,Rackspace Hosting,large
33083,AxcelX Technologies LLC,large
33091,University of Calgary,large
33191,"Notion Labs, Inc.",large
33198,"Qualcomm, Inc.",large
33442,Zebra Technologies Corporation,large
33522,"cPanel, LLC.",large
33738,United States Holocaust Memorial Museum,large
33764,African Network Information Center - ( AfriNIC Ltd. ),large
33837,Fredrik Holmqvist,large
33905,Akamai International B.V.,large
34011,Host Europe GmbH,large
34086,T-Systems International GmbH,large
34156,DB Systel GmbH (German Railway),large
34177,Celeste SAS,large
34285,Sociedad Andaluza para el Desarrollo de las Telecomun...,large
34309,Link11 GmbH,large
34343,Eweka Internet Services B.V.,large
34624,Megaspace Internet Services GmbH,large
34655,JWE S.a r.l.,large
34762,Combell NV,large
34788,Neue Medien Muennich GmbH,large
34798,willhaben internet service GmbH & Co KG,large
34878,Karlsruhe Institute of Technology,large
34879,OOO Sovremennye setevye tekhnologii,large
34959,KVIKTEL LLC,large
34984,Superonline Iletisim Hizmetleri A.S.,large
34993,CYLLENE ITS SAS,large
35028,Unity Technologies ApS,large
35039,SAP SE,large
35179,Korbank S. A.,large
35237,Sberbank of Russia PJSC,large
35278,SPRINTHOST.RU LLC,large
35280,F5 Networks SARL,large
35285,Institute for Research in Fundamental Sciences,large
35293,E-CARD LTD.,large
35415,Webzilla B.V.,large
35673,JSC Kaspi Bank,large
35676,La Poste S.A.,large
35739,Bayerischer Rundfunk,large
35916,MULTACOM CORPORATION,large
36154,THE WESTERN UNION COMPANY,large
36323,Ezri Inc,large
36351,IBM Cloud,large
36459,"GitHub, Inc.",large
36646,Yahoo Holdings Inc.,large
36647,Yahoo Holdings Inc.,large
36692,"Cisco OpenDNS, LLC",large
36850,University of North Carolina at Chapel Hill,large
36947,Telecom Algeria,large
37061,Safaricom Limited,large
37936,Sina,large
37963,"Hangzhou Alibaba Advertising Co.,Ltd.",large
38099,Kakao Corp,large
38244,VNG Corporation,large
38283,CHINANET SiChuan Telecom Internet Data Center,large
38365,"Beijing Baidu Netcom Science and Technology Co., Ltd.",large
38532,Exabytes Network (Singapore) Pte. Ltd.,large
38631,LY Corporation,large
38700,SMILESERV,large
38731,Viettel - CHT Company Ltd,large
38952,"MAFRA, a.s.",large
39029,Redpill Linpro AS,large
39122,Blacknight Internet Solutions Limited,large
39134,EDINAYA SET LIMITED LIABILITY COMPANY,large
39218,Burda Digital Systems GmbH,large
39287,Materialism s.r.l.,large
39351,31173 Services AB,large
39392,SH.cz s.r.o.,large
39415,PJSC Moscow city telephone network,large
39551,Centre de Telecomunicacions i Tecnologies de la Infor...,large
39570,Loopia AB,large
39572,DataWeb Global Group B.V.,large
39605,Iguane Solutions SAS,large
39684,OOO Mango Telecom,large
39729,REGISTER S.P.A.,large
39731,Axis Communications AB,large
39787,TV 2 AS,large
39832,Opera Norway AS,large
39960,Barnes & Noble Inc.,large
40009,"BitGravity, Inc.",large
40026,DICKS SPORTING GOODS INC,large
40027,Netflix Streaming Services Inc.,large
40034,Confluence Networks Inc,large
40401,Backblaze Inc,large
40428,"Pandora Media, LLC",large
40444,"Constant Contact, Inc",large
40509,"Fly.io, Inc.",large
40675,"PROQUEST, LLC",large
40824,Webzilla Inc.,large
40913,"Quality Technology Services, LLC",large
40934,Fortinet Inc.,large
41064,Telefun SAS,large
41079,Cyber_Folks S.A.,large
41231,Canonical Group Limited,large
41417,TURKIYE JOKEY KULUBU DERNEGI AT YETISTIRICILIGI VE YA...,large
41468,INFOR IT SP. z o.o.,large
41615,JSC Russian Agricultural Bank,large
41628,Alter Way SAS,large
41653,Aqua Ray SAS,large
41690,Dailymotion S.A.,large
41706,PJSC NK Rosneft,large
41722,Miran Ltd.,large
41887,Prolocation B.V.,large
42044,CentralNic Ltd,large
42216,Yasar Sen trading as Alapli Teknoloji,large
42223,LLC MARS,large
42244,eServer s.r.o.,large
42371,MAGEX Solutions Kft.,large
42532,SIA VEESP,large
42567,MOJOHOST B.V.,large
42612,DinaHosting S.L.,large
42632,MnogoByte LLC,large
42649,Baffin Bay Networks AB,large
42652,inexio Informationstechnologie und Telekommunikation Gmbh,large
42656,Allegro sp. z o.o.,large
42708,Glesys AB,large
42807,CIZGI TELEKOMUNIKASYON ANONIM SIRKETI,large
43037,"Seznam.cz, a.s.",large
43066,Information und Technik Nordrhein-Westfalen,large
43081,World News PTE. LTD,large
43091,Efigence S.A.,large
43226,Data Storage Center JSC,large
43247,YooMoney NBCO LLC,large
43298,Storm Networks LLC,large
43311,CCM Benchmark Group SAS,large
43317,SIA VEESP,large
43350,NForce Entertainment B.V.,large
43354,ZDF Zweites Deutsches Fernsehen,large
43362,Hosting Ltd,large
43391,NETDIREKT BILISIM DANISMANLIK ILETISIM HIZMETLERI SAN...,large
43399,TBANK JSC,large
43513,Sia Nano IT,large
43541,VSHosting s.r.o.,large
43614,Economia a.s.,large
43727,JSC KVANT-TELEKOM,large
43740,Secure Telecommunication LLC,large
43896,EVO CLOUD LLC,large
44014,OOO NPO VMI,large
44051,Fornex Hosting S.L.,large
44066,firstcolo GmbH,large
44112,SpaceWeb Ltd,large
44128,Internet-Pro LLC,large
44239,proinity GmbH,large
44310,INTERNET TECHNOLOGIES LLC,large
44386,LLC Internet Solutions,large
44444,Forcepoint UK Limited,large
44521,Jagex Limited,large
44615,"PRO PLUS, d.o.o.",large
44704,Perekrestok-2000 LLC,large
44716,D-hosting die Rackspace & Connectivity GmbH,large
44788,Criteo Technology SAS,large
44865,STANDARD Verlagsgesellschaft m.b.H.,large
44925,1984 ehf,large
44932,Fannavaran-e Idea Pardaz-e Saba PJSC,large
44968,IPROM d.o.o,large
45061,"Shanghai Information Network Co.,Ltd.",large
45062,NetEase,large
45090,Tencent Cloud,large
45102,"Alibaba (US) Technology Co., Ltd.",large
45474,Nexusguard Pte. Ltd.,large
45530,Agoda Company Pte. Ltd.,large
45544,SUPERDATA-VN,large
45596,Centre For Railway Information Systems,large
45638,SYNERGY WHOLESALE PTY LTD,large
45644,IT-Networking Department,large
45708,Pemerintah Kota Surabaya,large
45894,FPT Online JSC,large
45899,VNPT Corp,large
45903,CMC Telecom Infrastructure Company,large
45974,NHNCLOUD,large
46015,Exa Bytes Network Sdn.Bhd.,large
46375,Sonic Telecom LLC,large
46469,GETRESPONSE,large
46475,"Limestone Networks, Inc.",large
46562,Performive LLC,large
46606,Unified Layer,large
46617,"WebMD, LLC",large
46636,NatCoWeb Corp.,large
46652,"DigitalOcean, LLC",large
46844,Sharktech,large
46928,Academy Sports + Outdoors,large
47381,Servergarden Kft.,large
47388,Dante International SA,large
47481,Lime HD LLC,large
47524,Turksat Uydu Haberlesme Kablo TV ve Isletme A.S.,large
47541,LLC VK,large
47544,IQ PL Sp. z o.o.,large
47577,Pravilnyy khosting Ltd,large
47583,Hostinger International Limited,large
47586,Dmitriy V. Kozmenko,large
47610,RWTH Aachen University,large
47724,Limited Liability Company HeadHunter,large
47764,LLC VK (Mail.ru),large
47768,UK Intis Telecom LTD,large
47846,SEDO GmbH,large
47917,RTV Slovenija,large
47948,24sata doo,large
47952,ICT BULUT BILISIM A.S.,large
47957,Worldline IGSA SA,large
48018,Fornex Hosting S.L.,large
48061,Limited Liability Company GPM Digital Technologies,large
48096,Enterprise Cloud Ltd.,large
48158,DigitalOne AG,large
48282,Hosting technology LTD,large
48287,JSC RU-CENTER,large
48324,webgo GmbH,large
48347,JSC Mediasoft ekspert,large
48399,Svyaz VSD LLC,large
48447,Sectigo Limited,large
48579,ELASTX AB,large
48635,CLDIN B.V.,large
48716,PS Internet Company LLP,large
48851,Radware Ltd,large
48854,team.blue Denmark (Zitcom),large
48894,Optimus IT d.o.o.,large
49002,JSC Russian Post,large
49063,Data Storage Center JSC,large
49127,Asimo Networks B.V.,large
49179,Tendence LLC,large
49186,Federal State Institution Research and Development In...,large
49372,w1n ltd,large
49434,FBW NETWORKS SAS,large
49453,Global Layer B.V.,large
49505,JSC Selectel,large
49675,SKB Kontur Production JSC,large
49699,SuperHosting.BG Ltd.,large
49981,WorldStream B.V.,large
50090,D ELEKTRONIK SANS OYUNLARI VE YAYINCILIK A.S.,large
50098,Melbikomas UAB,large
50198,SHOP APOTHEKE SERVICE GmbH,large
50214,QWARTA LLC,large
50245,Serverel Inc.,large
50313,TESLATEL LLC,large
50335,PANDA SECURITY S.L.,large
50340,Selectel - Moscow,large
50472,Chaos Computer Club e.V.,large
50482,JSC Kazakhtelecom,large
50613,Advania Ísland ehf (ThorDC),large
50638,Zaklad Ubezpieczen Spolecznych,large
50673,Serverius Holding B.V.,large
50881,"ESET, spol. s r.o.",large
51013,WebSupport s.r.o.,large
51115,HLL LLC,large
51154,pCloud AG,large
51219,K2 Integration JSC,large
51269,HEXATOM s.a.r.l.,large
51468,One.com A/S,large
51527,Hyundai AutoEver Europe GmbH,large
51577,Styria IT Solutions d.o.o.,large
51586,ServerZone s.r.o.,large
51713,WHG Hosting Services Ltd,large
51722,PIXOOF TEKNOLOJI ANONIM SIRKETI,large
51852,Private Layer INC,large
51859,Mainstream doo Beograd,large
51870,La Francaise des Jeux,large
51894,SIA Mikrotīkls / MikroTik,large
52007,LLC AdRiver,large
52016,JSC ADFACT,large
52030,Server Plan S.r.l.,large
52130,Livesport s.r.o.,large
52580,Azion Technologies Ltda.,large
53332,"C2Hosting, LLC",large
53334,"Total Uptime Technologies, LLC",large
53589,PlanetHoster,large
53667,FranTech Solutions,large
53736,Nutanix,large
53831,"Squarespace, Inc.",large
54004,Cablevision Lightpath LLC,large
54113,"Fastly, Inc.",large
54288,"SolidTools Technology, Inc.",large
54290,Hostwinds LLC.,large
54455,MadeIT inc.,large
54489,"CoreSpace, Inc.",large
54641,"InMotion Hosting, Inc.",large
54994,Meteverse Limited,large
55219,"Cisco Systems, Inc.",large
55293,"A2 Hosting, Inc.",large
55374,FUJITSU LIMITED,large
55470,Cyfuture India Pvt. Ltd.,large
55532,Squiz Pty Ltd,large
55705,"I World Tower, DLF CITY",large
55824,NKN Core Network,large
55836,Reliance Jio Infocomm Limited,large
55951,Lembaga Hasil Dalam Negeri Malaysia,large
55960,Amazon Web Services Beijing (Beijing Sinnet),large
55990,Huawei Cloud Service data center,large
55992,Beijing Qihu Technology Company Limited,large
56041,China Mobile Group Zhejiang Company,large
56046,China Mobile Jiangsu Province Network,large
56048,China Mobile Group Beijing Company,large
56201,"Zoho Corporation Pvt. Ltd, AS56581,GBU Centre of Information Technologies of Amur Region",large
56655,Gigahost AS,large
56694,LLC Smart Ape,large
56898,Private Host BV,large
57046,Resource Information Center of the Udmurt Republic,large
57073,LLC Wildberries,large
57363,CDNvideo LLC,large
57503,OOO Taxtelecom,large
57629,LLC IVI.RU,large
57724,DDOS-GUARD LTD,large
57788,Ringier Slovakia Media s.r.o.,large
57811,Redge Technologies sp. z o.o.,large
57910,"Soluciones Corporativas IP, SL",large
57918,ACOD JSC,large
58010,uvensys GmbH,large
58061,Scalaxy B.V.,large
58135,AO Kaluga Astral,large
58182,Wix.com Ltd.,large
58461,China Telecom Hangzhou IDC Network,large
58466,CHINANET Guangdong province network,large
58521,Garena Online Pte Ltd,large
58540,China Telecom Shandong Province Jinan IDC Network,large
58542,China Telecom Tianjin Province IDC Network,large
58593,Microsoft Azure China (Shanghai Blue Cloud),large
59019,"Beijing Kingsoft Cloud Internet Technology Co., Ltd",large
59188,IndianOil Corporation Limited,large
59238,"Innovative Extremist Co., Ltd.",large
59253,Leaseweb Singapore Pte. Ltd.,large
59507,terralink networks GmbH,large
59627,Docker LTD,large
59692,IQWeb FZ-LLC,large
59835,EFG Sweden AB,large
59939,WIBO Baltic UAB,large
60068,Datacamp Limited (CDN77 / DataPacket),large
60175,Wortmann AG,large
60229,Demonware Limited,large
60330,Belarusian Cloud Technologies LLC,large
60362,alwaysdata SARL,large
60404,The Infrastructure Group B.V.,large
60458,XNET CORE SL,large
60527,"Xsolla (USA), Inc",large
60580,PROFI.RU LLC,large
60664,x-ion GmbH,large
60684,Managing company Realty of Petersburg Ltd,large
60772,Sky Italia srl,large
60781,LeaseWeb Netherlands B.V.,large
60813,Banco de Sabadell SA,large
60885,Zengenti Ltd.,large
61157,PlusServer GmbH,large
61168,Planet Service SARL,large
61293,JSC 1C GROUP,large
61306,LLC LitRes,large
61317,Hivelocity LLC,large
61400,Start2 LLC,large
61866,INTELBRAS S.A. INDUSTRIA DE TELECOMUNICACAO ELETRO,large
61969,Team Internet AG,large
62041,Telegram Messenger - Europe,large
62371,Proton AG,large
62416,"SAMPLING LINE-SERVICOS E INTERNET, LDA",large
62712,State of Hawaii,large
62744,Quintex Alliance Consulting,large
62804,"PhotoShelter, Inc.",large
62856,"Docusign, Inc",large
63023,GTHost,large
63139,BEDGE CO LIMITED,large
63210,FC2 Inc,large
63362,Smule Inc.,large
63410,PrivateSystems Networks,large
63648,"Beijing Xiaoju Science and Technology Co., Ltd.",large
63826,"Ministry of Planning, Planning Commission Chatter",large
63835,China Telecom Changsha IDC Network,large
63949,Akamai (Linode),large
64258,GROUPE TECHNOLOGIES DESJARDINS INC.,large
131144,ASUSTek COMPUTER INC.,large
131363,Department of Information Technology - General Depart...,large
131392,GMO-Z.com Runsystem Joint Stock Company,large
131429,MOBIFONE Corporation,large
131435,Vietnam Esports and Entertainment Joint Stock Company,large
131623,SHOPEE (TAIWAN) CO. LTD.,large
131663,GIGABYTE,large
131930,"Tokyo Broadcasting System Television, Inc.",large
131942,"Gurunavi, Inc.",large
131965,Xserver Inc.,large
132203,Tencent,large
132420,"282, Sector 19",large
132520,MahaOnline Limited,large
132557,Sbi Cards And Payment Services Limited,large
133231,Goods And Services Tax Network,large
133260,Gujarat Informatics Limited,large
133274,MPOnline Ltd,large
133618,Trellian Pty. Limited,large
133865,"Beijing IQIYI Science & Technology Co., Ltd.",large
134029,Unique Identification Authority of India,large
134351,Leaseweb Japan K.K.,large
134543,China Unicom Guangdong IP network,large
134756,CHINANET Nanjing Jishan IDC network,large
134763,CHINANET Guangdong province network,large
134771,China Telecom Wenzhou IDC Network,large
134774,CHINANET Guangdong province Shenzhen MAN network,large
135354,NAVER BUSINESS PLATFORM ASIA PACIFIC PTE. LTD.,large
135377,UCLOUD INFORMATION TECHNOLOGY (HK) LIMITED,large
135402,Wired ISP Inc.,large
135629,Amazon Web Service Ningxia (NWCD),large
135905,Vietnam P&T,large
135967,Bach Kim Network solutions Join stock company,large
136111,Kementerian Sosial Republik Indonesia,large
136133,SQUIXA PTY LIMITED,large
136258,"BrainStorm Network, Inc",large
136907,Huawei Cloud,large
136958,China Unicom Guangdong IDC Network,large
137235,Wired ISP Inc.,large
137409,GSL Networks Pty LTD,large
137517,FLAMEHOSTING INC,large
137661,Rajcomp Info Services Ltd.,large
137702,China Telecom Nanjing IDC Network,large
137718,"Beijing Volcano Engine Technology Co., Ltd.",large
137801,"AIPO Cloud (Guizhou) Technology Co., Ltd.",large
138007,LENOVO (AUSTRALIA & NEW ZEALAND) PTY LIMITED,large
138341,Shopee Singapore Pte. Ltd.,large
138950,China Telecom Wuxi IDC Network,large
139057,Legend Dynasty Pte. Ltd.,large
139341,WeChat/QQ CDN,large
139659,LUCIDACLOUD LIMITED,large
140227,"Hong Kong Communications International Co., Limited",large
140633,BILIBILI HK LIMITED,large
140637,Macquarie Technology Operations Pty Limited,large
140766,FPT Smart Cloud Company Limited,large
141477,Indira Gandhi National Open University,large
141679,China Telecom Beijing Tianjin Hebei Big Data Industry...,large
141995,Contabo Asia Private Limited,large
142160,Joyo Technology Pte. Ltd.,large
146943,Tier 4 Cloud Services,large
147303,ColoCone,large
150436,Byteplus Pte. Ltd.,large
151917,Jupiter Media Joint Stock Company,large
152199,Kakao Corp,large
153561,PITC,large
196695,NetOne Rus JSC,large
197248,Dravanet Co Ltd.,large
197311,LLC YUGTELSET,large
197431,GEMIUS SA,large
197482,DoubleGIS LLC,large
197695,"Domain names registrar REG.RU, Ltd",large
197876,ICM Netsystems 2005 SL,large
198226,JSC Publishing House Komsomolskaya Pravda,large
198566,MAMUT RAHAL SOFTWARE - FZCO,large
198605,AVAST Software s.r.o.,large
198610,Beget LLC,large
198622,Adform A/S,large
198696,EURO-NET Sp. z o.o.,large
198913,conet Deutschland GmbH,large
198949,Radware,large
199178,Micro Systems Marc Balmer,large
199524,Gcore S.A.,large
199599,"Telecom-Birzha, LLC",large
199993,Associacao DNS.PT,large
200000,Hosting Ukraine LTD,large
200015,Omnichannel technologies LLC,large
200019,ALEXHOST SRL,large
200107,Kaspersky Lab Switzerland GmbH,large
200109,Zurkuhl GmbH,large
200195,"Verasel, Inc.",large
200325,Bunny.net,large
200350,Yandex.Cloud LLC,large
200514,KnownSRV Ltd.,large
200651,FlokiNET ehf,large
200784,MY.GAMES B.V.,large
201012,KEH eCommerce LLC,large
201085,ANTEMETA SAS,large
201178,Euronet Telekomunikasyon A.S.,large
201200,SuperHosting.BG Ltd.,large
201589,EDGEAM LLC,large
201706,SERVICEPIPE LLC,large
201773,University of Warwick,large
201814,MEVSPACE sp. z o.o.,large
202042,Skroutz Internet Services S.A.,large
202095,RCS MediaGroup S.p.a.,large
202425,IP Volume inc,large
202492,SILVERHILL GROUP HOLDING LTD,large
202614,Kinescope B.V.,large
202824,AO ATS,large
203055,Datacenter Luxembourg S.A.,large
204198,NCO MONETA (LLC),large
204213,Netmihan Communication Company Ltd,large
204343,Compubyte Limited,large
204601,NovoServe B.V.,large
204643,El Corte Ingles S.A.,large
204706,JSC Kolesa,large
204878,OOO Sovremennye setevye tekhnologii,large
204995,RTB Marketing and Tech Services Ltd,large
205090,FIRST SERVER LIMITED,large
205111,ZOHO Corporation B.V,large
205186,MetaQuotes Ltd,large
205272,Musarubra Germany GmbH,large
205275,ROMARG SRL,large
205282,TILDA PLATFORM CLOUD SERVICES CO. L.L.C,large
205312,OOO Sovremennye setevye tekhnologii,large
205373,Rightmove Group Limited,large
205411,WIIT AG,large
205544,Leaseweb UK Limited,large
205585,Arvan Cloud CDN,large
205820,Unitary enterprise A1,large
206170,Yelles AB,large
206238,Freedom Internet BV,large
206281,Stichting DIGI NL,large
206873,GalaxyStar LLC,large
206955,EVOTOR LLC,large
206980,AntiDDoS Solutions LLC,large
207027,LLC Eximius,large
207104,BiZone LLC,large
207304,Y. Izdeu men Jarnama LLP,large
207333,LLP Kompaniya Hoster.KZ,large
207560,Zubritska Valeriia Nikolaevna,large
207592,Gesellschaft fuer wissenschaftliche Datenverarbeitung...,large
207697,Immobiliare.it S.p.A.,large
207728,EUROHOSTER Ltd.,large
208398,Edge Technology Plus (Yandex),large
208677,Cloud Technologies LLC trading as Cloud.ru,large
208681,Idealo Internet GmbH,large
208981,Data Center LLC,large
209030,Kaspersky Lab AO,large
209150,TH.PAPAMICHAIL VAINAS - G.PSALTAKIS G.P,large
209242,Cloudflare BYOIP Customers,large
209510,NAMESHIELD SAS,large
209622,uPress Inc,large
209626,Enflow B.V.,large
209671,Qrator Labs CZ s.r.o.,large
209684,Action-digital LLC,large
209847,WorkTitans B.V.,large
210079,EuroByte LLC,large
210275,Saudi Information Technology Company CJSC,large
210403,Groupe LWS SARL,large
210756,EdgeCenter LLC,large
210879,Sparteo SAS,large
211143,Azerlotereya Open Joint Stock Company,large
211201,SANS DIJITAL VE INTERAKTIF HIZMETLER TEKNOLOJI YATIRI...,large
211443,SINO WORLDWIDE TRADING LIMITED,large
211609,OKKO LLC,large
212066,Yandex Turkey,large
212098,Jeroen van Brink trading as Infrapod,large
212216,Netafraz Iranian Ltd.,large
212238,Datacamp Limited,large
212531,UAB Interneto vizija,large
212792,Blinkov Egor Igorevich,large
213230,Hetzner Cloud - Ashburn,large
213306,Comtrade System Integration doo Belgrade Serbia,large
213373,IP Connect Inc,large
213980,Net Media Zrt.,large
214036,"Ultahost, Inc.",large
214390,"Wojtek SASU, trading as Gofile",large
215467,Skhron OU,large
216154,CLODO CLOUD SERVICE CO. L.L.C,large
262178,Pontificia Universidad Catolica Madre y Maestra (PUCMM),large
271354,UNIVERSIDADE FEDERAL DE MINAS GERAIS,large
328014,Rwanda Internet Exchange Point (RINEX) c/o RICTA,large
328174,HomeFind24 (Pty) Ltd t/a Property24,large
393360,"Tyler Technologies, Inc.",large
393457,Hamilton Community Enterprises,large
393471,"FOS Hosting, LLC",large
393942,WiredISP Inc.,large
393952,Service Alberta,large
394396,Listrak,large
394572,"Tyler Technologies, Inc.",large
394714,Data Recognition Corporation,large
395366,"McKinsey & Company, Inc.",large
395409,Neocities,large
395609,Capital One Financial Corporation,large
395717,"Wasabi Technologies, Inc.",large
395954,"Leaseweb USA, Inc.",large
396173,Southwest Airlines Co.,large
396253,"iboss,inc",large
396356,Latitude.sh,large
396367,"Canadian Tire Corporation, LTD",large
396982,Google Cloud Platform,large
396986,"Bytedance, Inc. (TikTok)",large
397273,Render,large
397423,Tier.Net Technologies LLC,large
397497,"Paycom Payroll, LLC",large
398019,Dynu Systems Incorporated,large
398101,"GoDaddy.com, LLC",large
398743,The Nemours Foundation,large
399358,"Anthropic, PBC",large
399482,"Blurb, Inc.",large
399522,"The Producers, Inc.",large
399566,Bigcommerce Inc.,large
399668,e-planning,large
400754,"GoDaddy.com, LLC",large
401044,BlueType LLC,large
401645,Softoria LLC,large
42,"WoodyNet, Inc.",large
187,DNScast,large
378,IUCC - Israel InterUniversity Computation Center,large
721,United States Department of Defense (DoD),large
1120,ACONET,large
1508,U.S. Army Research Lab - H-root,large
1797,Uruguay,large
1850,Internet á Íslandi hf,large
1921,ipcom GmbH,large
2107,ARNES,large
2116,GLOBALCONNECT AS,large
2149,Cogent - C-root,large
2484,AFNIC (Association Francaise pour le Nommage Internet...,large
2486,AFNIC (Association Francaise pour le Nommage Internet...,large
2500,WIDE Project,large
2515,Japan Network Information Center,large
2561,Egyptian Universities Network (EUN),large
2597,Consiglio Nazionale delle Ricerche,large
2602,Fondation RESTENA,large
2603,NORDUnet,large
2609,Tunisia BackBone AS,large
2907,Science Information Network,large
3130,RGnet OU,large
3132,Red Cientifica Peruana,large
3208,Algerian Academic Research Network,large
3221,Estonian Education and Research Network,large
3238,Ålands Telekommunikation Ab,large
3245,Digital Systems Ltd,large
3551,Universidad Tecnologica de Panama,large
3557,ISC - F-root,large
3582,University of Oregon,large
3586,University of the West Indies,large
3661,The Chinese University of Hong Kong,large
3741,Dimension Data,large
4609,Companhia de Telecomunicacoes de Macau SARL,large
4613,Mercantile Office Systems,large
4621,UniNet Thailand,large
4641,The Hong Kong Internet Exchange Limited,large
4780,Digital United Inc.,large
5087,Lanka Communication Services,large
5379,Univerzitet Sv. Kiril i Metodij,large
5408,National Infrastructures for Research and Technology S.A.,large
5538,Institute of Mathematics and Computer Science of University of Latvia,large
5927,United States Department of Defense (DoD),large
6713,Maroc Telecom,large
6968,ZA CENTRAL REGISTRY NPC,large
7500,WIDE Project - M-root,large
7642,DHIVEHI RAAJJEYGE GULHUN PLC,large
8048,"CANTV Servicios, Venezuela",large
8346,SONATEL-AS Autonomous System,large
8365,Man-da.de GmbH,large
8452,Telecom Egypt,large
8473,Bahnhof AB,large
8511,ASIAINFO TE,large
8522,Foundation of Research and Technology Hellas,large
8561,Knipp Medien und Kommunikation GmbH,large
8670,University of Sarajevo,large
8680,Sure (Guernsey) Limited,large
8781,Ooredoo Q.S.C.,large
8818,Tusass A/S,large
8895,King Abdul Aziz City for Science and Technology,large
8934,National Information Technology Center,large
9264,Academia Sinica,large
9311,HITRON TECHNOLOGY INC.,large
9329,Sri Lanka Telecom Internet,large
9335,National Telecom Public Company Limited,large
9464,Prince of Songkla University (SritrangNET),large
9471,ONATI,large
9484,Mobinet LLC. AS Mobinet Internet Service Provider,large
9735,Hong Kong Domain Name Registration Co. Ltd,large
10094,Unified National Networks,large
10131,Telecom Cook Islands,large
10569,Red CENIAInternet,large
10886,University of Maryland,large
10906,Núcleo de Informação e Coordenação do Ponto BR - NIC.BR,large
11081,United Telecommunication Services (UTS),large
11284,Núcleo de Inf. e Coord. do Ponto BR - NIC.BR,large
11644,Núcleo de Inf. e Coord. do Ponto BR - NIC.BR,large
11816,SERVICIO DI TELECOMUNICACION DI ARUBA (SETAR) N.V.,large
12008,Vercara (f.k.a Neustar),large
12041,"Afilias, Inc.",large
12046,Malta Internet Foundation,large
12136,Núcleo de Inf. e Coord. do Ponto BR - NIC.BR,large
12486,TeleYemen,large
12975,Palestine Telecommunications Company (PALTEL),large
12996,Domeneshop AS,large
13682,Telgua,large
14650,Núcleo de Inf. e Coord. do Ponto BR - NIC.BR,large
14813,Columbus Telecommunications (Barbados) Limited,large
14988,Botswana Telecommunications Corporation,large
15083,Infolink Global Corporation,large
15433,Telecom Italia San Marino S.p.A,large
15606,NASK (dns.pl),large
15739,Berytech SCAL,large
15766,Domicilium (IOM) Limited,large
15815,INTRA Network Systems Ltd,large
15924,Vodafone Turkey,large
15964,CAMTEL,large
15975,Hadara Technologies Private Shareholding Company,large
16004,MIX S.r.L. - Milan Internet eXchange,large
16086,DNA Oyj,large
16214,C.E.R.I.S.T.,large
17470,Hutchison Telecommunications Lanka (Private) Limited,large
17709,Asia Pacific Telecom,large
17726,Telecom Cambodia,large
17828,PNG DATACO LTD,large
18001,Dialog Axiata PLC.,large
18024,Bhutan Telecom Ltd,large
18149,"Japan Registry Service Co., Ltd.",large
18200,Office des Postes et Telecommunications New-Caledonia,large
18366,APNIC ANYCAST ASN,large
18865,Intuix LLC,large
19836,Verisign Anycast US 2M,large
20144,ICANN - L-root,large
20294,MTN Uganda,large
20771,Caucasus Online Ltd.,large
20943,Netnod AB,large
21003,General Post and Telecommunication Company (GPTC),large
21282,KazNIC Organization,large
21342,Akamai International B.V.,large
21351,Canal + Telecom SAS,large
21396,NetConnex Broadband Ltd.,large
21556,NASA Ames Research Center - E-root,large
22150,Carrierhouse Corp.,large
22306,eGov Jamaica Limited,large
23599,Korea Internet Security Agency,large
23600,Korea Internet Security Agency,large
23634,WIDE Project,large
23673,"Cogetel Online, Cambodia, ISP",large
23774,"Japan Registry Service Co., Ltd.",large
23888,"National Telecommunication Corporation HQ, AS23902,Vietnam Internet network information center (VNNIC) AS23905,Victoria University of Wellington AS24066,Vietnam Internet Network Information Center AS24089,Vietnam Internet Network Information Center AS24149,Internet Domain Name System Beijing Engineering Resra... AS24151,China Internet Network Infomation Center AS24252,Japan Registry Service Co., Ltd.",large
24320,"Railcom - Commercial Center, AS24390,The University of the South Pacific AS24406,China Internet Network Infomation Center AS24409,China Internet Network Infomation Center AS24439,MARSHALL ISLANDS NTA ISP AS AS24691,TogoTelecom, Togo",large
24713,CGI Suomi Oy,large
24722,LLC Babilon-T,large
24757,Ethio telecom,large
24796,NAMEX CONSORZIO,large
25019,Saudi Telecom Company JSC,large
25152,RIPE NCC - K-root,large
25389,Amaliy Aloqalar Biznesi Ltd.,large
25429,CBINET Burundi,large
25543,"ONATEL (Office National des Telecommunications, PTT)",large
26617,Navega.com S.A.,large
26710,ICANN,large
27661,Network Information Center México,large
28498,Network Information Center México,large
28499,Network Information Center México,large
28500,Network Information Center México,large
28683,SOCIETE BENINOISE DINFRASTRUCTURES NUMERIQUES,large
29067,Hostmaster LLC,large
29216,Netnod - I-root,large
29256,Syrian Telecommunication Private Closed Joint Stock Company,large
29544,Mauritanian Telecommunication Company,large
30844,Liquid Intelligent Technologies,large
30857,"Communications, Space & Technology Commission (Saudi ...",large
30873,Public Telecommunication Corporation,large
30982,CAFE Informatique et telecommunications,large
30985,Orange Mali SA,large
30987,Eritrea Telecommunication Service corporation (EriTel),large
30990,Djibouti Telecom SA,large
31391,Israel Internet Association,large
31492,UZSCINET,large
31529,DENIC eG,large
31960,Eduardo Mondlane University,large
33724,VOLICO,large
33788,Kanar Telecommunication (Canar Telecom Co.Ltd),large
35052,ACONET,large
35160,Communications and Media Commission (CMC),large
35819,Etihad Etisalat (Mobily),large
36864,AFRIBONE MALI SA,large
36884,Wana Corporate,large
36924,GVA Cote dIvoire SAS,large
36925,Orange Maroc,large
36938,Nigeria Internet Registration Association,large
36939,Comores Telecom,large
36948,Kenya Network Information Centre (KENIC),large
36958,Cable & Wireless (Seychelles) Ltd,large
36969,Malawi Telecommunications Limited,large
37045,Tanzania Network Information Centre (tzNIC),large
37100,SEACOM Limited,large
37124,Airtel Rwanda Ltd,large
37177,Afrinic Anycast DNS,large
37204,Telone PVT Ltd,large
37327,Network Information Center Madagascar - NIC-MG,large
37430,VDC Telecom,large
37505,Lesotho Network Information Centre Proprietary,large
37510,Posix Swaziland,large
37517,CV Multimedia SA,large
38064,InternetNZ (.nz tld),large
38229,"Lanka Education & Research Network, NREN",large
38332,.au Domain Administration Ltd,large
38345,Internet Domain Name System Beijing Engineering Resra...,large
38736,Vietnam Internet network information center (VNNIC),large
38737,Vietnam Internet network information center (VNNIC),large
39200,Institute for Research in Fundamental Sciences,large
39386,Saudi Telecom Company JSC,large
39839,Punktum dk A/S,large
39840,Netnod AB,large
39871,Netnod AB,large
40945,SAT TELECOMMUNICATIONS LTD,large
41176,Sahara Al Jazeera Network Information Technology Company,large
42298,Ooredoo Q.S.C.,large
42310,IE Domain Registry CLG,large
42385,Join-stock company Internet ExchangeMSK-IX,large
42409,Autoriteti i Komunikimeve Elektronike dhe Postare - AKEP,large
42781,Zajil International Telecom Company KSCC,large
42909,Community DNS Limited,large
43489,JSC RU-CENTER,large
43515,Google Ireland Limited,large
43519,Nominet UK,large
43832,Join-stock company Internet ExchangeMSK-IX,large
44358,Kauno Technologijos Universitetas,large
45187,Rackspace IT Hosting AS IT Hosting Provider Hong Kong,large
45237,Magicnet LLC,large
45285,InternetNZ (.nz tld),large
45356,Mobitel Pvt Ltd,large
45554,Vietnam Internet network information center (VNNIC),large
45809,ASN for .nz registry content,large
47201,TELECOMMUNICATIONS AND DIGITAL GOVERNMENT REGULATORY ...,large
47267,Serbian National Internet Domain Registry Foundation,large
47527,DLX A/S,large
48011,Turunc Smart Bilgisayar Teknoloji Ve Dis Ticaret Limi...,large
48053,Foundation of Research and Technology Hellas,large
48283,Stichting Internet Domeinregistratie Nederland,large
48979,DAVLAT AXBOROT TIZIMLARINI YARATISH VA QO`LLAB QUVATL...,large
49227,Ukrainian Internet Names Center LTD,large
50611,Knipp Medien und Kommunikation GmbH,large
51346,Opened Joint Stock Company Tojiktelecom,large
51349,Foundation Eesti Interneti Sihtasutus,large
51354,Internet Society Public Organisation,large
51559,Netinternet Bilisim Teknolojileri AS,large
51833,Association of IT Companies of Kazakhstan,large
51955,Institute of Mathematics and Computer Science of Univ...,large
51966,Fondation RESTENA,large
52234,NIC Chile,large
52250,Ag para el Desarrollo de la Sociedad de la Inf en Bol...,large
52274,NIC.EC S.A.,large
52304,NIC Chile,large
52305,NIC Chile,large
52306,NIC Chile,large
52391,Curacao Technology Exchange N.V (CTEX),large
53035,Núcleo de Inf. e Coord. do Ponto BR - NIC.BR,large
55195,CIRA Canadian Internet Registration Authority Autorit...,large
55342,Homenet,large
55722,Cenpac Net Inc,large
55943,ONATI,large
56301,National Data Center building,large
56582,Netfactor Telekominikasyon ve Teknoloji Hizmetleri Sa...,large
56908,Netnod AB,large
57382,Telecommunication Tokelau Corporation Teletok,large
57814,Cloud 9 Ltd.,large
58448,CONAC (China Organizational Name Administration Center),large
58536,CONAC (China Organizational Name Administration Center),large
60592,Gransy s.r.o.,large
60680,Telecommunications Regulatory Authority (TRA),large
60890,CentralNic Ltd,large
61005,OpenTLD BV,large
61007,OpenTLD BV,large
61025,CoCCA Registry Services (NZ) Limited,large
61455,LACTLD - LATIN AMERICAN AND CARIBBEAN TLD ASSOCIATION,large
63363,Tucows.com Co.,large
63911,"NetActuate, Inc",large
131098,Korea Internet Security Agency,large
131099,Korea Internet Security Agency,large
131100,Korea Internet Security Agency,large
131905,"Japan Registry Services Co., Ltd.",large
132647,Pengelola Nama Domain Internet Indonesia,large
136557,Host Universal Pty Ltd,large
138457,China Academy of Information and Communications Technology,large
142437,"Thai Name Server Co., Ltd.",large
152155,SN SKIES(PVT.) LIMITED,large
197000,RIPE NCC - Anycast DNS,large
197440,dot IT ccTLD anycast,large
197564,Stiftelsen for Internetinfrastruktur,large
197726,Ukrainian Internet Names Center LTD,large
197997,RegisterBG Ltd,large
198147,Telecommunication Tokelau Corporation Teletok,large
199216,Compass-Verlag GmbH,large
199330,CentralNic Ltd,large
199670,DNS-Belgium VZW,large
200070,"CZ.NIC, z.s.p.o.",large
201303,CentralNic Ltd,large
201304,CentralNic Ltd,large
201612,nic.at GmbH,large
202660,Uzbektelekom Joint Stock Company,large
203391,Cloud DNS Ltd,large
204548,Kamatera Inc,large
204649,Sure South Atlantic Limited,large
205273,Teleport DC LLC FE,large
206768,Association of IT Companies of Kazakhstan,large
207266,Identity Digital Limited,large
208366,Stefan Pattberg trading as DENIC Services GmbH & Co. KG,large
208951,ITGLOBAL.COM NL B.V.,large
209617,University of Cyprus,large
210788,Magyarorszagi Internet Szolgaltatok Tanacsa Tudomanyo...,large
211466,Ministry of Telecommunication & Digital Economy,large
211588,Innovation Harbor B.V.,large
211655,NAUKOWA I AKADEMICKA SIEC KOMPUTEROWA - PANSTWOWY INS...,large
263779,NIC COSTA RICA,large
263799,CARIBBEAN COMMUNICATION SERVICES,large
264798,NIC ARGENTINA,large
265731,NIC ARGENTINA,large
267797,EMPRESA NACIONAL DE TRANSMISIÓN ELÉCTRICA (ENATREL),large
267892,COMISION NACIONAL DE TELECOMUNICACIONES CONATEL (NICVE),large
271966,"Red Avanzada de Investigación, Ciencia y Educación ...",large
328098,JENY SAS,large
328381,Sudanese Internet Association,large
328919,Open Connect Limited,large
329666,Cote dIvoire Internet Exchange Point,large
393249,University of British Columbia,large
393818,Tucows.com Co.,large
394353,USC/ISI - B-root,large
394354,Canadian Internet Registration Authority,large
395400,UNIVERSITY OF GUAM,large
396501,CIRA Canadian Internet Registration Authority Autorit...,large
396549,Verisign Anycast GB 0A,large
396566,Verisign Anycast NL 0L,large
396654,Verisign Anycast US 2K,large
396661,Verisign Anycast CH 0C,large
397197,Verisign Anycast DE 0E,large
398987,PhirePhly Design,large
399159,"Vercara, LLC",large
399161,"Vercara, LLC",large
399164,"Vercara, LLC",large
71,Hewlett Packard Enterprise,company
929,KIRINO LLC,company
992,Modest Labs LLC,company
1011,Accutar Biotechnology (Canada) Inc.,company
1660,Verizon Business,company
1738,OP Osuuskunta,company
1780,Valmet Oyj,company
2562,Texas Instruments Incorporated,company
2877,Latvian Shipping Company,company
3298,Societe Generale S.A.,company
3332,Swedbank Estonia,company
3743,Cleveland Cliffs Steel LLC,company
4622,Indonesia Network Information Center,company
4783,SYSTEX Corporation,company
5091,"Stripe, Inc.",company
5413,Wavenet Limited,company
5420,Kemira Oyj,company
5536,Xyberdata,company
6507,"Riot Games, Inc",company
6707,D-Market Elektronik Hizmetler Tic. A.S.,company
6833,Terranets bw GmbH,company
6852,UB Omaisuudenhoito Oy,company
7345,Nokia of America Corporation (fka. Alcatel-Lucent),company
8218,Zayo Europe,company
8221,ISABEL N.V.,company
8315,WorldStream B.V.,company
8373,Deutsche Bank AG,company
8454,FMO Flughafen Muenster/Osnabrueck GmbH,company
8518,Radio Free Europe/Radio Liberty,company
8528,Renault SAS,company
8549,Kyndryl Deutschland Aviation Industry Services GmbH,company
8983,Nokia Solutions and Networks Oy,company
9091,Swedbank Latvia,company
9099,Finanz Informatik GmbH & Co. KG,company
9221,HSBC HongKong,company
9293,NTT Com Asia Limited,company
9341,PT Indonesia Comnets Plus,company
9423,"ServerKing.io, LLC",company
10248,"Blue Ridge Bankshares, Inc.",company
10273,Florida Power & Light Company,company
11281,Roblox (Office),company
11323,"Getty Images (Seattle), Inc.",company
11652,"Kaiser Aluminum Fabricated Products, L.L.C.",company
11703,MaRS Discovery District,company
11820,"Wikimedia Foundation, Inc.",company
11913,Elevate Homescriptions,company
12291,Deutsche Post AG,company
12565,GROUPE LDLC SA,company
12613,Firebrick Limited,company
12663,Fastweb SpA,company
12729,HSBC BANK ANONIM SIRKETI,company
12748,IAV GmbH Ingenieurgesellschaft Auto und Verkehr,company
12811,Auchan Retail International SA,company
12965,SEB Latvia,company
12990,Ringier Axel Springer Polska Sp. z o.o.,company
13009,Redcentric Solutions Ltd,company
13013,Hewlett Packard France S.A.S.,company
13014,Hewlett Packard France S.A.S.,company
13138,Turk Ekonomi Bankasi Anonim Sirketi,company
13244,Rietumu Bank,company
13414,Twitter Inc.,company
14114,SAP NIE,company
14203,"Juniper Networks, Inc.",company
14725,Crawford & Company,company
14740,Magna5 MS LLC,company
14749,Russellville Electric Plant Board,company
15160,Bank of Montreal,company
15248,Metaswitch Networks Corp.,company
15451,DATEV eG,company
15465,Siemens AG,company
15548,"Cajamar Caja Rural, Sociedad Cooperativa de Credito",company
15590,Atruvia AG,company
15605,Connesi S.p.A.,company
15684,OPTICOM SIA,company
15790,Finanz Informatik GmbH & Co. KG,company
15810,"Banco Bilbao Vizcaya Argentaria, S.A.",company
15818,GASO (LATVIJAS GAZE AS),company
15937,ADIF,company
15995,SEB Lithuania,company
16062,"Latvijas tikli, SIA",company
16080,Payplug Enterprise SAS,company
16203,NCG Banco SA,company
16279,Citadele Group,company
17314,"Red Hat, Inc.",company
17331,Dash Cloud,company
17371,Bank of Montreal,company
17372,Bank of Montreal,company
17450,PT Bank Central Asia Tbk,company
17537,HKBN JOS Synergy (HK) Limited,company
17904,Sri Lankan Airlines,company
18365,PT Gramedia Asri Media,company
18437,"Pitt-Ohio Express, LLC.",company
19366,Fibertown Data Centers,company
20075,Radio Free Europe/Radio Liberty,company
20509,Elko Grupa as,company
20681,Saxo Bank A/S,company
20748,Caixabank S.A.,company
20763,Bank BPH S.A.,company
21420,Swedbank Lithuania,company
21490,Alisa Pankki Oyj,company
22071,TS Imagine INC,company
22348,"Cognition AI, Inc.",company
22360,"Red Hat, Inc.",company
22753,"Red Hat, Inc.",company
23058,Discovery Health,company
23414,Autoridad del Canal de Panama,company
23954,PT Bank Mandiri (Persero) Tbk,company
24396,Bank of China (Hong Kong) Limited,company
24430,China Post,company
24730,Garnier Projects BV,company
24809,If Skadeforsakring AB,company
24879,BANK POLSKA KASA OPIEKI S.A.,company
24972,Lursoft IT,company
25011,OeBB Infrastruktur AG,company
25107,Industra Bank,company
25182,Nederlandse Publieke Omroep,company
25213,Hiab Oyj,company
25244,deCode genetics Ltd.,company
25428,Colruyt Group NV,company
25512,CD-Telematika a.s.,company
25518,ZUCCHETTI SPA,company
25581,GMG AG,company
25717,Essity Hygiene and Health,company
26221,Bank of Montreal,company
26227,Sandelman Software Works Corporation,company
27277,Space Exploration Technologies Corporation,company
27910,Banco Industrial,company
28166,TESA - Telecom South America,company
28646,Confederação Int. das Coop. Ligadas ao SICREDI,company
28680,IKEA IT AB,company
28705,Cybase Limited,company
28788,Dustin NL B.V.,company
28979,dm-drogerie markt GmbH + Co. KG,company
29042,Hermes Europe GmbH,company
29139,Maersk,company
29264,Canal+ Tech SAS,company
29266,Danmarks Radio,company
29470,RETN Moscow,company
29601,UPM-Kymmene Oyj,company
29647,HINA - Hrvatska Izvjestajna Novinska Agencija,company
30915,Liebherr-IT Services GmbH,company
31154,Toyota Motor Europe SA,company
31262,EDICOM CAPITAL S.L.,company
31399,Mercedes-Benz Group AG,company
31413,Super Bock Bebidas S.A.,company
31511,Infrabel NV,company
31976,"Red Hat, Inc.",company
32201,Husky Technologies,company
32348,EIDOS-MONTREAL,company
32491,Tucows.com Co.,company
32590,Valve Corporation,company
33741,Dennis Group,company
33814,Rolls-Royce Power Systems AG,company
33830,Bankalararasi Kart Merkezi AS,company
33867,airBaltic Corporation,company
34403,ING BANK ANONIM SIRKETI,company
34409,Polska Press Sp. z o.o.,company
34417,BluOr Bank,company
34437,CovertHart Networks,company
34535,"Standart AG, LLC",company
35036,Akciju sabiedriba RD ALFA,company
35333,VIA SMS Group,company
35484,SIA ALSO Latvia,company
35574,SED Multitel s.r.l.,company
35600,Vedege SAS,company
35636,SIA Worldline Latvia,company
35734,SIA PNB Print,company
35809,SIA DIVI Grupa,company
35995,Twitter Inc.,company
36385,Google (Corporate Network),company
36599,"SoftEther Telecommunication Research Institute, LLC",company
37028,First Rand Bank Limited,company
37497,Network Platforms (PTY) LTD,company
37725,Xyberdata,company
38381,TravelSky Technology Limited,company
38494,PT Bakrie & Brothers Tbk,company
38498,Bank Maybank Indonesia,company
38529,Reliance Industries Limited WAN Backbone Interface wi...,company
38567,PT Rekayasa Industri,company
38846,"Wolf Feather Culture Information Co., Ltd.",company
39083,David Froehlich,company
39472,Arion Banki hf,company
39532,Landsbankinn hf,company
39688,JSC OTP BANK,company
39829,Iristel Romania SRL,company
39937,"LTech Solutions, Ltd.",company
40955,"Red Hat, Inc.",company
41067,SEB Russia,company
41726,SIA B2 Impact,company
41878,Crosskey Banking Solutions Ab Ltd,company
41960,Nextpertise B.V.,company
41983,Kaspersky Lab Switzerland GmbH,company
42078,XOTEL SIA,company
42663,SIA LATVIJAS TALRUNIS,company
42849,SIA KODO IT (DATALAT),company
43355,GATWICK AIRPORT LIMITED,company
43397,items GmbH & Co. KG,company
43682,SEB Estonia,company
43897,TECE GmbH,company
43956,Latvijas Finieris A/S,company
43973,QIWI JSC,company
44022,Barclays Bank PLC,company
44320,Skandinaviska Enskilda Banken AB,company
44534,YANDEX LLC,company
44595,AO Publishing House Seven Days,company
44644,Árvakur hf,company
44949,Gigacodes GmbH,company
45131,REANNZ Head Office,company
45314,PT Medco E&P Indonesia,company
45566,Google APAC Corporate Network,company
45736,DCS1 - Lighthouse Canton,company
45748,PIA : Pakistan International Airlines,company
45806,Siam Commercial Bank,company
46022,PT Aliansi Sakti,company
46024,PT Bank Negara Indonesia (Persero) Tbk,company
46644,Social Blade LLC,company
47284,Motor Insurers Bureau of Latvia,company
47446,Barclays Bank lreland PLC,company
47536,PathConnect GmbH,company
47545,Verkís hf,company
47828,Rapyd Europe hf.,company
47941,Red Hat Ltd,company
48070,DSM (GB) Limited,company
48075,S.W.I.F.T. SC,company
48352,LIS Logistische Informationssysteme GmbH,company
48821,Mauve Mailorder Software Verwaltung GmbH,company
48867,Regional Investment Bank,company
48918,Globalways GmbH,company
48927,ESEVEN DevOps GmbH,company
48972,BetterBe B.V.,company
49036,SIA Euro Live Technologies,company
49419,Iver Sverige AB,company
49473,AZV- Südholstein AöR,company
49552,OpenSource Security GmbH,company
49670,Insta DefSec Oy,company
50040,ANO TV NOVOSTI,company
50156,Boxed IT Ltd.,company
50323,LEGO System A/S,company
50485,Belam - Riga SIA,company
50628,Leonix Telecom SAS,company
50731,PRO-9 SIA,company
50807,Inspiretec LTD,company
50845,Verifone Systems France SAS,company
50943,HHLA Hamburger Hafen und Logistik AG,company
51268,Magnetiq Bank,company
51296,Handpoint ehf,company
51335,Celeste SAS,company
51338,SIA Latvijas Propana gaze,company
51347,ESTERIA (SMS solutions SIA),company
51405,Voipgate S.A.,company
51610,Signet Bank,company
51625,Turkish Airlines Inc.,company
51735,"Pernod Ricard Slovenija, Trgovina in storitve, d.o.o.",company
51939,Terra Management Consulting Ltd,company
51985,Adenis SAS,company
52004,Lindex Group Oyj,company
52144,MyBit Services BV,company
54115,Facebook (Corporate),company
54175,WB Games Montreal Inc,company
54528,"Richie Software USA, Inc.",company
55562,SIX Financial Information Singapore Pte Ltd,company
55966,Post Savings Bank of China,company
56248,PT Indah Kiat Pulp & Paper Tbk,company
56323,Eco Baltia AS,company
56454,Tilde SIA,company
56496,TV 2 Danmark A/S,company
56901,"ServerKing.io, LLC",company
56938,MAGNUM MEDICAL SIA,company
56953,N.V. Nederlandse Gasunie,company
56984,ifm electronic GmbH,company
56987,ABACLOUDA SAS,company
57066,Yleisradio Oy,company
57154,Stadtwerke Konstanz GmbH,company
57630,84 Grams AB,company
57829,IVER,company
57946,RPH Business Support AS,company
58082,Messagenet S.p.A.,company
58308,Cusae SAS,company
58385,PT Bank Syariah Mandiri,company
58449,PT Nusa Satu Inti Artha,company
58484,PT Pratesis,company
58816,PT Garena Indonesia,company
58921,Capricorn Society Limited,company
59073,Bank of China Limited,company
59339,BLACKBIRD IT PTY LTD,company
59689,Code40 SAS,company
59807,Swedbank AB,company
59967,SIA EVOLUTION LATVIA,company
60254,GLS IT Services GmbH,company
60284,Axpo Systems AG,company
60318,VSELINK LLC,company
60345,icixs networks GmbH,company
60350,VENTE-PRIVEE.COM SA,company
60436,KBC GLOBAL SERVICES NV,company
60608,Olympic Entertainment Group AS,company
60679,Freedom Registry BV,company
60720,Telenet Solution Ltd,company
61013,Alliander N.V.,company
61232,redIT Services AG,company
61277,ScienceSoft SIA,company
61977,Path Global UK Limited,company
62058,Belgian Radio-television of the French Community,company
62485,"ServerKing.io, LLC",company
62750,Liberty Media Corporation,company
62830,RiotGames,company
62955,"eBay, Inc",company
63126,Aptient Consulting Group Inc.,company
63179,Twitter Inc.,company
63294,DigitalFilm Tree LLC,company
63515,Indonesia Network Information Center,company
63593,HeyTap PTE.LTD.,company
63861,PT Aktif Tengah Malam,company
64421,SERTEX (ELEKOP),company
131659,NETEASE,company
131697,PT Samudera Indonesia Tbk,company
131732,PT Cogindo DayaBersama,company
132164,PT Darta Media Indonesia,company
133116,Kalgoorlie Consolidated Gold Mines,company
133213,TEAM Manufacturing Company Ltd.,company
133843,PT Bank Rakyat Indonesia (Persero) Tbk,company
134220,Lightwire LTD,company
134489,S. B Link Network,company
134544,Cenbong Intl Holdings Limited,company
134632,PT Lippo Malls Indonesia,company
135441,PT Fasa Centra Artajaya,company
135445,PT Airpay International Indonesia,company
135476,PT Bank Tabungan Pensiunan Nasional,company
135483,PT Wisesa Consulting Indonesia,company
135847,Ioeaccess Communications Private Limited,company
136095,PT Timerindo Perkasa International,company
136117,PT Bank Pembangunan Daerah Jawa Barat & Banten,company
136126,PT Blue Bird Tbk,company
136766,"ROBLOX (SHENZHEN) DIGITAL SCIENCE AND TECHNOLOGY CO., LTD",company
136769,"Guangzhou Fengyun Information Technology Co., Ltd.",company
136888,PT Petro One Indonesia,company
136964,NZ Safety Blackwoods,company
137019,neuCentrIX,company
137263,NETEASE HONG KONG LIMITED,company
137288,PT Ungaran Sari Garments,company
137331,PT Cloud Teknologi Nusantara,company
137357,PT Bukit Makmur Mandiri Utama,company
137369,PT Integral Data Prima,company
137383,PT Mandiri Sekuritas,company
137735,China Construction Bank,company
137758,Industrial and Commercial Bank of China Limited,company
138073,PT Elnusa Tbk,company
138883,PT Asuransi Jiwa Generali Indonesia,company
139148,"China UnionPay Co., Ltd",company
139656,ANZ BANK NEW ZEALAND LIMITED,company
139986,PT Henan Putihrai Sekuritas,company
140415,PT Jasamarga Tollroad Operator,company
140467,PT Kreatif Global Solusindo,company
140940,PT Bank Seabank Indonesia,company
140982,DCS1 - Broadside,company
141253,Hyosec Solutions Private Limited,company
141666,PT Industri Kereta Api,company
147039,Cyprea Private Limited,company
147112,PT Meetaza Prawira Media,company
149037,Mavorion Systems,company
149546,B G CHITALE,company
149753,PT Global Sarana Mediakom,company
150006,Aloi Pte. Ltd.,company
150158,"PHSS Camindo, Ltd.",company
150480,PT Swara Logika Laboratory,company
151332,CoinJar Pty Ltd,company
151544,PDWNet,company
151573,PT Kereta Cepat Indonesia China,company
152626,Cloudbase Network,company
152772,PT Prosperita Sistem Indonesia,company
152909,SaferCities,company
153129,PT Cashlez Worldwide Indonesia Tbk,company
196731,egeplast international GmbH,company
197115,KEVA,company
197289,AS HELMES,company
197347,Allianz Arena Muenchen Stadion GmbH,company
197403,Íslandsbanki hf,company
197446,SIA Vitol Terminal Latvia,company
197466,SIA 3ENITH,company
197759,Enapter AG,company
197870,S.I.A.IBANPAY,company
197930,Haahtela Oy,company
198417,DSM Grup Danismanlik Iletisim ve Satis Ticaret Anonim...,company
198606,AMST-Systemtechnik GmbH,company
198761,Simac IT NL B.V.,company
198912,SITA,company
199031,SIA Amberbit,company
199034,SIA Baltic project group,company
199963,Mack International GmbH trading as Europa-Park GmbH &...,company
199980,IVENDO sp. z o.o.,company
200202,Fuze III SARL,company
200249,Products Up GmbH,company
200432,Teya Iceland hf,company
200567,Wireless Logic mdex GmbH,company
200587,Red Bee Media B.V.,company
200609,CHDE Polska Spolka Akcyjna,company
200696,Ålands Penningautomatförening,company
200846,d.velop AG,company
201110,Andritz AG,company
201126,CDW Ltd,company
201154,IKEA IT AB,company
201271,Nordea Bank Abp,company
201273,cubequadrat OU,company
201315,SIA BFA,company
201321,ITQS IKE,company
201574,LATVIJAS LOTO VAS,company
201673,Verifone Baltic SIA,company
201991,Metsäliitto Osuuskunta,company
202003,Avast Software Romania S.R.L.,company
202032,GOLINE SA,company
202049,Encrypted Email Finland Ltd,company
202172,Migadu-Mail Gmbh,company
202191,Katoen Natie,company
202494,Turkiye Petrol Rafinerileri Anonim Sirketi TUPRAS,company
202526,HENSOLDT Optronics GmbH,company
202555,SIA Tamro,company
202589,TestDevLab-SIA,company
202617,Kering Eyewear S.p.A.,company
202756,Radio Free Europe/Radio Liberty,company
202863,OPTIBET LTD,company
203176,Reiknistofa bankanna hf.,company
203372,GSA Capital Services Ltd,company
203491,"Estoril Sol Digital, Online Gaming Products And Servi...",company
203511,OZBAY BILISIM INTERNET HIZMETLERI LIMITED SIRKETI,company
203898,Cloudflare London Office,company
203968,aiticon GmbH,company
204130,"DLV, sia",company
204411,Bigbank AS,company
204445,DB Systel GmbH (Public WiFi),company
204702,Deutsche Windtechnik GmbH & Co. KG,company
204748,INDUSTRIA DE DISENO TEXTIL SOCIEDAD ANONIMA,company
204857,berrybyte Limited,company
205037,Kisters AG,company
205080,SITA,company
205310,Beiersdorf Shared Services GmbH,company
205583,PC Yellow bv,company
205614,Medialine EuroTrade AG,company
205625,Winfinity,company
205627,Daimler Truck AG,company
205757,The Walt Disney Company Medya Eglence Ve Tic Ltd. Sti.,company
205821,SIA Arena Riga,company
206141,Duisburger Versorgungs- und Verkehrsgesellschaft mbH,company
206470,Menzel IT GmbH,company
206520,HUB logistics Finland Oy,company
206541,Kreiss,company
206662,Inventx AG,company
206713,France Televisions SA,company
206718,Radio Free Europe/Radio Liberty,company
206970,Avira Holding GmbH,company
207047,Raiffeisen Bank Kosovo JSC,company
207063,"Kentik Technologies, Inc.",company
207112,"REN - Rede Energeticas Nacionais, S.A.",company
207254,AS Postimees Grupp,company
207377,Evolution Latvia SIA,company
207595,Hestronic BV,company
207689,Teikums JT SIA,company
207804,DSS AB,company
207851,Fara AS,company
207994,Blockchain Creek B.V.,company
208177,Center-invest Bank,company
208272,VR-Group Ltd,company
208315,Frauscher Sensor Technology Group GmbH,company
208840,F&B Capital GmbH,company
208880,YAPI VE KREDI BANKASI A.S.,company
208938,Food Union,company
208987,Suomen Videoviestinta SVV Oy,company
209195,CAJA DE SEGUROS REUNIDOS COMPANIA DE SEGUROS Y REASEG...,company
209199,Cloud Unboxed Limited,company
209299,Ambientia Group Oy,company
209379,Pengutronix e.K.,company
209623,GASCADE Gastransport GmbH,company
209704,Belgium National Railway Company,company
209818,OMEGA LTD,company
209846,SWP Stadtwerke Pforzheim GmbH & Co. KG,company
209915,trivago N.V.,company
209994,LV Informatique SASU,company
210000,TwentyWAN MB,company
210035,Stiftung Mathias-Spital Rheine,company
210167,Valmet Automation Oy,company
210303,Hamburg Port Authority AoeR,company
210333,Inter Krankenversicherung AG,company
210668,SIA Spotrix,company
210886,Magnetiq Bank,company
211135,Mirka Oy,company
211169,CaramelFox Networks LLC,company
211424,SIA LSK Studios,company
211527,SIA Orkla Latvija,company
211727,Horst Bode Import-Export GmbH,company
211793,Ingo Armenia Insurance CJSC,company
211838,SIA Aizdevums.lv,company
211885,Prodimpekss Logistikas Grupa SIA,company
212038,ACTICO GmbH,company
212065,WDES SAS,company
212132,Evolution Latvia SIA,company
212223,Buy Way Personal Finance SA,company
212664,Pori Energia Oy,company
212676,SIA Decta,company
212717,Tietoevry Latvia SIA,company
212828,Tom Hatzer trading as twopeaks digital e.U.,company
213002,DH Bulut Bilisim Anonim Sirketi,company
213022,SIA DPD Latvija,company
213202,Cloudnet Computing Ltd,company
213427,Lettermint B.V.,company
213685,NarDatabank Bilisim ve Teknoloji Anonim Sirketi,company
214710,nLogic AS,company
214792,Hamburger Hochbahn AG,company
215044,OBT AG,company
215057,Opera della Primaziale Pisana,company
215168,Akos Miklos,company
215444,MOA Group GmbH,company
215449,Avionero AB,company
215537,E-karte SIA,company
215712,Printful Latvia AS,company
215756,Schmitz-Werke GmbH + Co. KG,company
215823,Spaugur ehf.,company
215833,Ablative Consulting Ltd,company
215955,ALTEASYSTEMS OU,company
216421,Adven Group Oy,company
262303,eCentry Tecnologia da Informacao Ltda,company
263358,Centro B. de P. em A. e S. e de P de Eventos,company
268850,IXC Soft,company
270421,NU PAGAMENTOS SA,company
270532,IB TURBO,company
271541,HAVAN SA,company
273731,MGDATA TECNOLOGIA LTDA,company
274524,Eucatur Transporte e Turismo Ltda,company
328238,INFOSET SARL,company
328578,KEMNET TECHNOLOGIES LIMITED,company
328964,Insight Actuarial Solutions (Pty) Ltd,company
329016,Adumo Technologies (Pty) Ltd,company
329265,Commercial Bank of Ethiopia,company
329418,International Centre for Research in Agroforestry,company
393658,"Atypon Systems, Inc.",company
394230,"Civilized Discourse Construction Kit, Inc.",company
394265,Box.com,company
394270,Cabi LLC,company
394337,Simeon Networks LLC,company
394456,Epik LLC,company
394637,LightChange Technologies,company
394649,"LotusFlare, Inc.",company
395044,APT Labs,company
395266,"Keysight Technologies, Inc",company
395677,GTAA,company
396940,HTH,company
397045,D. Brown Management,company
397140,Amarillo National Bank,company
397441,Nebula Mods,company
397700,LXXIX Project Lab LLC,company
397736,Beacon Federal Credit Union,company
398726,Cabbit Technology LLC,company
399140,"Red Hat, Inc.",company
399265,"Red Hat, Inc.",company
399647,Rumble USA Inc.,company
399728,P Foundation,company
399838,"VITAL GAME NETWORK, LLC",company
399976,Nova Networks Inc,company
400172,"RackOrbit, LLC",company
400422,Modern Treasury Corp.,company
400979,CPAC,company
81,MCNC,dsl
719,Elisa Oyj,dsl
790,Elisa Oyj,dsl
803,Saskatchewan Telecommunications,dsl
812,Rogers Communications Canada Inc.,dsl
855,Bell Canada,dsl
1088,FastBridge Fiber,dsl
1136,KPN B.V.,dsl
1267,WIND TRE S.P.A.,dsl
1403,EBOX,dsl
1547,Interdnestrcom SZAO,dsl
1680,Cellcom Fixed Line Communication L.P,dsl
1759,Telia Finland Oyj,dsl
1836,green.ch AG,dsl
2110,Enet Communications LIMITED,dsl
2119,Telenor Norge AS,dsl
2510,FUJITSU LIMITED,dsl
2514,"NTT PC Communications, Inc.",dsl
2518,BIGLOBE Inc.,dsl
2519,ARTERIA Networks Corporation,dsl
2586,Elisa Eesti AS,dsl
2728,"Gigsouth, LLC",dsl
2840,Stiftelsen Göteborgs Studentbostäder,dsl
2860,"NOS COMUNICACOES, S.A.",dsl
3212,Telemach Slovenija d.o.o.,dsl
3216,Vimpelcom PJSC,dsl
3225,Bonline aka GULF communications,dsl
3226,OOO NI,dsl
3249,Telia Eesti AS,dsl
3253,PJSC Vimpelcom,dsl
3255,Ukrainian Academic and Research Network,dsl
3265,KPN B.V.,dsl
3269,TIM S.p.A. (fka. Telecom Italia S.p.A.),dsl
3292,TDC Holding A/S,dsl
3308,Kundeselskabet Norlys A/S,dsl
3326,Datagroup PJSC,dsl
3399,Obenet AB,dsl
3549,Lumen (fka. Global Crossing),dsl
3695,SPM TELECOM (Orange),dsl
3737,PenTeleData Inc.,dsl
3816,COLOMBIA TELECOMUNICACIONES S.A. ESP BIC,dsl
3855,Logic Communications Ltd,dsl
4007,"Subisu Cablenet (Pvt) Ltd, Baluwatar, Kathmandu, Nepal",dsl
4230,Claro (Embratel),dsl
4474,"TCT West, Inc.",dsl
4540,SOGETEL INC,dsl
4662,GCNet (Reach & Range Inc.),dsl
4704,"Rakuten Mobile, Inc.",dsl
4721,"JCOM Co., Ltd.",dsl
4725,SoftBank Corp.,dsl
4739,Internode Pty Ltd,dsl
4764,Aussie Broadband,dsl
4773,M1 Limited,dsl
4775,Globe Telecoms,dsl
4787,PT Cyberindo Aditama,dsl
4788,TM Technology Services Sdn. Bhd.,dsl
4802,iiNet Limited,dsl
4809,China Telecom Next Generation Carrier Network,dsl
4818,DiGi Telecommunications Sdn. Bhd.,dsl
4922,Shenandoah Cable Television LLC,dsl
5089,Virgin Media Limited,dsl
5378,Vodafone Limited,dsl
5384,EMIRATES TELECOMMUNICATIONS GROUP COMPANY (ETISALAT G...,dsl
5385,Russmedia IT GmbH,dsl
5390,Euronet Communications B.V.,dsl
5391,Hrvatski Telekom d.d.,dsl
5410,Bouygues Telecom SA,dsl
5416,BEYON B.S.C.,dsl
5438,Agence Tunisienne dInternet,dsl
5466,Eircom Limited,dsl
5563,JSC ER-Telecom Holding,dsl
5578,"SWAN, a.s.",dsl
5588,T-Mobile Czech Republic a.s.,dsl
5603,"Telekom Slovenije, d.d.",dsl
5610,"O2 Czech Republic, a.s.",dsl
5639,Telecommunication Services of Trinidad and Tobago,dsl
5645,"TekSavvy Solutions, Inc.",dsl
5690,Vianet Inc.,dsl
5713,Telkom SA Ltd.,dsl
5742,Fidium,dsl
5769,Videotron Ltee,dsl
6079,Astound (fka. RCN),dsl
6128,Cablevision Systems Corp.,dsl
6147,INTEGRATEL PERÚ S.A.A.,dsl
6181,Cincinnati Bell Telephone Company LLC,dsl
6306,"TELEFONICA VENEZOLANA, C.A. (Movistar)",dsl
6327,Shaw Communications,dsl
6400,Claro Dominican Republic,dsl
6407,Primus Telecommunications Canada Inc.,dsl
6471,ENTEL CHILE S.A.,dsl
6503,"Axtel, S.A.B. de C.V.",dsl
6535,Telmex Servicios Empresariales S.A.,dsl
6539,Bell Canada,dsl
6568,Entel Bolivia,dsl
6614,"T-Mobile USA, Inc.",dsl
6661,POST Luxembourg,dsl
6677,Míla hf,dsl
6697,Beltelecom,dsl
6700,TELEKOM SRBIJA a.d.,dsl
6702,Science Production Company Trifle Ltd.,dsl
6703,PRIVATE JOINT-STOCK COMPANY FARLEP-INVEST,dsl
6712,VELTON ISP LLC,dsl
6739,"VODAFONE ONO, S.A.",dsl
6752,"ANDORRA TELECOM, S.A.U.",dsl
6789,CRELCOM LLC,dsl
6821,Makedonski Telekom AD-Skopje,dsl
6856,AO IK Informsvyaz-Chernozemye,dsl
6866,Cyprus Telecommunications Authority,dsl
6871,Plusnet plc,dsl
6876,TENET Scientific Production Enterprise LLC,dsl
6910,DIGI ROMANIA S.A.,dsl
7015,"Comcast Cable Communications, LLC",dsl
7016,"Comcast Cable Communications, LLC",dsl
7029,Windstream Communications LLC,dsl
7057,Managed Network Systems Inc.,dsl
7063,Leste Telecom,dsl
7065,"Sonic.net, LLC",dsl
7106,"Com Net, Inc.",dsl
7122,Bell Canada,dsl
7155,"ViaSat,Inc.",dsl
7418,TELEFÓNICA CHILE S.A.,dsl
7420,Zamnet,dsl
7438,PEGASO PCS,dsl
7459,"Grande Communications Networks, LLC",dsl
7470,"TRUE INTERNET Co.,Ltd.",dsl
7482,Asia Pacific On-line Service Inc.,dsl
7522,"STNet, Incorporated",dsl
7524,"ITEC HANKYU HANSHIN CO.,LTD.",dsl
7532,Gamania CloudForce,dsl
7545,TPG Telecom Limited,dsl
7565,BDCOM Online Limited,dsl
7600,EscapeNet Pty Ltd,dsl
7679,"QTnet,Inc.",dsl
7713,PT Telkom Indonesia Tbk,dsl
7725,"Comcast Cable Communications, LLC",dsl
7727,Hondutel,dsl
7738,V.tal,dsl
7782,"Alaska Communications Systems Group, Inc.",dsl
7794,Execulink Telecom Inc.,dsl
7992,Cogeco Connexion Inc.,dsl
8014,Bahamas Telecommunications Corporation,dsl
8092,"Access Media Holdings, LLC",dsl
8163,Metrotel SA ESP,dsl
8167,V.tal,dsl
8228,Societe Francaise Du Radiotelephone - SFR SA,dsl
8251,"FreeTel, s.r.o.",dsl
8273,Norlys Digital A/S,dsl
8301,Gibtelecom Ltd.,dsl
8331,JSC ER-Telecom Holding,dsl
8334,JOINT-STOCK COMPANY TELEPORT TELECOM,dsl
8339,kabelplus GmbH,dsl
8369,Intersvyaz-2 JSC,dsl
8371,PJSC Vimpelcom,dsl
8376,Jordan Data Communications Company LLC,dsl
8386,Vodafone Turkey,dsl
8402,Vimpelcom OJSC (Beeline),dsl
8416,InfoLada Ltd,dsl
8422,NetCologne,dsl
8427,Joint Stock Company TransTeleCom,dsl
8437,Hutchison Drei Austria GmbH,dsl
8439,AIST JSC,dsl
8445,"SALZBURG AG fur Energie, Verkehr und Telekommunikation",dsl
8447,A1 Telekom Austria AG,dsl
8448,CETIN Hungary Zrt.,dsl
8462,Tarr Kft.,dsl
8468,Cityfibre Limited,dsl
8477,Echostar Studio Sp. z o.o.,dsl
8492,OBIT Ltd.,dsl
8580,MTS PJSC,dsl
8585,Crnogorski Telekom a.d.Podgorica,dsl
8591,"A1 Slovenija telekomunikacijske storitve,d.d.",dsl
8595,OOO WestCall Ltd.,dsl
8615,Central Telegraph Public Joint-stock Company,dsl
8632,Luxembourg Online S.A.,dsl
8636,MAXnet Systems Ltd.,dsl
8672,A1 Bulgaria EAD,dsl
8681,JT (Jersey) Limited,dsl
8697,Jordan Telecommunications PSC,dsl
8717,A1 Bulgaria EAD,dsl
8728,AS INFONET,dsl
8732,JSC Comcor,dsl
8737,KPN B.V.,dsl
8749,JSC Redcom-lnternet,dsl
8752,AO ASVT,dsl
8758,Iway AG,dsl
8764,"Telia Lietuva, AB",dsl
8779,KhmelnitskInfocom LTD,dsl
8801,Rocket Fibre Ltd,dsl
8821,WWZ Telekom AG,dsl
8829,ElmoNet Oy,dsl
8866,Vivacom Bulgaria EAD,dsl
8897,KCOM Group Limited,dsl
8905,Digit One LLC,dsl
8920,JSC RTComm.RU,dsl
8926,Moldtelecom SA,dsl
8932,Ucom CJSC,dsl
8948,099 PRIMO COMMUNICATIONS LTD,dsl
8953,Orange Romania S.A.,dsl
8990,4iG Telecommunications Holding Zrt,dsl
9031,EDPNET Belgium BV,dsl
9038,Al Bahrainia al Urdunia Liltaknia Wa Alitisalat Plc. Co,dsl
9050,Orange Romania S.A.,dsl
9051,IncoNet Data Management sal,dsl
9070,Cooolbox AD,dsl
9105,TalkTalk Communications Limited,dsl
9116,Partner Communications Ltd.,dsl
9119,SOFTNET d.o.o.,dsl
9125,Orion telekom d.o.o.,dsl
9136,WOBCOM GmbH,dsl
9141,P4 Sp. z o.o.,dsl
9146,BH Telecom d.d.,dsl
9155,Quality Net General Trading & Contracting Company,dsl
9205,SATELIT SERVIS Ltd,dsl
9228,PT Total Info Kharisma,dsl
9230,Bangladesh Online Ltd.,dsl
9231,China Mobile Hong Kong Company Limited,dsl
9249,Telecom Vanuatu Limited,dsl
9260,Multinet Pakistan Pvt. Ltd.,dsl
9269,Hong Kong Broadband Network Ltd.,dsl
9299,PLDT (Philippine Long Distance Telephone Company),dsl
9304,HGC Global Communications Limited,dsl
9326,PT Centrin Utama,dsl
9351,"ZTV CO.,LTD",dsl
9354,Community Network Center Inc.,dsl
9365,its communications Inc.,dsl
9381,HKBN Enterprise Solutions HK Limited,dsl
9394,China TieTong Telecommunications Corporation,dsl
9416,Hoshin Multimedia Center Inc.,dsl
9443,Vocus Retail,dsl
9500,One New Zealand Group Limited,dsl
9506,Singtel Fibre Broadband,dsl
9534,Maxis,dsl
9541,Cyber Internet Services (Pvt) Ltd.,dsl
9583,Sify Limited,dsl
9595,NTT-ME Corporation,dsl
9605,"NTT DOCOMO, INC.",dsl
9617,"JCOM Co., Ltd.",dsl
9648,Australia On-Line Pty Ltd,dsl
9657,PT Melvar Lintasnusa,dsl
9676,SaveCom Internation Inc.,dsl
9689,SK Broadband Co Ltd,dsl
9694,Seokyung Cable Television Co.. Ltd.,dsl
9756,SK Broadband Co Ltd,dsl
9762,"kt HCN Co.,Ltd.",dsl
9790,Two Degrees Networks Limited,dsl
9824,"JCOM Co., Ltd.",dsl
9845,LG HelloVision Corp.,dsl
9873,"Lao Telecom Communication, LTC",dsl
9902,NTC Neocom,dsl
9905,PT Link Net Tbk,dsl
9908,HK Cable TV Ltd,dsl
9919,"New Century InfoComm Tech Co., Ltd.",dsl
9922,New Kaohsiung Broadband LTD.,dsl
9930,TIME dotCom Bhd,dsl
9937,Delta Networks,dsl
9971,SK Broadband Co Ltd,dsl
9976,"Namincheon Brodcasting Co., Ltd.",dsl
9981,Saero Network Service LTD,dsl
9988,Myanma Posts and Telecommunications,dsl
10013,"FreeBit Co.,Ltd.",dsl
10030,Celcom Axiata Berhad,dsl
10085,"Hsin Yeong An Cable TV Co., Ltd.",dsl
10091,StarHub Ltd,dsl
10099,China Unicom Global,dsl
10118,Hutchison Telephone Company Limited,dsl
10139,"Smart Broadband, Inc.",dsl
10143,Exetel Pty Ltd,dsl
10164,SK Broadband Co Ltd,dsl
10214,Pentanet Limited,dsl
10219,Skymedia Corporation,dsl
10242,US Internet Corp,dsl
10318,Telecom Argentina S.A.,dsl
10396,"DATACOM CARIBE, INC.",dsl
10423,STELLAR Broadband,dsl
10429,Vivo (TELEFÔNICA BRASIL),dsl
10474,Dimension Data,dsl
10481,Telecom Argentina S.A.,dsl
10507,Sprint Personal Communications Systems,dsl
10620,Telmex Colombia S.A.,dsl
10750,Mark Twain Rural Telephone Co.,dsl
10796,Charter Communications Inc,dsl
11071,InfoWest,dsl
11114,Wintek Corporation,dsl
11139,Cable & Wireless Dominica,dsl
11142,"Precision Data Solutions, LLC",dsl
11232,Midcontinent Communications,dsl
11233,Gorge Networks LLC,dsl
11260,EastLink,dsl
11290,Cogeco Connexion inc,dsl
11338,SKY SERVIÇOS DE BANDA LARGA LTDA,dsl
11351,Charter Communications Inc,dsl
11404,Wave Broadband,dsl
11427,Charter Communications Inc,dsl
11525,NineStar Connect,dsl
11556,Cable & Wireless Panama,dsl
11562,"Net Uno, C.A.",dsl
11666,Nexicom Inc.,dsl
11706,TERRA FIBRA,dsl
11776,Breezeline,dsl
11814,Distributel Communications Limited,dsl
11830,Instituto Costarricense de Electricidad y Telecom.,dsl
11844,Olé Telecom,dsl
11845,Vox Telecom Ltd,dsl
11888,"Television Internacional, S.A. de C.V.",dsl
11976,Fidelity Communication International Inc.,dsl
11990,"Unlimited Net, LLC",dsl
11992,Liberty Mobile Puerto Rico Inc.,dsl
11994,Cruzio,dsl
12083,WideOpenWest Finance LLC,dsl
12252,America Movil Peru S.A.C.,dsl
12271,Charter Communications Inc,dsl
12297,Telecom Armenia OJSC,dsl
12302,Vodafone Romania S.A.,dsl
12334,"R Cable y Telecable Telecomunicaciones, S.A.U.",dsl
12338,Euskaltel S.A.,dsl
12355,HeLi NET Telekommunikation GmbH & Co.,dsl
12357,VODAFONE ESPANA S.A.U.,dsl
12360,KEVAG Telekom GmbH,dsl
12361,Vodafone-panafon Hellenic Telecommunications Company SA,dsl
12390,KCOM Group Limited,dsl
12392,Orange Belgium SA,dsl
12414,Solcon Internetdiensten B.V.,dsl
12418,Quantum CJSC,dsl
12430,VODAFONE ESPANA S.A.U.,dsl
12436,Bergon Internet Ltd.,dsl
12455,Kenyan Post & Telecommunications Company / Telkom Kenya Ltd,dsl
12494,OOO Post ltd,dsl
12496,Infinity Developments Limited,dsl
12552,GlobalConnect (IP-Only),dsl
12570,"O2 Czech Republic, a.s.",dsl
12576,EE Limited,dsl
12578,SIA Tet,dsl
12605,LIWEST Kabelmedien GmbH,dsl
12611,R-KOM Regensburger,dsl
12644,Telemach Slovenija d.o.o.,dsl
12668,LLC KomTehCentr,dsl
12708,TalkTalk Communications Limited,dsl
12709,Melita Limited,dsl
12714,PJSC MegaFon,dsl
12716,A1 Bulgaria EAD,dsl
12735,TurkNet Iletisim Hizmetleri A.S.,dsl
12737,"KrasPromStroy, LLC",dsl
12741,Netia SA,dsl
12764,AKNET Ltd.,dsl
12768,JSC ER-Telecom Holding,dsl
12778,"MEGA M, d.o.o.",dsl
12810,A1 Hrvatska d.o.o.,dsl
12829,Angel Soft OOD,dsl
12843,TelemaxX Telekommunikation GmbH,dsl
12849,Hot-Net internet services Ltd.,dsl
12850,Retelit Digital Services S.p.A.,dsl
12871,KPN B.V.,dsl
12874,Fastweb SpA,dsl
12883,PRIVATE JOINT-STOCK COMPANY FARLEP-INVEST,dsl
12887,Netia SA,dsl
12897,ENTEGA Medianet GmbH,dsl
12912,T-Mobile Polska S.A.,dsl
12941,intersaar GmbH,dsl
12946,"R Cable y Telecable Telecomunicaciones, S.A.U.",dsl
12958,T2 Mobile LLC Moscow branch,dsl
12963,Scientific Industrial Firm Volz Ltd,dsl
12969,Ljósleiðarinn ehf (Sýn),dsl
12989,Black HOST Ltd,dsl
12997,OJSC Kyrgyztelecom,dsl
13000,Leon Sp. z o.o.,dsl
13030,Init7 (Switzerland) Ltd.,dsl
13036,T-Mobile Czech Republic a.s.,dsl
13037,Zen Internet Ltd,dsl
13045,htp GmbH,dsl
13046,Hrvatski Telekom d.d.,dsl
13055,MTS PJSC,dsl
13091,"Posta Srbije Drustvo S Ogranicenom Odgovornoscu, Beograd",dsl
13101,TNG Stadtnetz GmbH,dsl
13110,INEA sp. z o.o.,dsl
13122,Manx Telecom Trading Ltd,dsl
13124,A1 Bulgaria EAD,dsl
13127,Odido Netherlands B.V.,dsl
13156,"NOWO COMMUNICATIONS, S.A.",dsl
13170,Kaisanet Oy,dsl
13182,Made Network Srl,dsl
13188,Triolan,dsl
13189,Liden Data Internetwork AB,dsl
13194,UAB Bite Lietuva,dsl
13272,Elisa Eesti AS,dsl
13280,Three Ireland (Hutchison) limited,dsl
13285,TalkTalk Communications Limited,dsl
13306,Unics EOOD,dsl
13347,Midwest Cable,dsl
13367,"Comcast Cable Communications, LLC",dsl
13370,Ziply Fiber (LocalTel),dsl
13377,Rogue Broadband,dsl
13427,"Softcom Internet Communications, Inc.",dsl
13451,Ziply Fiber (Saddle Mountain Wireless),dsl
13807,Great Plains Communications LLC,dsl
13977,Fidium,dsl
13999,"Mega Cable, S.A. de C.V.",dsl
14051,Fidium,dsl
14080,Telmex Colombia S.A.,dsl
14117,Telefonica del Sur S.A.,dsl
14333,"On-Ramp Indiana, Inc. (ORI.NET)",dsl
14371,Paul Bunyan Communications,dsl
14522,Satnet,dsl
14615,"Comporium, Inc",dsl
14638,Liberty Communications of Puerto Rico LLC,dsl
14695,City of El Reno,dsl
14709,Cable Onda,dsl
14754,Claro Guatemala (Telgua),dsl
14868,Ligga Telecomunicações S.A.,dsl
14979,Aeronet Wireless,dsl
15081,Omni Fiber,dsl
15108,Allo Communications LLC,dsl
15146,Cable Bahamas,dsl
15344,Karib Cable,dsl
15366,DNS:NET Internet Service GmbH,dsl
15377,TRADITIONAL LLC,dsl
15378,T2 Mobile LLC Saint Petersburg branch,dsl
15399,Wananchi Group (Kenya) Limited,dsl
15457,"NOS Madeira Comunicacoes, S.A.",dsl
15474,Rannsókna- og háskólanet Íslands hf.,dsl
15493,Russian company LLC,dsl
15502,Vodafone Ireland Limited,dsl
15525,MEO - SERVICOS DE COMUNICACOES E MULTIMEDIA S.A.,dsl
15542,DELTA Fiber Nederland B.V.,dsl
15547,netplus.ch SA,dsl
15582,JSC Comcor,dsl
15600,Quickline AG,dsl
15617,Nova Telecommunications & Media Single Member S.A,dsl
15640,MTS PJSC,dsl
15659,NextGenTel AS,dsl
15673,Teleseti Plus Ltd.,dsl
15704,XTRA TELECOM S.A.,dsl
15706,Sudatel Telecom Group,dsl
15723,AZERONLINE LTD JOINT ENTERPRISE,dsl
15735,GO p.l.c.,dsl
15774,Limited Liability Company TTK-Svyaz,dsl
15796,Salt Mobile SA,dsl
15802,Emirates Integrated Telecommunications Company PJSC,dsl
15805,EPIC LTD,dsl
15879,Vancis IP B.V.,dsl
15895,Kyivstar PJSC,dsl
15899,ERNIS SIA,dsl
15925,Occino GmbH,dsl
15943,wilhelm.tel GmbH,dsl
15958,CETIN Ltd. Belgrade,dsl
15962,Orange Slovensko a.s.,dsl
15994,A1 Hrvatska d.o.o.,dsl
16010,Magticom Ltd.,dsl
16019,Vodafone Czech Republic a.s.,dsl
16058,Gabon Telecom / Office of Posts and Telecommunication...,dsl
16116,Pelephone Communications Ltd.,dsl
16135,TURKCELL ILETISIM HIZMETLERI A.S.,dsl
16160,"SWAN, a.s.",dsl
16202,Tele Columbus AG (Pÿur / Pyur),dsl
16223,"MAXNET TELECOM, LTD",dsl
16246,"O2 Czech Republic, a.s.",dsl
16301,PJSC Rostelecom,dsl
16302,Suomi Communications Oy,dsl
16316,TMT GmbH & Co. KG,dsl
16333,Company for communications services A1 Makedonija DOO...,dsl
16342,Toya sp.z.o.o,dsl
16591,Google Fiber Inc.,dsl
16717,Craw-Kan Telephone Cooperative Inc.,dsl
16814,NSS S.A.,dsl
16904,Arvig Enterprises Inc.,dsl
16906,"El Salvador Network, S. A.",dsl
16960,"Cablevision Red, S.A de C.V.",dsl
17072,"TOTAL PLAY TELECOMUNICACIONES, S.A.P.I. DE C.V.",dsl
17079,Telemovil El Salvador S.A.,dsl
17222,MUNDIVOX DO BRASIL LTDA,dsl
17306,"JAB Wireless, INC.",dsl
17421,Emome (Chunghwa Telecom),dsl
17429,BEIJING GEHUA CATV NETWORK CO.LTD,dsl
17451,Biznet Networks,dsl
17465,Asianet Broadband,dsl
17483,CityOnline Services Ltd,dsl
17488,Hathway IP Over Cable Internet,dsl
17501,WorldLink Communications Pvt Ltd,dsl
17511,OPTAGE Inc.,dsl
17534,"NSK Co.,Ltd.",dsl
17551,Swoop (Anycast Global Backbone),dsl
17552,True Online,dsl
17557,Pakistan Telecommunication Company Limited,dsl
17621,China Unicom Shanghai network,dsl
17622,China Unicom Guangdong Province Network,dsl
17638,China Telecom Tianjin Province Network,dsl
17639,Converge ICT Solutions Inc.,dsl
17665,ONEOTT INTERTAINMENT LIMITED,dsl
17670,PT MNC Kabel Mediacom,dsl
17698,COMMUNITY NETWORK CENTER INCORPORATED.,dsl
17747,SITI NETWORKS LIMITED,dsl
17754,Excellmedia,dsl
17806,Mango Teleservices,dsl
17809,VEE TIME CORP.,dsl
17813,Mahanagar Telephone Nigam Limited,dsl
17816,China Unicom Guangdong Province Network,dsl
17839,LG HelloVision Corp.,dsl
17849,SK Broadband Co Ltd,dsl
17853,LGTELECOM,dsl
17854,SK Broadband Co Ltd,dsl
17858,LG POWERCOMM,dsl
17864,SK Broadband Co Ltd,dsl
17882,UNIVISION LLC,dsl
17884,PT Uninet Media Sakti,dsl
17917,Quadrant Televentures Limited,dsl
17924,SmarTone Mobile Communications Ltd,dsl
17957,SOUTH TOKYO CABLETELEVISION,dsl
17962,ShenZhen Topway Video Communication Co. Ltd,dsl
17974,PT Telekomunikasi Indonesia,dsl
17976,CellCard,dsl
18049,Taiwan Infrastructure Network Technologie,dsl
18081,"Kintetsu Cable Network Co., Ltd.",dsl
18103,PT Prestasi Piranti Informasi,dsl
18106,Viewqwest Pte Ltd,dsl
18116,HGC Global Communications Limited,dsl
18126,"Chubu Telecommunications Company, Inc.",dsl
18144,"Enecom,Inc.",dsl
18182,Sony Network Taiwan Limited,dsl
18207,YOU Broadband & Cable India Ltd.,dsl
18209,"Atria Convergence Technologies Ltd., AS18390,Spintel Pty Ltd AS18403,FPT Telecom Company AS18419,DaDa Broadband LTD. AS18429,Extra-Lan Technologies Co., LTD",dsl
18734,"Operbes, S.A. de C.V.",dsl
18747,IFX Corporation,dsl
18809,Cable Onda,dsl
18822,Manquehuenet,dsl
18881,TELEFÔNICA BRASIL LTDA,dsl
18914,ETS TELECOM,dsl
18988,City West Cable & Telephone Corp.,dsl
19108,Optimum,dsl
19115,Charter Communications LLC,dsl
19165,Webpass Inc.,dsl
19182,TELEFÔNICA BRASIL S.A,dsl
19331,Twin Lakes Telephone Cooperative Corporation,dsl
19381,"Simply Bits, LLC",dsl
19397,"ACN Communication Services, LLC",dsl
19429,ETB - Colombia,dsl
19504,"WTC Communications, Inc.",dsl
19863,Guyana Telephone & Telegraph Co.,dsl
19890,LONE PINE Communications,dsl
20001,Charter Communications Inc,dsl
20015,FullCom S.A.,dsl
20055,Ziply Fiber,dsl
20057,"AT&T Enterprises, LLC",dsl
20115,Charter Communications LLC,dsl
20207,Gigared S.A.,dsl
20214,"Comcast Cable Communications, LLC",dsl
20318,"Niacom Holdings, LLC",dsl
20365,Freedom mobile,dsl
20394,Rainier Connect,dsl
20485,TransTeleCom JSC,dsl
20590,Donbass Electronic Communications Ltd.,dsl
20634,Telecom Liechtenstein AG,dsl
20712,Andrews & Arnold Ltd,dsl
20776,Outremer Telecom SAS,dsl
20807,JSC ER-Telecom Holding,dsl
20810,Netcom Kassel Gesellschaft fuer Telekommunikation mbH,dsl
20845,DIGI Tavkozlesi es Szolgaltato Kft.,dsl
20875,JP HT d.d. Mostar,dsl
20879,Digi Portugal,dsl
20880,Tele Columbus AG,dsl
20886,bn:t Blatzheim Networks Telecom GmbH,dsl
20904,Cinia Oy (fka. Netplaza),dsl
20910,Bite Latvia (Baltcom),dsl
20911,Net-Surf.net Ltd.,dsl
20912,Panservice s.a.s. di Cuseo Fabrizio & C.,dsl
20963,Nema (fka vodafone.fo),dsl
20978,TT Mobil Iletisim Hizmetleri A.S,dsl
21021,Multimedia Polska Sp. z o.o.,dsl
21050,Fast Communication Company Ltd,dsl
21107,Blicnet d.o.o.,dsl
21127,Joint Stock Company TransTeleCom,dsl
21183,Vodafone Albania (fka. Abcom),dsl
21191,Joint Stock Company TransTeleCom,dsl
21211,"Penkiu kontinentu komunikaciju centras, Ltd.",dsl
21219,PRIVATE JOINT STOCK COMPANY DATAGROUP,dsl
21230,M SAT Cable EAD,dsl
21232,Genossenschaft GGA Maur,dsl
21246,IPKO Telecommunications LLC,dsl
21263,TeleData GmbH,dsl
21271,Sotelma Mali,dsl
21277,Allay Nawroz Telecom Company for Communication/Ltd.,dsl
21283,A1 Slovenija d.d.,dsl
21299,Kar-Tel LLC,dsl
21310,Satellite Ltd,dsl
21334,One Hungary Ltd.,dsl
21348,Lounea (ex. Etelä-Satakunnan Puhelin),dsl
21365,MTS PJSC,dsl
21385,Trusted Network GmbH,dsl
21412,UAB Cgates,dsl
21413,Envia Tel GmbH,dsl
21453,Flex Ltd.,dsl
21483,PJSC Vimpelcom,dsl
21497,Vodafone Ukraine,dsl
21502,Societe Francaise Du Radiotelephone - SFR SA,dsl
21508,"Comcast Cable Communications, LLC",dsl
21571,MLS Wireless S/A,dsl
21575,ENTEL PERU S.A.,dsl
21725,Ritter Communications,dsl
21743,Atlas Networks Corporation,dsl
21804,Access Communications Co-operative Limited,dsl
21826,Corporación Telemic C.A. (Inter),dsl
21921,New Hope Telephone Cooperative,dsl
21928,"T-Mobile USA, Inc.",dsl
21947,"Blackfoot Telephone Cooperative, Inc.",dsl
21949,Beanfield Technologies Inc.,dsl
22047,VTR BANDA ANCHA S.A.,dsl
22060,Netspectrum Wireless Internet Solutions,dsl
22070,"Blue Ridge Websoft, LLC",dsl
22085,Claro S/A,dsl
22258,"Comcast Cable Communications, LLC",dsl
22313,Supercable,dsl
22322,Cable Co-op Inc,dsl
22363,"Powerhouse Management, Inc.",dsl
22423,Altima Telecom,dsl
22689,SERCOMTEL S/A TELECOMUNICACOES,dsl
22724,PUNTONET S.A.,dsl
22750,BCS Group (BCSNet),dsl
22765,Nelsonville TV Cable Inc,dsl
22884,TOTAL PLAY TELECOMUNICACIONES SA DE CV,dsl
22909,"Comcast Cable Communications, LLC",dsl
22923,Netminders Server Hosting,dsl
22927,Telefonica de Argentina,dsl
22995,Xplore Inc.,dsl
23031,TELECU TELECOMUNICACIONES DEL ECUADOR TELECUSA S.A.S.,dsl
23089,Hotwire Communications,dsl
23114,Critical Hub Networks,dsl
23184,Persona Communications Inc.,dsl
23201,TIGO Paraguay,dsl
23243,COMCEL GUATEMALA S.A.,dsl
23314,Summit Broadband,dsl
23404,Ritter Communications,dsl
23473,PAVLOV MEDIA INC,dsl
23497,"North Coast Wireless Communications, LLC",dsl
23563,SK Broadband Co Ltd,dsl
23618,Ibara Broadcasting Company,dsl
23655,2degrees Networks Limited,dsl
23674,Nayatel (Pvt) Ltd,dsl
23688,Link3 Technologies Ltd.,dsl
23700,PT Link Net Tbk,dsl
23752,"Nepal Telecommunications Corporation, Internet Services, AS23860,Alliance Broadband Services Pvt. Ltd. AS23889,Mauritius Telecom Ltd AS23944,SKY Cable Corporation AS23951,PT Jembatan Citra Nusantara AS23953,PT Artha Telekomindo AS23956,AmberIT Limited AS23969,TOT Public Company Limited AS24033,Australian Private Networks Pty Ltd AS24086,Viettel Corporation AS24163,UNION BROADBAND NETWORK AS24164,UNION BROADBAND NETWORK AS24186,RailTel Corporation of India Ltd AS24203,PT XL Axiata Tbk AS24206,Channel-11 AS24309,Atria Convergence Technologies AS24323,aamra networks limited AS24378,Total Access Communication PLC. AS24389,GP (GrameenPhone Ltd) AS24400,Shanghai Mobile Communications Co.,Ltd.",dsl
24444,Shandong Mobile Communication Company Limited,dsl
24445,"Henan Mobile Communications Co.,Ltd",dsl
24499,Telenor Pakistan,dsl
24530,PT Power Telecom,dsl
24532,PT Inet Global Indo,dsl
24535,PT Insan Sarana Telematika,dsl
24550,Websurfer Nepal Internet Service Provider,dsl
24560,"Bharti Airtel Ltd., Telemedia Services",dsl
24589,Telenet SIA,dsl
24651,JSC BALTICOM,dsl
24685,Load.me sp. z o. o.,dsl
24689,JSC Rosin.telekom,dsl
24691,"TogoTelecom, Togo",dsl
24739,JSC Severen-Telecom,dsl
24750,MyAcct LTD,dsl
24751,Jakobstadsnejdens Telefon Ab,dsl
24812,RPC HomeNet Ltd.,dsl
24835,Vodafone Egypt,dsl
24852,UAB INIT,dsl
24863,Link Egypt (Link.NET),dsl
24889,Monzoon Networks AG,dsl
24904,K-NET SARL,dsl
25086,MTS PJSC,dsl
25098,Netcalibre Ltd,dsl
25133,LLC McLaut-Invest,dsl
25135,Vodafone Limited,dsl
25139,"TVCABO - Comunicações Multimedia, Lda",dsl
25144,Telekomunikacije Republike Srpske a.d.,dsl
25211,Euro Crypt EOOD,dsl
25229,Limited Liability Company KYIVSKI TELEKOMUNIKATSIYNI...,dsl
25255,Hutchison Drei Austria GmbH,dsl
25311,DIGI Belgium,dsl
25374,ESCOM Ltd. - Haskovo,dsl
25406,"SPLIUS, UAB",dsl
25408,JSC ER-Telecom Holding,dsl
25454,Orange Moldova S.A.,dsl
25472,Nova Telecommunications & Media Single Member S.A,dsl
25482,Private Enterprise Law Firm Status,dsl
25509,Hringiðan ehf / Vortex Inc,dsl
25513,PJSC Moscow city telephone network,dsl
25515,PJSC Rostelecom,dsl
25521,Industrial Media Network LLC,dsl
25549,JSC Avantel,dsl
25577,MAINFRAME & CYBERNETIC SYSTEMS LIMITED,dsl
25585,Kencomp Internet Ltd,dsl
25596,Odido Netherlands B.V.,dsl
25668,Cipherkey Exchange Corp.,dsl
25764,Ziply Fiber (iFiber Communications Corp),dsl
25814,DigitalC,dsl
26253,"South Central Communications, Inc.",dsl
26292,Shrewsbury Electric and Cable Operations,dsl
26599,Telefônica Brasil,dsl
26611,COMUNICACIÓN CELULAR S.A. COMCEL S.A.,dsl
26615,TIM S/A,dsl
26827,EPB Fiber Optics,dsl
26873,QCOL INC,dsl
26911,LitFiber LLC,dsl
27017,Ziply Fiber (Northwest Fiber),dsl
27364,Armstrong,dsl
27425,"IdeaTek Telcom, LLC",dsl
27578,AirBridge Broadband LLC,dsl
27651,ENTEL CHILE S.A.,dsl
27653,Alpha Communications Network,dsl
27665,Columbus Communications Trinidad Limited.,dsl
27668,ETAPA EP,dsl
27672,SERVICIO Y EQUIPO EN TELEFONÍA INTERNET Y TV S.A. DE C.V.,dsl
27699,TELEFÔNICA BRASIL S.A,dsl
27717,Corporacion Digitel C.A.,dsl
27725,"Empresa de Telecomunicaciones de Cuba, S.A.",dsl
27738,Ecuadortelecom S.A.,dsl
27747,Telecentro S.A.,dsl
27773,MILLICOM CABLE EL SALVADOR S.A. DE C.V.,dsl
27775,Telecommunicationcompany Suriname - TeleSur,dsl
27800,Digicel Trinidad and Tobago Ltd.,dsl
27813,Teledifusora S.A.,dsl
27831,Colombia Móvil,dsl
27839,Comteco Ltda,dsl
27882,Telefónica Celular de Bolivia S.A.,dsl
27884,CABLECOLOR S.A.,dsl
27896,All America Cables & Radio/Centennial Dominicana,dsl
27901,Pacifico Cable SPA.,dsl
27947,Telconet S.A,dsl
27951,Media Commerce Partners S.A,dsl
27983,Red Intercable Digital S.A.,dsl
27984,Ver Tv S.A.,dsl
27995,Claro Chile S.A.,dsl
28006,CORPORACION NACIONAL DE TELECOMUNICACIONES - CNT EP,dsl
28036,Telefonia Celular de Nicaragua SA.,dsl
28048,Internet Para Todos - Gobierno de La Rioja,dsl
28075,ARLINK S.A.,dsl
28111,Grupo Solunet SRL,dsl
28118,ALTICE DOMINICANA S.A.,dsl
28126,BRISANET SERVICOS DE TELECOMUNICACOES S.A,dsl
28132,TRI TELECOM LTDA,dsl
28146,MHNET TELECOM,dsl
28186,ITS TELECOMUNICACOES LTDA,dsl
28191,Jupiter Telecomunicacoes e Informatica Ltda,dsl
28201,VALE NET,dsl
28202,Master Internet,dsl
28210,GIGA MAIS FIBRA TELECOMUNICACOES S.A.,dsl
28213,LCI Telecom,dsl
28220,Alares Internet,dsl
28240,VIP - SERVIÇOS DE TELECOMUNICAÇÕES LTDA.,dsl
28255,Wtl Telecomunicacoes do Brasil Ltda,dsl
28263,America-NET / Vero,dsl
28270,ERR_AS_NAME_NOT_FOUND,dsl
28283,Adyl Telecom,dsl
28285,Beltrãonet Telecomunicações LTDA - EPP,dsl
28292,ENGEPLUS INFORMATICA LTDA,dsl
28300,MMA Fibra,dsl
28306,Voluy Telecom Eireli,dsl
28309,WGO Telecomunicações Ltda,dsl
28328,EBR Informática Ltda,dsl
28331,PaintWeb Internet Ltda,dsl
28343,Unifique Telecomunicações SA,dsl
28370,3AX Telecom (GUIFAMI Informática Ltda),dsl
28398,INTERNET TELEFONIA Y TV DE MICHOACAN SA DE CV,dsl
28403,"RadioMovil Dipsa, S.A. de C.V.",dsl
28432,"Telecable del Mineral, S. A. de C.V.",dsl
28458,IENTC Telecom,dsl
28459,MICHELLE MORENO MORENO,dsl
28469,AT&T COMUNICACIONES DIGITALES S DE RL,dsl
28509,izzi Telecom,dsl
28545,Cablemas Telecomunicaciones SA de CV,dsl
28548,izzi (Cablevision Mexico),dsl
28554,Cablemas Telecomunicaciones SA de CV,dsl
28577,Yukaline Telecom,dsl
28580,FASTERNET,dsl
28610,DEBIAN SIGNAL COMUNICAÇÃO MULTIMIDIA LTDA ME,dsl
28613,HUGHES TELECOMUNICACOES DO BRASIL LTDA.,dsl
28624,Oops Internet,dsl
28634,Life Tecnologia Ltda.,dsl
28649,Desktop Sigmanet Comunicação Multimídia SA,dsl
28652,Maxx Telecomunicacoes Nordeste LTDA,dsl
28656,Blink Telecom,dsl
28665,PREDIALNET FIBRA,dsl
28668,Desktop Sigmanet Comunicação Multimídia SA,dsl
28725,CETIN a.s.,dsl
28787,Aztelekom LLC,dsl
28840,PJSC TATTELECOM,dsl
28884,MTS PJSC,dsl
28885,Oman Telecommunications Company (S.A.O.G),dsl
28890,INSYS LLC,dsl
28917,"Fiord Networks, UAB",dsl
28919,Stadtwerke Kufstein GmbH,dsl
28972,"M-SOFT, spol. s r.o.",dsl
29030,TELECABEL PLC,dsl
29031,Lugansk Telephone Company LLC,dsl
29069,PJSC Rostelecom,dsl
29081,WVNET Information und Kommunikation GmbH,dsl
29084,Comnet Bulgaria Holding Ltd.,dsl
29107,Synapse Network LTD,dsl
29124,Iskratelecom JSC,dsl
29125,PJSC Vimpelcom,dsl
29170,Kujtesa Net Sh.p.k.,dsl
29190,MTS PJSC,dsl
29194,MTS PJSC,dsl
29196,Inzhenernye seti - Telecom LLC,dsl
29244,CETIN Bulgaria EAD,dsl
29247,Ote SA (Hellenic Telecommunications Organisation),dsl
29310,JAWWAL,dsl
29314,VECTRA S.A.,dsl
29329,Resource-M LLC,dsl
29357,OOredOO Kuwait NMTC,dsl
29413,KOMRO Gesellschaft fuer Telekommunikation mit beschra...,dsl
29465,MTN NIGERIA Communication limited,dsl
29485,A1 Hrvatska d.o.o.,dsl
29492,EIDSIVA DIGITAL AS,dsl
29497,MTS PJSC,dsl
29505,Stadtwerke Luebeck Digital GmbH,dsl
29518,Bredband2 AB,dsl
29562,Vodafone West GmbH,dsl
29571,Orange Côte dIvoire,dsl
29580,A1 Bulgaria EAD,dsl
29582,Optisprint OOD,dsl
29614,TELECEL GHANA AS INTERNATIONAL TRANSIT,dsl
29667,Atlantis Net Ltd.,dsl
29687,Geodim Ltd.,dsl
29695,Lyse Tele AS,dsl
29974,Wightman Telecom,dsl
29975,Vodacom,dsl
30036,Mediacom Communications Corp,dsl
30110,Advanced Communications Technology,dsl
30600,Metronet,dsl
30640,"Etheric Networks, Inc.",dsl
30689,FLOW,dsl
30722,Fastweb SpA,dsl
30764,PODA a.s.,dsl
30766,GGEW net GmbH,dsl
30784,Iskratelecom JSC,dsl
30793,Netia SA,dsl
30848,UNIDATA S.p.A.,dsl
30868,JSC ER-Telecom Holding,dsl
30922,MTS PJSC,dsl
30925,DELTA Fiber Nederland B.V.,dsl
30986,Scancom Limited,dsl
30992,MTN Network Solutions (Cameroon),dsl
30999,Emtel,dsl
31012,A1 Hrvatska d.o.o.,dsl
31036,JSC ER-Telecom Holding,dsl
31115,INTRED S.p.A.,dsl
31122,Digiweb ltd,dsl
31143,COSMOS TV JLLC,dsl
31148,FREENET JSC,dsl
31163,PJSC MegaFon,dsl
31195,PJSC MegaFon,dsl
31204,ORANGE MOLDOVA S.A.,dsl
31205,PJSC MegaFon,dsl
31208,PJSC MegaFon,dsl
31213,PJSC MegaFon,dsl
31214,TIS Dialog LLC,dsl
31224,PJSC MegaFon,dsl
31246,"O2 Czech Republic, a.s.",dsl
31250,Vivacom Bulgaria EAD,dsl
31252,StarNet Solutii SRL,dsl
31257,Orion Telecom LLC,dsl
31272,WildPark Co,dsl
31286,MTS PJSC,dsl
31317,AnschlussWerk GmbH,dsl
31334,Vodafone GmbH,dsl
31343,Intertelecom Ltd,dsl
31363,JSC ER-Telecom Holding Moscow branch,dsl
31404,LYCATEL DISTRIBUTION UK LIMITED,dsl
31435,Medicom Bulgaria Ltd.,dsl
31452,ZAIN BAHRAIN B.S.C.,dsl
31499,Ekaterinburg-2000 LLC,dsl
31510,Innsbrucker Kommunalbetriebe AG,dsl
31514,Invest Mobile LLC,dsl
31549,Aria Shatel PJSC,dsl
31655,Gamma Telecom Holdings Ltd,dsl
31685,TOV Teleradiocompany TIM,dsl
31725,ISP Shtorm LTD,dsl
32133,Ting Fiber Inc.,dsl
32204,KPU Telecommunications,dsl
32233,Persona Communications Inc.,dsl
32329,"Another Corporate ISP, LLC",dsl
32437,Webdev CC T/A Cybertek,dsl
32444,Anthem Broadband,dsl
32490,"South Central Communications, Inc.",dsl
32582,"600Amps Internet Services, Inc.",dsl
32614,High Desert Internet Services,dsl
32709,"Joink, LLC",dsl
32867,Long Lines Internet,dsl
33037,Anthem Connect,dsl
33044,Megawire Inc.,dsl
33218,"Belzoni Cable, LLC",dsl
33287,"Comcast Cable Communications, LLC",dsl
33363,"Charter Communications, Inc",dsl
33489,"Comcast Cable Communications, LLC",dsl
33491,"Comcast Cable Communications, LLC",dsl
33567,Econet Telecom Lesotho (PTY) LTD,dsl
33576,Digicel Jamaica,dsl
33588,Charter Communications LLC,dsl
33604,Burlington Telecom,dsl
33650,"Comcast Cable Communications, LLC",dsl
33651,"Comcast Cable Communications, LLC",dsl
33652,"Comcast Cable Communications, LLC",dsl
33653,"Comcast Cable Communications, LLC",dsl
33654,"Comcast Cable Communications, LLC",dsl
33657,"Comcast Cable Communications, LLC",dsl
33659,"Comcast Cable Communications, LLC",dsl
33660,"Comcast Cable Communications, LLC",dsl
33661,"Comcast Cable Communications, LLC",dsl
33662,"Comcast Cable Communications, LLC",dsl
33665,"Comcast Cable Communications, LLC",dsl
33666,"Comcast Cable Communications, LLC",dsl
33667,"Comcast Cable Communications, LLC",dsl
33668,"Comcast Cable Communications, LLC",dsl
33763,Paratus Telecommunications Limited,dsl
33765,Tanzania Telecommunications Corporation,dsl
33771,Safaricom Limited,dsl
33779,Wataniya Telecom Algerie,dsl
33796,BOLIGNET-AARHUS F.M.B.A.,dsl
33823,PHOENIX TELECOM & MEDIA SERVICES SRL,dsl
33874,Epic Communications Limited,dsl
33885,Telenor Sverige AB,dsl
33894,MTS PJSC,dsl
33915,Vodafone Libertel B.V.,dsl
33922,UAB Nacionalinis Telekomunikaciju Tinklas,dsl
33941,GConnect Technology Ltd,dsl
33983,ARTMOTION SH.P.K.,dsl
33991,IGRA-SERVICE LLC,dsl
34001,SIA LIVAS NET,dsl
34058,Limited Liability Company lifecell,dsl
34087,NTE TELEKOM AS,dsl
34120,Verslo Tiltas UAB,dsl
34139,JSC DIVO,dsl
34145,JSC ER-Telecom Holding,dsl
34150,JSC ER-Telecom Holding Krasnodar branch,dsl
34170,Aztelekom LLC,dsl
34187,LLC Renome-Service,dsl
34218,Three Ireland (Hutchison) limited,dsl
34244,Teleservice Bredband Skane AB,dsl
34263,MPY Telecom Oy,dsl
34288,Kantonsschule Zug,dsl
34295,Geo BG Net SPLtd.,dsl
34296,Millenicom Telekomunikasyon Hizmetleri Anonim Sirketi,dsl
34362,Terrakom d.o.o.,dsl
34456,Rial Com JSC,dsl
34471,Free Technologies Excom S.L.,dsl
34533,JSC ER-Telecom Holding Samara branch,dsl
34550,LLC Intercon,dsl
34569,Vivacom Bulgaria EAD,dsl
34577,SKAT TV Ltd.,dsl
34590,JSC ER-Telecom Holding Izhevsk branch,dsl
34594,Telemach Hrvatska d.o.o.,dsl
34602,MEGASVYAZ LLC,dsl
34620,Mikronet SIA,dsl
34629,Resurs-Svyaz Ltd,dsl
34659,Keyyo SA,dsl
34661,TOV TRK Briz,dsl
34700,"Maxnet Telecom, LTD",dsl
34743,NASHNET LTD,dsl
34754,Vivacom Bulgaria EAD,dsl
34757,Sibirskie Seti Ltd.,dsl
34779,"T-2, d.o.o.",dsl
34797,System Net Ltd,dsl
34814,Osnova-Internet LLC,dsl
34857,"Telekomunikaciju vartai, UAB",dsl
34867,Cosmonova LLC,dsl
34887,Information Technology Center of the Republic of Tata...,dsl
34953,RelAix Networks GmbH,dsl
34977,PROCONO S.A.,dsl
35000,JSC Severen-Telecom,dsl
35004,Branch Enterprise Netgroup-Service,dsl
35032,LLC SIP NIS,dsl
35047,Abissnet sh.a.,dsl
35091,"Teledata, Ghana",dsl
35141,A1 Bulgaria EAD,dsl
35154,PJSC Rostelecom,dsl
35197,Virtual ISP s.a.l.,dsl
35205,RFT Kabel Brandenburg GmbH,dsl
35228,o2 (Telefonica UK),dsl
35244,Tele Columbus AG,dsl
35271,JSC AVIEL,dsl
35311,PR-TELECOM Zrt.,dsl
35319,ALTAIR MEGA LLC,dsl
35320,Eurotranstelecom Ltd,dsl
35362,LIMITED LIABILITY COMPANY BEST SOLUTIONS,dsl
35394,Cable Aireworld S.A.U.,dsl
35432,Cablenet Communication Systems plc,dsl
35437,Zone Telecommunications Ltd,dsl
35444,Digicom SHPK,dsl
35467,DDFR IT Infra & Security B.V.,dsl
35475,PJSC Moscow city telephone network,dsl
35539,Information and Communication Technologies LLC,dsl
35540,OVH Telecom (OVH SAS),dsl
35598,INETCOM CARRIER LLC,dsl
35612,EOLO S.p.A.,dsl
35699,Adamo Telecom Iberia S.A.,dsl
35706,Net at Once Sweden AB,dsl
35725,Telekom Romania Mobile,dsl
35728,MTS PJSC,dsl
35753,Etihad Salam Telecom CJSC,dsl
35790,Aktiebolaget Sappa,dsl
35804,PP SKS-LUGAN,dsl
35805,JSC Silknet,dsl
35807,SkyNet Ltd.,dsl
35810,Big Telecom JSC,dsl
35816,Lancom Ltd.,dsl
35847,Ezee Fiber,dsl
35860,Imagine Networks,dsl
35900,Digicel Barbados Ltd,dsl
35911,Telebec,dsl
36149,"Hawaiian Telcom Services Company, Inc.",dsl
36423,Liberty Communications of Puerto Rico LLC,dsl
36493,FIBERNETICS CORPORATION,dsl
36511,Dauphin Telecom Guadeloupe,dsl
36527,Rincon Wireless,dsl
36728,Emery Telcom,dsl
36827,PINE BELT TELEPHONE CO,dsl
36866,Jamii Telecommunications Limited,dsl
36873,Airtel Networks Limited,dsl
36874,Cybersmart,dsl
36890,MTN Rwandacell,dsl
36902,Intelvision Ltd,dsl
36903,Maroc Telecom,dsl
36907,TV CABO ANGOLA LDA,dsl
36908,Vodacom Tanzania Ltd,dsl
36926,Airtel Networks Kenya Limited,dsl
36935,Vodafone Egypt,dsl
36937,Liquid Telecommunications South Africa (Pty) Ltd,dsl
36963,Orange Botswana (PTY) Ltd,dsl
36974,MTN COTE DIVOIRE S.A,dsl
36992,Etisalat Egypt,dsl
36994,Vodacom,dsl
36996,Telecom Namibia,dsl
36998,Sudanese Mobile Telephone (ZAIN) Co Ltd,dsl
37002,Reunicable SAS,dsl
37009,"MTC - Mobile Telecommunications, Ltd.",dsl
37030,Airtel Ghana Limited,dsl
37035,MIC TANZANIA LTD,dsl
37037,Orange Madagascar,dsl
37054,Telecom Malagasy,dsl
37069,The Egyptian Company for Mobile Services (Mobinil),dsl
37075,Airtel Uganda Limited,dsl
37076,Emerging Markets Telecommunication Services (EMTS) Limited,dsl
37088,VDT COMMUNICATIONS LIMITED,dsl
37119,UNITEL SA,dsl
37133,Airtel Tanzania,dsl
37136,ETISALAT BENIN,dsl
37148,Globacom Limited,dsl
37154,Zambia Telecommunications Company Ltd aka ZAMTEL,dsl
37164,Orange (SL) Limited,dsl
37168,Cell C (Pty) Ltd,dsl
37190,Atlantique Telecom (Cote dIvoire),dsl
37196,Sudatel Senegal,dsl
37284,Aljeel Aljadeed For Technology,dsl
37287,Zain Zambia PLC,dsl
37315,Cipherwave,dsl
37317,AccessGlobal Communication (Pty) Ltd,dsl
37340,SPECTRANET LIMITED,dsl
37342,"Movitel, SA",dsl
37343,Telecom Seychelles Limited,dsl
37349,Aptus Solutions Ltd,dsl
37371,Hormuud Telecom Somalia INC,dsl
37410,Lonestar Communications Corporation,dsl
37424,SPACETEL BENIN SA,dsl
37440,Airtel Malawi Ltd,dsl
37447,ORANGE RDC,dsl
37451,CONGO TELECOM,dsl
37457,Telkom SA Ltd.,dsl
37461,ORANGE GUINEE,dsl
37473,Telesom,dsl
37482,Broadband Innovations,dsl
37492,Orange Tunisie,dsl
37524,Africell Gambia,dsl
37531,Airtel Niger,dsl
37542,Iclix (PTY) Ltd,dsl
37559,Orange Bissau,dsl
37560,Cyberdyne S.A.,dsl
37563,SOMTEL INTERNATIONAL Ltd,dsl
37564,Wirulink Pty Ltd,dsl
37611,Afrihost (Pty) Ltd,dsl
37640,Cape Connect Internet,dsl
37645,ZAP-Angola,dsl
37649,SAGA AFRICA HOLDINGS LIMITED,dsl
37671,3S INF,dsl
37680,Cool Ideas Service Provider (Pty) Ltd,dsl
37693,OOREDOO TUNISIE SA,dsl
37697,"WEBMASTERS, LDA.",dsl
37705,TOPNET,dsl
37892,"Cable Media WAIWAI Co.,Ltd.",dsl
38019,China Mobile Tianjin Province Network,dsl
38067,Radiant Communications Limited,dsl
38145,PT Panca Dewata Utama,dsl
38165,PT Ambhara Duta Shanti,dsl
38182,Extreme Broadband,dsl
38195,Superloop,dsl
38264,Wateen Telecom,dsl
38285,Vocus Retail,dsl
38286,Phnom Penh Cable TV,dsl
38322,TM TECHNOLOGY SERVICES SDN. BHD.,dsl
38442,Vodafone Fiji Limited,dsl
38493,Royal Green Online Ltd,dsl
38511,PT Remala Abadi Tbk,dsl
38517,PT Bangsawan Cyberindo,dsl
38527,PT Jawa Pos National Network Medialink,dsl
38565,Ncell Pvt. Ltd.,dsl
38623,Metfone (Viettel Cambodia),dsl
38628,HIMEJI CABLE TELEVISION CORPORATION,dsl
38750,PT Telemedia Dinamika Sarana,dsl
38754,PT Primedia Armoekadata Internet,dsl
38778,PT Dutakom Wibawa Putra,dsl
38841,kbro CO. Ltd.,dsl
38851,"TWT Digital Communication Inc., AS38917,INTERCOMTEL Limited Company AS38924,Trakia Kabel OOD AS38932,Rimex Ltd. AS38976,PJSC Rostelecom AS38999,Mobile Interim Company no.2 sal AS39007,UAB Balticum TV",dsl
39010,TerraNet sal,dsl
39028,JSC ER-Telecom Holding Ulyanovsk branch,dsl
39065,Southern Telecommunication Company Ltd.,dsl
39087,P.A.K.T LLC,dsl
39102,Global Network Management Inc,dsl
39120,Convergenze S.p.A.,dsl
39184,UltraNET Ltd,dsl
39190,Ahmad Mahmoud Hassan trading as Nour El Houda Trading...,dsl
39194,Vakka-Suomen Puhelin Oy,dsl
39199,Private Enterprise RadioNet,dsl
39201,WaveCom Informatikai Kft.,dsl
39216,AL-SARD FIBER Co.,dsl
39232,Uninet LLC,dsl
39264,Region Svyaz Konsalt LLC,dsl
39328,SISNET NUEVAS TECNOLOGIAS S.L.,dsl
39435,JSC ER-Telecom Holding Vologograd branch,dsl
39484,Pirkan Opiskelija-asunnot Oy,dsl
39529,Osipenko Alexander Nikolaevich,dsl
39531,Alter-NET SRL,dsl
39554,TDC Brands A/S,dsl
39603,P4 Sp. z o.o.,dsl
39608,Lanet Network Ltd,dsl
39611,Tibo Communications Sh.p.k,dsl
39642,Norlys Digital A/S,dsl
39651,Tele2 Sweden (Com Hem),dsl
39699,Lounea Palvelut Oy,dsl
39709,EXTREME LTD,dsl
39735,Permtelecom Ltd,dsl
39785,"Axioma, LLC",dsl
39811,MTS PJSC,dsl
39812,Closed Joint Stock Company Radiotelephone,dsl
39857,Aalto University Student Union,dsl
39878,Peter Rauter GmbH,dsl
39891,Saudi Telecom Company JSC,dsl
39927,E-Light-Telecom Ltd.,dsl
40029,Novus Entertainment Inc.,dsl
40237,United Telephone Company,dsl
40328,AcenTek,dsl
40545,Empire Access,dsl
40760,TelAlaska,dsl
40788,Start Communications,dsl
40993,MTS PJSC,dsl
41030,Jaroslav Novotny (Net Open),dsl
41039,"Timer, LLC",dsl
41046,"O2 Czech Republic, a.s.",dsl
41110,DSLmobil GmbH,dsl
41114,Orne THD SPL,dsl
41119,Objedinenie Group Ltd.,dsl
41164,Telia Norge AS,dsl
41202,UNITEL LLC,dsl
41232,Beeline Broadband Ltd,dsl
41268,Sesameware FZ-LLC,dsl
41273,Antenne Collective Ettelbruck ASBL,dsl
41275,Lovitel LLC,dsl
41330,T2 Mobile LLC,dsl
41349,Limited Liability Company MVM Technology,dsl
41435,UnderNet LLC,dsl
41495,Faelix Limited,dsl
41549,Elektrizitaets- und Wasserwerk der Stadt Buchs SG,dsl
41557,Drustvo za telekomunikaciski uslugi TELEKABEL DOOEL Stip,dsl
41560,UGMK-Telecom LLC,dsl
41563,OSTKOM SIA,dsl
41661,JSC ER-Telecom Holding Chelyabinsk branch,dsl
41668,JSC ER-Telecom Holding Kazan branch,dsl
41676,JMDI Jacek Maleszko,dsl
41682,JSC ER-Telecom Holding,dsl
41691,PJSC Rostelecom,dsl
41704,JSC Ufanet,dsl
41709,Lugansky Merezhy Ltd,dsl
41720,Revolution Provider S.r.l.,dsl
41727,JSC ER-Telecom Holding Kirov branch,dsl
41733,JSC ER-Telecom Holding,dsl
41750,Mega-Line Ltd.,dsl
41754,JSC ER-Telecom holding Penza branch,dsl
41798,JSC Transtelecom,dsl
41802,Limited Liability Company Kvidex-Telecom,dsl
41820,New Information Systems PP,dsl
41822,MTS PJSC,dsl
41843,JSC ER-Telecom Holding Omsk branch,dsl
41897,Sat-Trakt D.O.O.,dsl
41929,MTS PJSC,dsl
41937,Telekom Srbija a.d.,dsl
41953,TELEPLUS SRL,dsl
42003,OGERO,dsl
42038,Krivets Sergey Sergeevich,dsl
42065,Global Network Management Inc,dsl
42082,JSC Silknet,dsl
42087,MTS PJSC,dsl
42110,PJSC Vimpelcom,dsl
42116,JSC ER-Telecom Holding Naberezhnye Chelny branch,dsl
42145,JSC ER-Telecom Holding,dsl
42148,Beirel Telecom LLC,dsl
42184,TKRZ Stadtwerke GmbH,dsl
42227,Airwire Ltd,dsl
42232,PARISAT Tavkozlesi es Szolgaltato Korlatolt Felelosse...,dsl
42239,Ltd. Cypher,dsl
42248,Vida optics TVV Ltd.,dsl
42277,Limited liability company Kursktelecom,dsl
42313,ONE ALBANIA SH.A.,dsl
42322,MTS PJSC,dsl
42343,Karjaan Puhelin Oy,dsl
42387,Limited Company Svyazservice,dsl
42431,BiConsult Eood,dsl
42437,T2 Mobile LLC Rostov-on-Don branch,dsl
42455,ELITE GROUP.IM LIMITED,dsl
42459,Fiber Optics Bulgaria OOD,dsl
42541,Fiberby ApS,dsl
42555,OPTICCOM- BULGARIA Ltd.,dsl
42560,Telemach BH d.o.o. Sarajevo,dsl
42571,Blicnet d.o.o.,dsl
42574,Novaya Sibir Plus Ltd.,dsl
42580,"NOS ACORES COMUNICACOES, S.A.",dsl
42610,PJSC Rostelecom,dsl
42611,Full Fibre Limited,dsl
42621,LPOnet Osk Anl,dsl
42668,"Nevalink, LLC",dsl
42682,JSC ER-Telecom Holding Nizhny Novgorod branch,dsl
42683,JSC ER-Telecom Holding Orenburg branch,dsl
42689,Glide Student & Residential Limited,dsl
42765,EXCELLENT SIGNALMAN LLC,dsl
42772,Unitary enterprise A1,dsl
42841,ANTIK Telecom s.r.o,dsl
42863,MEO - SERVICOS DE COMUNICACOES E MULTIMEDIA S.A.,dsl
42864,Giganet Internet Szolgaltato Kft,dsl
42885,Paraisten Puhelin Oy,dsl
42892,PE Filimonov Boris Yurievich,dsl
42893,Home Internet Ltd,dsl
42905,LIMANET Ltd.,dsl
42908,"O2 Czech Republic, a.s.",dsl
42925,Internet Rimon LTD,dsl
42947,Telfy Telecom S.L.,dsl
42965,net services Beteiligungsgesellschaft mbH trading as ...,dsl
43016,Keski-Suomen Valokuituverkot Oy,dsl
43038,MTS PJSC,dsl
43139,Maximum-Net LLC,dsl
43182,ITT Ltd.,dsl
43205,Vivacom Bulgaria EAD,dsl
43235,SPRINT INET LLC,dsl
43274,Teleradiocompany Teleos-1 Ltd,dsl
43314,JSC ER-Telecom Holding,dsl
43372,TELNAP TELECOM Sp. z o.o.,dsl
43529,ViDaNet Cabletelevision Provider Ltd.,dsl
43530,Limited Liability Company Irtelcom,dsl
43554,Cifrovye Dispetcherskie Sistemy LLC,dsl
43557,Sinal A/S,dsl
43561,Vivacom Bulgaria EAD,dsl
43567,UG-TELECOM Ltd.,dsl
43571,Nova hf,dsl
43612,A1 Makedonija DOOEL,dsl
43668,AS43668 LLC,dsl
43714,Production co-operative Economic-legal laboratory,dsl
43733,Viva Armenia CJSC,dsl
43754,Asiatech Data Transmission company,dsl
43793,PJSC Rostelecom,dsl
43824,Masco Group LLC,dsl
43936,PE Zinstein Hariton Vladimirovich,dsl
43939,Netia SA,dsl
43940,MTEL d.o.o.,dsl
43966,OOO IT-Region,dsl
43991,Voronezh Telecom LLC,dsl
44020,Modern Solutions LTD,dsl
44030,Lentel Business Ltd.,dsl
44050,Petersburg Internet Network ltd.,dsl
44056,Trytek LLC,dsl
44061,"SAT-MONT-SERVICE JACEK MRUK, KRZYSZTOF MRUK Sp. z o.o.",dsl
44087,BeST CJSC,dsl
44134,BOLIGNET A/S,dsl
44143,A1 Srbija d.o.o.,dsl
44180,ETN Internet GmbH & Co. KG,dsl
44213,New Star Max,dsl
44217,IQ Networks for Data and Internet Services Ltd,dsl
44244,Iran Cell Service and Communication Company,dsl
44247,Videosat 21 Vek OOD,dsl
44257,MTS PJSC,dsl
44265,OOO Smoltelecom,dsl
44270,TC TOR LLC,dsl
44391,JSC Elektrosvyaz,dsl
44395,Ucom CJSC,dsl
44416,Satellite Net Service LLC,dsl
44419,Kalasznet Kabel TV Kft,dsl
44483,Elektrons K SIA,dsl
44489,"STARNET, s.r.o.",dsl
44506,LP Vahvavirta Osk,dsl
44507,OJSC Kostroma Municipal Telephone Network,dsl
44604,JSC KVANT-TELEKOM,dsl
44656,2provide GmbH,dsl
44677,MTS PJSC,dsl
44678,INKO Ltd.,dsl
44710,TRK Sirius LTD,dsl
44712,"eHAMnet, s.r.o.",dsl
44724,Octopusnet LTD,dsl
44735,Nova hf,dsl
44764,Bitpro,dsl
44869,FIBIA P/S,dsl
44874,Vorboss Limited,dsl
44894,Ukrchermetavtomatika LLC,dsl
44923,Saint-Petersburg Computer Networks Ltd.,dsl
44941,ZAO Astrakhan Digital Television,dsl
44943,Ramtel Ltd.,dsl
44963,Stavtelecom LLC,dsl
45007,VIPNET PRIM Ltd,dsl
45011,Bredband2 AB,dsl
45177,Devoli,dsl
45184,Den Digital Entertainment Pvt. Ltd. AS ISP india,dsl
45194,Syscon Infoway Pvt. Ltd.,dsl
45271,Vodafone Idea Ltd,dsl
45305,PT Lintas Data Prima,dsl
45312,PT Media Lintas Data,dsl
45345,Nautile,dsl
45498,"SMART AXIATA Co., Ltd.",dsl
45510,Telcoinabox Operations Pty Ltd,dsl
45528,Tikona Infinet Ltd.,dsl
45543,SaiGon Tourist cable Televition Company,dsl
45558,Myanmar Posts and Telecommunications,dsl
45588,"Bangladesh Telecommunications Company Limited (BTCL),...",dsl
45595,Pakistan Telecom Company Limited,dsl
45609,Bharti Airtel Ltd. AS for GPRS Service,dsl
45629,JasTel Network International Gateway,dsl
45650,VIA NET COMMUNICATION LTD.,dsl
45669,PMCL /LDI IP TRANSIT,dsl
45701,PT Internet Madju Abad Milenindo,dsl
45722,PT Widya Intersat Nusantara,dsl
45724,PT Multi Media Access,dsl
45725,PT Kings Network Indonesia,dsl
45758,Triple T Broadband Public Company Limited,dsl
45763,Opticomm Co Pty Ltd,dsl
45766,Triangle Services Limited.,dsl
45769,D-Vois Broadband Pvt Ltd,dsl
45775,WISH NET PRIVATE LIMITED,dsl
45780,Broadband Solutions Pty Ltd,dsl
45786,PT Hawk Teknologi Solusi,dsl
45804,MEGHBELA BROADBAND,dsl
45814,Fariya Networks Pvt. Ltd.,dsl
45905,Stargate Communications Ltd.,dsl
45916,Gujarat Telelink Pvt Ltd,dsl
45925,ASN For Teletalk Bangladesh Ltd.,dsl
45960,YTL COMMUNICATIONS SDN BHD,dsl
46063,PT Graha Telekomunikasi Indonesia,dsl
46154,Farmers Mutual Telephone Company,dsl
46408,Columbus Communication St. Vincent and the Grenadines Ltd.,dsl
46618,Cogeco Connexion inc,dsl
46650,Columbus Communications Grenada Ltd.,dsl
46687,"BCI Mississippi Broadband,LLC",dsl
46690,Verizon (fka Frontier Connecticut (SNET)),dsl
46962,HRCOM,dsl
47027,"Seaside Communications, Inc.",dsl
47118,MAN net Ltd.,dsl
47119,JSC Ufanet,dsl
47165,Omskie kabelnye seti Ltd.,dsl
47169,Pro-M Zrt.,dsl
47202,Lazer Telecomunicacoes S.A.,dsl
47203,Miranda-Media Ltd,dsl
47232,ISP Alliance a.s.,dsl
47236,CityLink Ltd,dsl
47241,Joint Stock Company TransTeleCom,dsl
47304,nef Fonden,dsl
47331,TTNet A.S.,dsl
47377,Orange Belgium SA,dsl
47402,Multimedia BG EOOD,dsl
47438,Pskovline Ltd.,dsl
47499,SIA ILVA Ltd.,dsl
47589,VIVA Kuwait (STC),dsl
47626,"Timer, LLC",dsl
47694,Level-MSK Ltd.,dsl
47759,POIG Ltd.,dsl
47771,Vivacom Bulgaria EAD,dsl
47889,SUNNET LLC,dsl
47895,LTD Erline,dsl
47914,OOO Creative Direct Marketing Solutions,dsl
47956,XFone 018 Ltd,dsl
48000,MTS PJSC,dsl
48092,T2 Mobile LLC Nizhniy Novgorod branch,dsl
48101,Trooli Ltd.,dsl
48149,Ivanteevskie telecommunicacii Ltd,dsl
48161,NEXTGEN COMMUNICATIONS SRL,dsl
48166,FORTEX CJSC,dsl
48176,MTS PJSC,dsl
48190,T2 Mobile LLC Yekaterinburg branch,dsl
48239,Scientific-Production Enterprise Information Technolo...,dsl
48293,Uniontel Ltd,dsl
48294,Ogi Networks Ltd,dsl
48320,KETIS Ltd.,dsl
48323,PP Neiron Systems,dsl
48330,Sinev Maksim Viktorovich,dsl
48346,Järventaustan Kyläkuituosuuskunta,dsl
48354,CityLink Ltd,dsl
48416,"Information Network, LLC",dsl
48437,PP Merezha,dsl
48438,Corbina Telecom Llc.,dsl
48475,Closed Joint Stock Company Oskolnet,dsl
48492,I.Q Online for Internet Services and Communications LLC,dsl
48503,Mobile Telecom-Service LLP,dsl
48506,Metical SRL,dsl
48524,"INTERRA telecommunications group, Ltd.",dsl
48526,Proximus Luxembourg S.A.,dsl
48573,PHAETON PLUS d.o.o,dsl
48642,K TELECOM LLC,dsl
48683,Bilink LLC,dsl
48695,Etihad GO Company For communications,dsl
48728,Vodafone Qatar P.Q.S.C,dsl
48814,Netbone Telekomunikasyon A.S.,dsl
48832,Jordanian mobile phone services Ltd,dsl
48847,WAVES S.A.L,dsl
48870,Telenet SIA,dsl
48882,Optima-Shid LLC,dsl
48917,Optinet Ltd,dsl
48940,Link Ltd.,dsl
48945,OPEN FIBRE NETWORKS (WHOLESALE) LIMITED,dsl
49037,Prostie Reshenia LLC,dsl
49048,JSC ER-Telecom Holding Tver Branch,dsl
49088,TELMEKOM SRL,dsl
49129,LTD CGC Co,dsl
49136,Telecommunication networks Ltd,dsl
49158,WIFINITY NETWORKS LIMITED,dsl
49163,Kabel-TV Amstetten GMBH,dsl
49218,Nizhnetagilskie Kompyuternye Seti LLC,dsl
49273,ucell Uzbekistan,dsl
49301,Joint Stock Company TransTeleCom,dsl
49325,OOO SET,dsl
49342,OOO MediaSeti,dsl
49350,MTS PJSC,dsl
49368,DomoLAN Ltd.,dsl
49375,No One Internet Ltd,dsl
49403,AVK-Wellcom Ltd.,dsl
49455,Telia Norge AS,dsl
49588,SDS-Vostok Ltd.,dsl
49605,Digital Telecommunication Services S.r.l.,dsl
49628,LLC Skytel,dsl
49717,ASTRA TELEKOM DOO BEOGRAD,dsl
49724,JSC Vainah Telecom,dsl
49770,Internetport Sweden AB,dsl
49776,Gorset LLC,dsl
49779,Joint-Stock Company Investpribor,dsl
49800,GNC-Alfa CJSC,dsl
49816,MTS PJSC,dsl
49824,PC Astra-net,dsl
49826,Lounea (ex. Forssan Seudun Puhelin),dsl
49852,AP NETWORK SRL,dsl
49883,LLC Rivne Telecom,dsl
49893,Bitrace telecom Ltd.,dsl
49902,SOCIETE REUNIONNAISE DU RADIOTELEPHONE SCS,dsl
50010,Omani Qatari Telecommunication Company SAOC,dsl
50060,Annet Ltd.,dsl
50071,MTS PJSC,dsl
50083,Hermes Telecom BVBA,dsl
50126,OOO Teleservis,dsl
50130,FOP Samoilenko Igor Olegovich,dsl
50174,Intexcom OOO,dsl
50181,KabelszatNet-2002. Musoreloszto es Kereskedelmi Kft.,dsl
50266,Odido Netherlands B.V.,dsl
50272,AVUR AS,dsl
50316,Net Global Srl,dsl
50392,LLC Campus Networks,dsl
50406,MTS PJSC,dsl
50473,Altagen JSC,dsl
50477,Svyaz-Energo Ltd.,dsl
50498,JSC ER-Telecom Holding Lipetsk branch,dsl
50512,JSC ER-Telecom Holding Barnaul branch,dsl
50528,Turkiye Buyuk Millet Meclisi,dsl
50542,JSC ER-Telecom Holding Voronezh branch,dsl
50543,JSC ER-Telecom Holding Saratov branch,dsl
50576,FREEWAY Plus LLC,dsl
50577,Intelsc Ltd.,dsl
50581,Ukrainian Telecommunication Group LLC,dsl
50596,Informatsionnye Tekhnologii LLC,dsl
50620,Blue Networks Technologies SARL,dsl
50629,LWLcom GmbH,dsl
50666,LigaT Telecom Sociedade Unipessoal LDA,dsl
50685,United Networks Ltd.,dsl
50710,Earthlink Telecommunications Equipment Trading & Serv...,dsl
50716,Telecom.ru Ltd,dsl
50771,GigaLink Ltd.,dsl
50821,Bredband2 Stockholms Stadsnaet AB,dsl
50920,Kabel Braunau GmbH,dsl
50923,Metroset Ltd.,dsl
50949,Agronet LLC,dsl
50959,BEEONLINE OJSC,dsl
50973,Vodafone Albania Sh.A.,dsl
51004,Sakhalin Cable Telesystems Ltd,dsl
51032,LLC POWERNET,dsl
51035,JSC ER-Telecom Holding,dsl
51088,A2B IP B.V.,dsl
51184,Fonira Telekom GmbH,dsl
51207,Free Mobile SAS,dsl
51249,SIA SILKO serviss,dsl
51263,County Broadband Ltd,dsl
51273,FOP Lizanchuk Yaroslav M.,dsl
51319,KajoNet Oy,dsl
51351,Classwire Limited,dsl
51367,FOP Koshoviy Oleg Volodymirovich,dsl
51375,STC BAHRAIN B.S.C CLOSED,dsl
51402,COM-IN Telekommunikations GmbH,dsl
51407,Mada Al-Arab General Services Company,dsl
51495,Telephone Network of Ashgabat CJSC,dsl
51505,Dimosia Epicheirisi Ilektrismou Anonymi Etaireia,dsl
51515,"Vega-Service, LLC",dsl
51522,ONLINE LLC,dsl
51561,ICUK Computing Services Limited,dsl
51570,JSC ER-Telecom Holding Saint-Petersburg branch,dsl
51582,Cifrova Kabelna Korporacia EOOD,dsl
51604,JSC ER-Telecom Holding Yekaterinburg branch,dsl
51645,JSC ER-Telecom Holding Irkutsk branch,dsl
51669,Home Computer Networks ltd.,dsl
51684,ASIACELL COMMUNICATIONS PJSC,dsl
51685,Mikron-Media LLC,dsl
51784,X-City Ltd.,dsl
51809,BRSK Limited,dsl
51813,TransTeleCom JSC Saransk branch,dsl
51819,JSC ER-Telecom Holding Yaroslavl branch,dsl
51896,Hringdu ehf,dsl
51935,BLC Telecom Oy,dsl
51978,WEMACOM Telekommunikation GmbH,dsl
52015,Dancer LLC,dsl
52026,TRUF d.o.o.,dsl
52043,LLC Multiservice,dsl
52056,Lounea (ex. Härkätien Puhelin),dsl
52075,Wifirst S.A.S.,dsl
52180,Nikolay Victorovich Kucheruk PE,dsl
52207,JSC ER-Telecom Holding Tula branch,dsl
52228,Cable Tica,dsl
52233,Columbus Communications Curacao NV,dsl
52260,Télécommunications de Haití (Teleco),dsl
52262,Tigo Honduras,dsl
52263,Telecable Economico S.A.,dsl
52292,Fiber2home S.A,dsl
52341,WOM SpA,dsl
52362,Servicios Innovadores de Comunicación y Entretenimie...,dsl
52439,Banda Ancha,dsl
52468,UFINET PANAMA S.A.,dsl
52519,Elite Digital,dsl
52527,Athon Group / IWNET TELECOM,dsl
52539,SBS-NET TELECOMUNICACOES LTDA ME,dsl
52540,CENTRANET,dsl
52548,tc conecta serviços de telecomunicações e provedor,dsl
52556,Ribeironet Informática,dsl
52559,NOVATEC TELECOM LTDA,dsl
52564,Biazi Telecom,dsl
52565,Itafiber,dsl
52577,Grafite Telecom,dsl
52579,TELLIUS & ALLNET TELECOMUNICAÇÕES DAS AMÉRICAS,dsl
52583,A.S.S. TELECOM TELECOMUNICACOES LTDA,dsl
52587,iFibra Telecom,dsl
52591,Terres Telecom,dsl
52596,TROPICALNET TELECOM,dsl
52601,FAXT Telecomunicações Ltda.,dsl
52606,BRASILNETS COM. ATAC. DE EQ. INFORMATICA LTDA ME,dsl
52607,PROSERV SOLUCOES DIGITAIS LTDA,dsl
52613,GIGA MAIS FIBRA TELECOMUNICACOES S.A.,dsl
52617,DIGITAL.COM TELECOMUNICACOES LTDA,dsl
52641,RONNET FIBRA,dsl
52657,GBS NET,dsl
52660,e.serv informatica e tecnologia ltda.,dsl
52686,Teleson / F.J. FANTINI AMPARO LTDA,dsl
52687,RECICLANET,dsl
52696,JSX TELECOM,dsl
52697,ERR_AS_NAME_NOT_FOUND,dsl
52722,Paranhananet Ltda.,dsl
52724,Adryano Telecom,dsl
52745,CONEXÃO,dsl
52762,TRIADE FIBRA,dsl
52766,Printnet telecomunicaçoes,dsl
52771,GB Online,dsl
52793,Kelvyn Sat Comércio e telecomunicações Ltda,dsl
52827,ERSC BANDA LARGA,dsl
52830,NETVISUAL TELECOM LTDA,dsl
52843,NOROESTE NET,dsl
52856,NETWAY PROVEDOR DE INTERNET LTDA,dsl
52858,Link Net Informatica,dsl
52860,Alternativa Provedor,dsl
52872,VOANET Telecomunicações Ltda.,dsl
52878,REDE DE TELECOMUNICAÇÕES CARAJAS LTDA,dsl
52906,VOXX TELECOM LTDA - ME,dsl
52907,PRIME FIBRA LTDA,dsl
52918,Info House Informática e Papeis Ltda,dsl
52937,FHP TELECOMUNICACOES LTDA,dsl
52948,INTERNEITH INTERNET LTDA,dsl
52962,Vipnet Baixada Telecom. e Informática Ltda,dsl
52964,PONTOCOM FIBRA ÓPTICA,dsl
52999,START TELECOM LTDA,dsl
53001,NAXI TELECOMUNICACOES,dsl
53003,EVOLUNET PROVEDORA DE INTERNET LTDA PE,dsl
53006,ALGAR TELECOM S/A,dsl
53019,Yo Telecom / INFOTEC,dsl
53022,Grupo Lima,dsl
53043,NET VALE LTDA,dsl
53059,Center Prestadora Serviços S/C Ltda,dsl
53062,ALT | GRUPO BRASIL TECPAR,dsl
53066,VETORIAL INTERNET,dsl
53072,INETVIP TELECOM LTDA,dsl
53075,Holistica Provedor Internet Ltda,dsl
53087,TELY Ltda.,dsl
53097,SUPERIP TELECOMUNICAÇÕES,dsl
53102,Sitel Telecomunicacoes,dsl
53130,Internet Provider Mil Br Net Ltda,dsl
53182,LAZERNET.COM.BR LTDA,dsl
53205,IBSOL TELECOM LTDA,dsl
53209,RAIMAX INTERNET LTDA,dsl
53213,BANDA LARGA VALE,dsl
53216,Cangere Online Provedor de Internet Ltda.,dsl
53218,SPEEDSERVICE TELECOMUNICACOES LTDA,dsl
53234,Ciacom Internet,dsl
53238,ENTRENANET TELECOM,dsl
53256,Mulberry Telecommunications,dsl
53407,UTOPIA Fiber,dsl
53423,Brazos WiFi,dsl
53508,Cablelynx,dsl
53703,KwiKom Communications,dsl
53823,Scio Mutual Telephone Association,dsl
53913,City Wide Communications Inc.,dsl
54133,UnmeteredInternet.com,dsl
54182,Bell Canada,dsl
54198,Videotron Ltee,dsl
54225,ORANGE COUNTY FIBER LLC,dsl
54614,CIK Telecom INC,dsl
54980,FlexNetworks,dsl
55039,"Fatbeam, LLC",dsl
55145,ECFiber,dsl
55352,Microscan Internet Limited,dsl
55391,INTERNET MULTIFEED CO.,dsl
55430,Starhub Ltd,dsl
55482,Sunway Digital Wave Sdn Bhd,dsl
55492,Dhaka Fiber Net Limited,dsl
55555,Delion Pty Ltd,dsl
55577,"Atria Convergence Technologies Ltd., AS55653,PT Skyline Semesta AS55666,PT Media Sarana Data AS55668,PT Jabar Telematika AS55679,PT Hyperindo Media Perkasa AS55699,PT Cemerlang Multimedia AS55701,PT Usaha Adi Sanggoro AS55714,Fiberlink Pvt.Ltd AS55805,MobiCom Corporation AS55836,Reliance Jio Infocomm Limited AS55850,Mercury NZ Limited AS55900,GLBB Japan KK AS55915,Classic Tech Pvt. Ltd. AS55944,Ooredoo Maldives Plc AS55947,Bangalore Broadband Network Pvt Ltd AS56030,Voyager Internet Ltd. AS56040,China Mobile Group GuangDong Company AS56041,China Mobile Group Zhejiang Company AS56042,China Mobile Group Shanxi Company AS56044,China Mobile Group Liaoning Company AS56046,China Mobile Jiangsu Province Network AS56047,China Mobile Group Hunan Company AS56048,China Mobile Group Beijing Company AS56055,Micro Logic Systems AS56089,OFFRATEL AS56167,Ufone AS56233,PT Asia Teknologi Solusi AS56300,MyRepublic Ltd. AS56329,Gigaclear Limited AS56330,JSC ER-Telecom Holding Kurgan branch",dsl
56361,Orgtechservice Ltd,dsl
56373,WAVE FIBER Sp. z.o.o.,dsl
56420,JSC ER-Telecom Holding Ryazan branch,dsl
56465,Therecom Ltd,dsl
56478,Hyperoptic Ltd,dsl
56523,Marek Michałkiewicz,dsl
56568,X-COMMUNICATION LLP,dsl
56575,Stanislaw Nowacki trading as TEPSANET NOWACCY Sp. J.,dsl
56665,Proximus Luxembourg S.A.,dsl
56668,FOP Demchuk Sergiy Olexandrovuch,dsl
56724,Teleskan-Intercom Ltd,dsl
56791,CityTelekom Ltd.,dsl
56981,JSC ER-Telecom Holding Tomsk branch,dsl
57026,JSC ER-Telecom Holding Cheboksary branch,dsl
57044,JSC ER-Telecom Holding Bryansk branch,dsl
57093,Yalta-TV KOM Ltd.,dsl
57099,Quickline Communications Limited,dsl
57128,JSC Ufanet,dsl
57152,TEKNET VERI MERKEZI HIZMETLERI A.S.,dsl
57223,SIA NETVISION,dsl
57227,Subnet LLC,dsl
57269,DIGI SPAIN TELECOM S.A,dsl
57279,Sauron CZ s.r.o.,dsl
57293,AG Telekom MMC.,dsl
57353,vitroconnect GmbH,dsl
57359,Pyhänet Oy,dsl
57378,JSC ER-Telecom Holding Rostov-on-Don branch,dsl
57422,Pautina.Net LLC,dsl
57513,Mobile interim company 1 S.A.L.,dsl
57516,Bite Latvia (MITS),dsl
57704,SpeedClick for Information Technology and Communication Ltd,dsl
57732,Ikaalisten-Parkanon Puhelin Osakeyhtio Ltd,dsl
57793,1310 Limited,dsl
57794,ELLINIKA DIKTIA KALODION MEPE,dsl
57800,Cadr-TV LLE TVRC,dsl
57847,CHAIKOF Ltd.,dsl
57888,Telesat d.o.o.,dsl
57999,LLC DataNet ISP,dsl
58073,NovoServe B.V.,dsl
58079,Skynet Ltd,dsl
58224,Iran Telecommunication Company PJS,dsl
58230,INTELCOM LTD,dsl
58243,TELE AG,dsl
58246,Highland Broadband Networks Limited,dsl
58254,Nano Telecom LLC,dsl
58273,Broadband for the Rural North Limited.,dsl
58299,Openfactory GmbH,dsl
58322,Hala Al Rafidain Company for Communications and Inter...,dsl
58340,Napapiirin Kuituverkot Oy,dsl
58396,PT Dewata Telematika,dsl
58424,Xinwei (Cambodia) Telecom,dsl
58482,PT Palapa Media Indonesia,dsl
58485,PT Wifian Solution,dsl
58504,TECHMINDS NETWORKS PVT. LTD.,dsl
58553,PT 3D Tech,dsl
58678,Intech Online Private Limited,dsl
58689,ICC Communication,dsl
58715,EARTH TELECOMMUNICATION (Pvt) LTD.,dsl
58717,Summit Communications Ltd,dsl
58821,PT Lintas Jaringan Nusantara,dsl
58834,Guangdong Cable Corporation Limited,dsl
58895,Ebone Network (PVT.) Limited,dsl
58945,Virgo Communication Ltd,dsl
58965,ANJANI BROADBAND SOLUTIONS PVT.LTD.,dsl
58969,Kerala Communicators Cable Limited,dsl
59108,KATCH NETWORK INC.,dsl
59127,Newmedia Corporation,dsl
59149,PT Tujuh Delapan Sembilan Net,dsl
59239,iTel Limited,dsl
59257,Zong (CMPak Limited),dsl
59280,PT Kaili Global,dsl
59282,PT Giga Patra Multimedia,dsl
59362,KS Network Limited,dsl
59382,Antaranga Properties Ltd,dsl
59497,Buknet LLC,dsl
59514,PE Kucherenko V.V.,dsl
59588,Zain Iraq,dsl
59605,Zain Global,dsl
59625,Korek Telecom Company for Communications LLC,dsl
59702,Junet AB,dsl
59713,JSC ER-Telecom Holding Kursk branch,dsl
59790,Marco Bungalski GmbH,dsl
59815,Kompeatelecom Ltd.,dsl
59989,T.H. Global Vision SARL,dsl
60036,Voneus Ltd,dsl
60098,Filippov Aleksei Vladilenovich,dsl
60139,Sever Telecom JSC,dsl
60202,Kivi TV Ltd.,dsl
60255,Internetty Ltd,dsl
60257,TalkTalk Communications Limited,dsl
60294,Deutsche Glasfaser Wholesale GmbH,dsl
60377,toob limited,dsl
60443,Fowhe s.r.l.,dsl
60656,BOL BG IZTOK LTD,dsl
60670,WideFM Ltd,dsl
60822,Wispone S.R.L.,dsl
60876,Capexconnect ApS,dsl
60966,Nikem Net Ltd.,dsl
61049,Exascale Ltd,dsl
61139,TV TEOMAR SRL,dsl
61172,SME S.A.R.L,dsl
61240,Skynet-2010 Ltd.,dsl
61244,Manfred Casper trading as EURO-SAT,dsl
61337,Single Mode Networks Ltd,dsl
61360,Special Engineering and Design Bureau Orbita JSC,dsl
61461,Airtek Solutions C.A.,dsl
61587,Hokinet,dsl
61589,Hokinet - Internet Banda Larga,dsl
61615,FALE S.A.,dsl
61621,Norte.Net Telecomunicações Ltda,dsl
61649,CONECT TELECOMUNICACOES COMUNICACOES E MULTIMIDIA,dsl
61653,Meta Servers Tecnologia e Telecomunicacaoes Ltda,dsl
61662,G2 XAXIM TELECOMUNICACOES LTDA,dsl
61667,Redeol Informatica,dsl
61668,Mr. Ynet Network Informatica Ltda,dsl
61671,LIGMAIS TELECOMUNICAÇÃO,dsl
61677,Ponto Net,dsl
61678,NETWAY INFORMATICA LTDA,dsl
61693,Vianet Fibra,dsl
61699,Cambuhy Telecom,dsl
61711,BOAVISTA- PROVEDOR DE INTERNET E INFORMATICA LTDA,dsl
61716,Central Telecom,dsl
61720,Interface Provedor de Internet,dsl
61732,PRECISA INTERNET E COMUNICAÇÃO LTDA,dsl
61754,INFORNET TELECOM,dsl
61757,W V fermandes me,dsl
61759,FUTURO WIRELESS,dsl
61761,AGATANGELO TELECOM E INFORMATICA LTDA,dsl
61770,LUMEN TELECOMUNICACOES LTDA,dsl
61772,Infotech Telecom,dsl
61776,Proserv / PROVEDOR DE ACESSO A INTERNET LTDA,dsl
61786,Prestek Telecom,dsl
61802,GRUPO PEOPLE TELECOM LTDA,dsl
61812,Icase Solution,dsl
61816,NetPower Telecomunicações,dsl
61839,REGIS NET INFORMATICA LTDA - EPP,dsl
61845,Grande Rede Fibra,dsl
61847,FJB COMÉRCIO DE PRODUTOS DE INFORMÁTICA LTDA,dsl
61868,NETFACIL INTERNET VIA RADIO E INFORMATICA LTDA - M,dsl
61874,Plug Fibra,dsl
61884,Ollá Telecom,dsl
61893,RMS Telecom,dsl
61895,Ziconet,dsl
61910,Double Net,dsl
61911,InfoLink Fibra,dsl
61914,RRM TELECOM LTDA,dsl
61917,NETMAIS TELECOM,dsl
61928,TRIBE NET,dsl
61930,Telecomunicações Riograndense Ltda,dsl
61934,HUBTEL SERVICOS DE TELECOMUNICACOES LTDA,dsl
61937,Oquei Telecom Ltda,dsl
61940,Patrimonial Telecom,dsl
62105,Jonaz B.V.,dsl
62179,UAB Ecofon,dsl
62336,PURtel.com GmbH,dsl
62347,MTS PJSC,dsl
62365,SachsenGigaBit GmbH,dsl
62419,I.Q Online for Internet Services and Communications LLC,dsl
62423,JSC ER-Telecom Holding,dsl
62809,Volt Broadband,dsl
62917,"Gigabit Fiber, LLC",dsl
63060,"ALTIUS Broadband, LLC",dsl
63072,SPYR Network Ltd,dsl
63296,Amarillo Wireless,dsl
63526,Systems Solutions & development Technologies Limited,dsl
63859,PT Eka Mas Republik,dsl
63873,PT Mitra Akses Globalindo,dsl
63969,Race Online Limited,dsl
63980,Minara Firoz Infotech,dsl
63996,Mazeda Networks Limited,dsl
64024,PT Yesi Media Utama,dsl
64029,PT Rama Wima Nusantara,dsl
64072,EVOLUTION NET (Internet Service Provider),dsl
64073,Vetta Group,dsl
64098,TASMANET,dsl
64126,"DOMINICAN TELECOM PRIME, DTP, S.R.L.",dsl
64300,PT Jaringanku Sarana Nusantara,dsl
64429,DDS Service LLC,dsl
131090,National Telecom Public Company Limited,dsl
131111,PT Mora Telematika Indonesia Tbk,dsl
131178,"EZECOM CO., LTD.",dsl
131267,Unitel Laos,dsl
131275,Logon Broadband Pvt. Limited,dsl
131445,Advance Wireless Network,dsl
131464,Digi Jadoo Broadband Ltd,dsl
131584,"Taiwan Intelligent Fiber Optic Network Co.,Ltd.",dsl
131591,Ambit Microsystem Corporation,dsl
131596,TBC,dsl
131602,"Hsin Yeong An Cable TV Co., Ltd.",dsl
131607,"Digidom CableTV Co., LTD.",dsl
131627,"Peicity Digital Cable Television., LTD",dsl
131706,PT Selaras Citra Terabit,dsl
131773,PT Wisuandha Network Globalindo,dsl
131958,"Tama Cable Network Co.,Ltd.",dsl
132045,Dialog Axiata Plc,dsl
132061,Realmove Company Limited,dsl
132116,Anonet Network Private Limited,dsl
132165,Connect Communications,dsl
132199,Globe Telecom Inc.,dsl
132298,Antaranga Dot Com Ltd,dsl
132447,Hutch Sri Lanka,dsl
132480,Netze Telecom (Private) Limited,dsl
132497,DIGITAL NETWORK ASSOCIATES PRIVATE LIMITED,dsl
132525,China Mobile Heilongjiang Province Network,dsl
132556,Blue Lotus Support Services Pvt Ltd,dsl
132637,PT Bina Informatika Solusindo,dsl
132641,PT Netciti Persada,dsl
132649,PT Adau Putra Network,dsl
132652,PT Cahaya Buana Raksa,dsl
132669,PT Globalnet Multi Data,dsl
132770,Gazon Communications India Limited,dsl
132974,Suraj Network,dsl
133001,Airnet Cable And Datacom Pvt Ltd,dsl
133275,Gigantic Infotel Pvt Ltd,dsl
133283,FUTURE NETSANCHAR LIMITED,dsl
133287,Andhra Pradesh State FiberNet Limited,dsl
133334,DCTV Cable Network Broadband Services Inc,dsl
133414,Foxtel Management Pty Ltd,dsl
133481,AIS Fibre,dsl
133606,Viettel Timor Leste,dsl
133612,Vodafone Australia Pty Ltd,dsl
133613,MTel telecommunication company ltd.,dsl
133661,Netplus Broadband Services Private Limited,dsl
133720,Zess Networks Private Limited,dsl
133799,PT Gomeds Network,dsl
133809,PT Artorius Telemetri Sentosa,dsl
133838,PT Infotek Global Network,dsl
133866,U-Turn Technologies,dsl
133982,Excitel Broadband Private Limited,dsl
133996,Vaishnavaibhavi Internet Solutions Private Limited,dsl
134026,Ultranet services private limited,dsl
134090,Leaptel,dsl
134113,Millennium Computers & Networking,dsl
134127,PT Zona Sejahtera Mandiri,dsl
134134,Western ICT Solutions Services,dsl
134146,SAM ONLINE,dsl
134153,Xplore Net BD,dsl
134259,Skynet,dsl
134371,CIRCLE NETWORK BANGLADESH,dsl
134506,DNET,dsl
134623,PT Digital Network Antanusa,dsl
134630,PT Palapa Global Nusantara,dsl
134651,PT Yetoya Solusi Indonesia,dsl
134658,PT Julia Multimedia Nusantara,dsl
134674,TATA PLAY BROADBAND PRIVATE LIMITED,dsl
134697,Launtel,dsl
134707,RoyalCable Flash,dsl
134732,Dot Internet,dsl
134762,CHINANET Liaoning province Dalian MAN network,dsl
134772,CHINANET Guangdong province Dongguan MAN network,dsl
134773,CHINANET Guangdong province Guangzhou MAN network,dsl
134810,China Mobile Group JiLin communications corporation,dsl
134968,Mizanur Rahman t/a Maya Cyber World,dsl
135000,Fiber Link BD,dsl
135126,Occom Pty Ltd,dsl
135232,Ipnet Broadband Network Pvt Ltd,dsl
135300,"Myanmar Broadband Telecom Co., Ltd",dsl
135328,Tangelo,dsl
135425,Caznet,dsl
135439,PT Adnet Media Indonesia,dsl
135477,PT Java Digital Nusantara,dsl
135478,PT Cyberindo Aditama,dsl
135480,PT Arjuna Global Teknologi Indonesia,dsl
135654,Internet @ Home Limited,dsl
135697,Tachyon Communications Pvt Ltd,dsl
135726,Vsj Internet Services Private Limited,dsl
135746,Cityline Networks Pvt Ltd,dsl
135756,VPS Broadband And Telecommunications Pvt Ltd,dsl
135760,Speednet Unique Network Pvt Ltd,dsl
135761,Userlinks Netcom Pvt. Ltd.,dsl
135772,POWERNET,dsl
135799,Rapidnet Private Limited,dsl
135806,Kalpavruksha Communication Services Pvt.ltd,dsl
135810,Srk Network,dsl
135839,Optical Broadband Communication Pvt. Ltd,dsl
135887,Belong (Telstra Limited),dsl
136027,Sheikh Shahnawaz Ahmed,dsl
136065,PT Solusi Trimegah Persada,dsl
136075,PT Cinoxmedia Network Indonesia,dsl
136100,PT BKV Net Telemedia,dsl
136119,PT Bali Towerindo Sentra Tbk,dsl
136128,PT Citra Akses Indonusa,dsl
136167,CHINA TELECOM (MACAU) COMPANY LIMITED,dsl
136176,Cyber Solutions BD,dsl
136199,China Telecom Guangdong Province Yuedong MAN Network,dsl
136200,CHINANET Guangdong province Foshan MAN network,dsl
136217,MOON NET,dsl
136224,City Online Ltd.,dsl
136255,Mytel Myanmar,dsl
136289,Bbrg Communiction And Internet Pvt Ltd,dsl
136334,Vortex Netsol Private Limited,dsl
136342,Winux Communications Pvt. Ltd.,dsl
136479,Cyber Telecom ISP,dsl
136514,Rashedur Rahman t/a Onesky Communications Limited.,dsl
136525,Wancom (Pvt) Ltd.,dsl
136644,Unborn Networks Private Limited,dsl
136714,Stampede Communications Pvt. Ltd.,dsl
136844,PT Verbind Internet Solusindo,dsl
136873,PT Mega Artha Lintas Data,dsl
136874,PT Garuda Media Telematika,dsl
136969,KK Networks (Pvt) Ltd.,dsl
137000,VIJAYALAKSHMI NET SERVICES PVT LTD,dsl
137226,"ANGELES CITY CABLE TELEVISION NETWORK, INC.",dsl
137329,PT Artha Lintas Data Mandiri,dsl
137351,PT Djaya Sampoerna Net,dsl
137403,SALTSYNC,dsl
137416,Netpark Communication,dsl
137449,SKYNET CHOWMUHANI,dsl
137453,Orange Bangladesh,dsl
137681,Alien Dns Pvt Ltd,dsl
137691,"Heilongjiang Province, P.R.China.",dsl
137834,Adel Online Technology,dsl
137872,China Mobile Hong Kong Company Limited,dsl
138024,SHOOTSPACE DIGITAL PVT LTD,dsl
138079,PT Fiqran Solusindo Mediatama,dsl
138087,PT Java Medianet Tekhnologi,dsl
138089,PT Global Media Data Prima,dsl
138096,PT Informasi Nusantara Teknologi,dsl
138109,PT Rasi Bintang Perkasa,dsl
138112,PT Megarap Mitra Solusi,dsl
138117,PT Solusindo Basis Teknologi,dsl
138143,PT Gerbang Akses Indonesia,dsl
138146,Mohammad SAHIDUL ISLAM,dsl
138150,Salim Khan & Milon Raihan,dsl
138259,Manish Infocom Private Limited,dsl
138311,Limerick Technologies Pvt Ltd,dsl
138343,Cyber Net Communications,dsl
138346,Sajid Trading Ltd.,dsl
138482,Skyview Online Ltd,dsl
138505,DNSBD,dsl
138517,PT Six Nett Solusindo,dsl
138528,"EMPIRE TECH Co., Ltd.",dsl
138551,Skyinfo Online,dsl
138575,APPLE NET,dsl
138590,Prime Networks,dsl
138600,Achiever Broadband Internet,dsl
138655,Trans World Enterprise Services (Private) Limited,dsl
138754,Kerala Vision Broad Band Private Limited,dsl
138814,PT Telemedia Prima Nusantara,dsl
138818,Internet Ini Saja,dsl
138824,PT Gemilang Jaya Elektrindo,dsl
138828,PT Telio Inti Nusa,dsl
138854,PT Inter Medialink Solusi,dsl
138860,PT Jaya Lintas Indonesia,dsl
138873,PT Green Net Indonesia,dsl
138881,PT Indonesia Trans Network,dsl
138886,PT Data Buana Nusantara,dsl
138887,PT Adizka Lintas Data,dsl
138910,Aero Cable,dsl
138974,MESH NETWORK,dsl
138998,HPLink,dsl
139009,Windstream Communication Limited,dsl
139026,Shadhinota Net,dsl
139042,Speed Links,dsl
139077,FREEDOM INTERNET HOLDINGS PTY LTD,dsl
139084,DIGITAL IMMORTALITY PTY LTD,dsl
139088,KK Networks (Pvt) Ltd.,dsl
139197,Thunder Network,dsl
139300,FUTURE NETWORK,dsl
139365,PT Patria Lintas Jaya,dsl
139378,PT NEX Solusi Teknologi,dsl
139389,PT Marawa Transmisi Media,dsl
139428,PT Lexxa Data Indonusa,dsl
139490,Aeronet Online Services Pvt Ltd,dsl
139515,ZITA TELECOM PRIVATE LIMITED,dsl
139623,My Net Pty Ltd,dsl
139642,Smart Link,dsl
139643,i Smart,dsl
139820,HG TELECOMMUNICATION PRIVATE LIMITED,dsl
139831,DITO TELECOMMUNITY CORP.,dsl
139854,Digi Net,dsl
139941,PT Riyad Network Multi Teknologi,dsl
139951,PT Alfatih Indo Teknologi,dsl
139955,PT Data Prima Solusindo,dsl
139967,PT Yasmin Amanah Media,dsl
139972,PT Putra Lebak Banten,dsl
139977,PT Prisma Media Nusantara,dsl
139981,PT Menaksopal Link Nusantara,dsl
139982,PT Buana Visualnet Sentra,dsl
139994,PT XL Axiata Tbk,dsl
140050,Next Geekers Pvt. Ltd.,dsl
140080,A1 Cyberlink BD,dsl
140133,Myworld Internet Services Pvt Ltd,dsl
140159,Linkio Fibernet Pvt Ltd,dsl
140201,Rtel Internet Services Private Limited,dsl
140384,PT Bitniaga Cipta Gemilang,dsl
140407,PT Kawan Informatika Teknologi Abadi,dsl
140413,PT Gayuh Media Informatika,dsl
140423,PT Chandra Media Nusantara,dsl
140457,PT Ikhlas Cipta Teknologi,dsl
140475,PT Citra Celebas Multimedia,dsl
140481,PT Tonggak Teknologi Netikom,dsl
140482,PT Infrastruktur Digital Indonesia,dsl
140607,Sign In (PVT) LTD,dsl
140644,Skylark Network,dsl
140726,China Unicom AnHui Province Network,dsl
140732,KK Networks (Pvt) Ltd.,dsl
140906,MAYA SOFT,dsl
140923,Global Link,dsl
140930,Pabna Cable Vision Dot Net,dsl
140962,IDEA TEC LTD,dsl
140994,Gigawave Communications,dsl
141010,SAM ONLINE,dsl
141023,HG TELECOMMUNICATION PRIVATE LIMITED,dsl
141049,PT Profesional Internet Indonesia,dsl
141056,PT IOSYS Media Data,dsl
141067,PT Trisula Media Data,dsl
141071,PT Jembatan Data Pangrango,dsl
141073,PT Juragan Wifi Indonesia,dsl
141077,PT Smart Teknologi Utama,dsl
141081,PT Indo Access Semesta,dsl
141093,PT Media Data Lintas Nusantara Bersatu,dsl
141105,PT Dapur Remaja Multi Sarana,dsl
141126,PT Cubiespot Pilar Data Nusantara,dsl
141137,PT Media Cepat Indonesia,dsl
141139,PT Chandela Lintas Media,dsl
141140,PT Jinde Grup Indonesia,dsl
141145,PT Giga Digital Nusantara,dsl
141215,Dotcom International Pvt. Limited,dsl
141285,Octel Network,dsl
141342,FIBERISH (PVT) LTD,dsl
141385,iNet,dsl
141431,Call 2 Phone Private Limited,dsl
141529,Vmps Internet Private Limited,dsl
141565,Puravi Elite Technologies Pvt. Ltd.,dsl
141588,PT Natakarya Mediatama,dsl
141600,PT Viriya Surya Abadi,dsl
141607,PT Gayatri Lintas Nusantara,dsl
141616,PT Orbit Eka Semesta,dsl
141626,PT Sandya Sistem Indonesia,dsl
141642,PT Ring Media Nusantara,dsl
141645,PT Pratama Asia Globalindo,dsl
141664,PT Jaringan Inti Exadata,dsl
141731,Max Hub Limited,dsl
141767,C G Communications Ltd,dsl
141806,SANSOM NETTECH PVT LTD,dsl
141916,PT Bantani Media Utama,dsl
141921,PT Jaringan Keluarga Bersama,dsl
141935,PT Cipta Data Global,dsl
141945,PT Hydra Media Indonesia,dsl
141959,PT Arta Flash Sintesa Nusantara,dsl
141983,PT Rajeg Media Telekomunikasi,dsl
141985,PT Argon Internet Amariqindo,dsl
142003,Netway,dsl
142006,Global ICT Network,dsl
142045,Fiber Link,dsl
142198,PT GIRADZ MEDIA NUZANTRHA,dsl
142221,PT Fazznet Zetta Indonesia,dsl
142307,PT CYB Media Group,dsl
142333,PT Triguna Akses Teknologi,dsl
142356,PT Aderani Multi Akses,dsl
142364,PT Subnet Data Nusantara,dsl
142366,PT Relabs Net Daya Cipta,dsl
142370,PT Master Star Network,dsl
142382,PT Klinik Digital Indonesia,dsl
142386,PT Jaringan Lintas Artha,dsl
142387,PT Integrasi Jaringan Ekosistem,dsl
142389,PT Inti Koneksi Intradata Indonesia,dsl
142394,PT Cahaya Solusindo Internusa,dsl
142419,Sndc Communication,dsl
142428,Suchana Broadband,dsl
142453,FASTJET TELECOM PRIVATE LIMITED,dsl
142559,Samz Broadband Networx ( SMC-PRIVATE ) LTD,dsl
146904,MICRONET GIGAFIBER PRIVATE LIMITED,dsl
147006,Star IT,dsl
147066,FASTTEL BROADBAND (PRIVATE) LIMITED,dsl
147087,PT Jaringan Internet Banten,dsl
147097,PT Jangkau Lintas Nusantara,dsl
147101,PT Lintas Teknologi Solusindo,dsl
147121,PT Marva Global Telekomunikasi,dsl
147126,PT Patra Sinar Teknologi,dsl
147154,PT Pass Internet Indonesia,dsl
147224,WSNL BROADBAND PRIVATE LIMITED,dsl
149306,Khilgaon Dot Net,dsl
149334,PT Mitra Andalan Nusa,dsl
149335,PT Gogiga Media Teknologi,dsl
149359,PT Persada Data Multimedia,dsl
149401,PT Sintesa Sinergi Nusantara,dsl
149404,PT Cepat Multi Data,dsl
149419,A.A Networks PVT Ltd,dsl
149433,FM Networks,dsl
149445,Patriot Technologies,dsl
149533,MRKR COMMUNICATIONS PRIVATE LIMITED,dsl
149664,PT NKNET Data Media,dsl
149672,PT Aktech Digital Solutions,dsl
149675,PT Garuda Lintas Cakrawala,dsl
149689,PT Akm Link Net,dsl
149697,PT Global Internet Solusindo,dsl
149712,PT Lingkar Kabel Telekomunikasi,dsl
149714,PT Lare Osing Ndo,dsl
149723,PT Afna Digital Indonesia,dsl
149728,PT Arsya Bintang Nusantara,dsl
149742,PT Urban Teknologi Nusantara,dsl
149744,PT Misqot Sejahtera Indonesia,dsl
149746,PT Blip Integrator Provider,dsl
149749,PT Pratama Komunika Sejahtera,dsl
149863,D TAJ ONLINE,dsl
149874,Multiwave Networks Pty Ltd,dsl
149881,PT Wikaplus Global Nusantara,dsl
149903,PT Pandawa Lintas Media,dsl
149915,PT Lintas Daya Nusantara,dsl
149925,PT Sakti Wijaya Network,dsl
149930,PT Replay Inti Media,dsl
149934,PT Pangkalan Lintas Data,dsl
149964,PT Mitracom Solusi Teknologi,dsl
150000,Data-Beam Business Solution,dsl
150008,Pioneer Elabs Ltd.,dsl
150022,METAWAVES PVT LTD,dsl
150034,FOFO NETWORKS PVT LTD,dsl
150073,WINNET BROADBAND PRIVATE LIMITED,dsl
150187,PT Indo Teknologi Konstruksi,dsl
150191,PT Sarana Intimedia Telematika,dsl
150193,PT Olean Permata Telematika,dsl
150202,PT Nanaka Network Communication,dsl
150232,PT Disafa Cahaya Utama,dsl
150242,PT Kampung Dua Net,dsl
150256,PT Interkoneksi Jaringan Data Nusantara,dsl
150257,PT Telindo Flash Mediatama,dsl
150272,PT Golden Network Nusantara,dsl
150279,PT Lintas Network Solusi,dsl
150462,PT Air Lintas Komunikasi,dsl
150487,PT Nusantara Akses Telekomunikasi,dsl
150501,PT Haci Telekomunikasi Indonesia,dsl
150509,PT Twins Data Pratama,dsl
150517,PT Media Grasi Internet,dsl
150519,PT Harmonika Multimedia Sawangan,dsl
150540,PT. Kalam Digital Signalindo,dsl
150552,PT Link Data Sumber Barokah,dsl
150555,PT Binerkahan Digital Telco,dsl
150557,PT Hasibuan Telekomunikasi Indonesia,dsl
150683,FASTTEL BROADBAND (PRIVATE) LIMITED,dsl
150697,S N FIBER,dsl
150701,Regiment Technologies,dsl
150750,IN CABLE INTERNET (PRIVATE) LIMITED,dsl
150931,PT Denta Sejahtera Group,dsl
150940,PT Mapalus Media Telekomunikasi,dsl
150942,PT Lambda Sinergi Telekomunikasi,dsl
150961,PT Pandeglang Akses Semesta,dsl
150972,PT Andal Berjaya Infomedia,dsl
150980,PT Menara Digital Salama,dsl
150986,PT Altafocus Media Center,dsl
150989,PT Media Akses Telematika,dsl
151064,FIC TECHNOLOGIES,dsl
151330,PLAY BROADBAND (PRIVATE) LIMITED,dsl
151396,Sajilo Net Pvt Ltd,dsl
151473,GAMMA LINKS PVT LTD,dsl
151505,PT Iktiar Doa Tawakal,dsl
151521,PT Exabit Group Network,dsl
151522,PT Lintas Data Trans,dsl
151533,PT Sarana Optima Berdikari,dsl
151549,PT Sarana Kawan Setia,dsl
151585,PT Wifa Lintas Data,dsl
151586,PT Bintang Semesta Telematika,dsl
151600,PT Inti Data Guna,dsl
151608,Blue Communication,dsl
151620,AVEVA RESOURCE,dsl
151633,Archon Data Solutions,dsl
151660,Neptune Internet,dsl
151667,G Net Service,dsl
151757,WEONE BROADAND PRIVATE LIMITED,dsl
151781,Rabbit Internet,dsl
151992,PT Jet Cyber Network Nusantara,dsl
151995,PT Wifipedia Sinergi Telematika,dsl
152005,PT Soultan Network Indonesia,dsl
152023,PT Gelam Net Solusi,dsl
152026,PT Anten Sarana Teknologi,dsl
152060,PT Surya Bestari Lestari,dsl
152073,PT Media Balai Nusa,dsl
152141,R-NET Wired Internet Services,dsl
152300,Sky Link Net,dsl
152322,Hilsa BD Broadband Network,dsl
152328,AVA BD NETWORK,dsl
152344,PT Linea Global Teknologi,dsl
152406,PT Griya Akses Teknologi,dsl
152411,PT Ismaya Djati Nuswantara,dsl
152449,IST,dsl
152488,BLUELINE BROADBAND PRIVATE LIMITED,dsl
152605,Z COM NETWORKS,dsl
152758,PT Akses Data Indoraya,dsl
152764,PT Cemerlang Internet Indonesia,dsl
152794,PT Net Patmedia Krama,dsl
152796,PT Satu Lima Indonesia,dsl
152825,PT Teradata Bintang Selaras,dsl
152841,PT Lintas Media Solusindo,dsl
153060,PT Nara Borneo Pratama,dsl
153073,PT Kanal Telu Multiteknologi,dsl
153079,PT Citra Jaya Adiwangsa,dsl
153085,PT Berkah Setia Digital,dsl
153122,PT Landak Annorty Net,dsl
153124,PT Cahaya Data Nusantara,dsl
153131,PT Maintek Juara Intisolusi,dsl
153234,SYXM CONECTIFY PRIVATE LIMITED,dsl
153292,Nextbit Communication Private Limited,dsl
153327,PT Adisesha Paladium Interchange,dsl
153573,PT BAYU MULTIMEDIA TELEKOMUNIKASI,dsl
153615,PT Lentera Abadi Solusinet,dsl
153664,PT Naomi Aurora Teknologi,dsl
153768,PT Signall Network Nusantara,dsl
153893,PT TENGGARA MULTIMEDIA GEMILANG,dsl
154146,PT Global Asta Systelematika,dsl
154189,Fiber 4,dsl
154210,PT Pituama Unggulan Teknologi,dsl
154223,DIGITAL WORLDLINK NETWORK (PRIVATE) LIMITED,dsl
154365,PT Bagian Teknologi Nusantara,dsl
154444,PT Nusa Data Koneksi,dsl
154449,Dream Solution Networks,dsl
196655,Nivos Energia Oy,dsl
196705,Ardinvest LTD,dsl
196714,Thueringer Netkom GmbH,dsl
196927,Regionalna Telewizja Kablowa Spolka Jawna L.Iwanski i...,dsl
196949,Natalia Sergeevna Filicheva,dsl
196954,Epcan GmbH,dsl
196968,Ilm-Provider UG (haftungsbeschraenkt),dsl
197023,MTS PJSC,dsl
197078,Yarnet Ltd,dsl
197146,PPHU Multicom Kumor Pawel,dsl
197207,Hamrahe Avval (Mobile Communication Company of Iran),dsl
197288,Norlys Digital A/S,dsl
197301,Parknet F.M.B.A.,dsl
197423,Jotel d.o.o.,dsl
197524,Leonet GmbH,dsl
197558,Muth Citynetz Halle GmbH,dsl
197637,ropa GmbH,dsl
197704,24IT MEDIA Sp. z o.o.,dsl
197793,Gigabit LLC,dsl
197897,5KOM OOD,dsl
198253,Kukushkin Anatoly Valerievich,dsl
198293,CDIT GIGABYTE,dsl
198408,E-Mouse Karol Urbanowicz,dsl
198440,AllPoints Fibre Networks Limited,dsl
198471,Opnet Srl,dsl
198570,Stadtnetz Bamberg Gesellschaft fuer Telekommunikation mbH,dsl
198589,Al-Jazeera Al-Arabiya Company for Communication and I...,dsl
198690,Fibrecast Ltd.,dsl
198709,Jacek Jarosz trading as Info Serwis,dsl
198722,1310 Limited,dsl
198726,Wemaconnect GmbH,dsl
198731,Prisco Electronica S.L.,dsl
198793,IP Benda Artyom Sergeevich,dsl
198813,SychrovNET s.r.o,dsl
198820,Limited Liability Company Radio Network,dsl
198859,Osuuskunta Keskikaista,dsl
198930,Vereinigte Stadtwerke Media GmbH,dsl
199082,Razavi Information and communication technology company Plc,dsl
199087,KaseNet Oy,dsl
199173,TechnoLux Ltd.,dsl
199284,Thueringer Netkom GmbH,dsl
199298,Jan Stetina,dsl
199452,MS3 Networks Ltd,dsl
199468,GRAIN COMMUNICATIONS LIMITED,dsl
199480,Alajärven Puhelinosuuskunta JAPO,dsl
199496,E-PORTS AMPLE DE BANDA I INTERNET S.L.,dsl
199508,S1 Networks Oy,dsl
199634,Yedinaya Setevaya Kompaniya Ltd,dsl
199775,Connexin Limited,dsl
199811,Wifx SA,dsl
199995,Omega Telecom LLC,dsl
200119,Michael Jochen Korn,dsl
200278,Kai Rottleb,dsl
200444,Glenn Haeger trading as GLH Netsolutions,dsl
200735,MN Glasfaser GmbH trading as MUENET GmbH & Co. KG,dsl
200736,MEDIANET INVEST AE,dsl
200773,INFORMATICA FUENTEALBILLA S.L.,dsl
200845,"AVATEL TELECOM, SA",dsl
200868,Kapalvæðing ehf,dsl
200924,Stiegeler Internet Service GmbH,dsl
201006,Kuuskaistan Palvelut Oy,dsl
201019,P4 Sp. z o.o.,dsl
201172,Suupohjan Seutuverkko Oy,dsl
201211,Drugoy Telecom LLC,dsl
201290,BlackGATE B.V.,dsl
201540,Pishgaman Toseeh Fanavari Etelaat Va Ertebatat Jonoub...,dsl
201556,Videoline LLC,dsl
201587,verkko-osuuskunta Kuuskaista,dsl
201746,Olivenet Network S.L.,dsl
201749,SUPER CELL NETWORK FOR INTERNET SERVICES LTD,dsl
201776,Miranda-Media Ltd,dsl
201798,Bogons Ltd,dsl
201838,Community Fibre Limited,dsl
201952,LTD AtelRybinsk,dsl
201962,Michael Rack,dsl
202050,STIMO.NET SP. Z O.O.,dsl
202098,ENEL S.p.A,dsl
202208,Teutel GmbH,dsl
202246,Valoo Oy,dsl
202279,STATE UNITARY ENTERPRISE OF THE DONETSK PEOPLES REPU...,dsl
202282,FIBRUS NETWORKS LTD,dsl
202441,mts D.O.O,dsl
202596,G.Network Communications Limited,dsl
202613,Aruba S.p.A.,dsl
202813,"LIBERATEL COMUNICACIONES, S.L.",dsl
202870,Dimensione S.r.l.,dsl
202911,New Age Networks Ltd.,dsl
202921,CC INTERNET s.r.o.,dsl
202940,ITC NG ltd,dsl
203206,A.C. NetFlash Technologies Ltd,dsl
203217,Horizon Scope Mobile Telecom WLL,dsl
203293,Norbert Herter trading as Regionetz.net,dsl
203568,Airband Community Internet Ltd,dsl
203817,Kuhmon kyläverkko-osuuskunta,dsl
203847,Marconi Solutions Srls,dsl
203953,Hiper A/S,dsl
203971,AzFiberNet LLC,dsl
204151,EWII Bredbaand A/S,dsl
204161,Alexey Geiner,dsl
204170,Awaser Oman LLC,dsl
204274,AURA Fiber A/S,dsl
204332,TKC system s.r.o.,dsl
204538,Kareby Hosting AB,dsl
204731,FIBRENEST LIMITED,dsl
204779,Local Loop Oy,dsl
204989,Rekers Digitaltechnik Beteiligungsgesellschaft mbH tr...,dsl
205254,"Valeen for General trading, Internet Services and Inf...",dsl
205473,SAWAD LAND for Information Technology Ltd,dsl
205515,Telecommunication Systems LLC,dsl
205669,Association ResEl,dsl
205714,Telemach Hrvatska d.o.o.,dsl
205771,OCTAPLUS NETWORKS LTD,dsl
205806,Stadtwerke Neustrelitz GmbH,dsl
205844,Stadtwerke Schorndorf GmbH,dsl
205889,Giga Nineveh for internet services Ltd,dsl
205975,Fibre Assets Ltd,dsl
205998,Skytel LLC,dsl
206067,Hutchison 3G UK Limited,dsl
206111,LinkIT SIA,dsl
206196,Stadtwerke Lutherstadt Eisleben GmbH,dsl
206206,Kurdistan Net Company for Computer and Internet Ltd.,dsl
206260,Svorka AS,dsl
206262,TelKos L.L.C,dsl
206347,Wessex Internet Limited,dsl
206366,Rural Telecom SL,dsl
206509,KCOM Group Limited,dsl
206774,Internetnord AB,dsl
206920,Glentevejs Antennelaug,dsl
206978,Stadtwerke Meerane GmbH,dsl
207017,Skywire ApS,dsl
207144,SOFCOMPANY Ltd,dsl
207369,"Skynet Telecom, LLC",dsl
207375,Fiber Operator B.V.,dsl
207645,F & W Networks Ltd,dsl
207860,Via Web Net Telecom LTDA,dsl
207987,EM SISTEMAS INFORMATICOS Y TELECOMUNICACIONES DE MALL...,dsl
207995,Lightning Fibre,dsl
208038,ITTak LLC,dsl
208041,Rafal Rajba trading as Intertell sp. z o.o.,dsl
208189,AllPoints Fibre Networks Limited,dsl
208397,INFOSTROY LLC,dsl
208594,Netbone Telekomunikasyon A.S.,dsl
208599,Lounea (ex. Kalajoen Kuitu),dsl
208687,AllPoints Fibre Networks Limited,dsl
208882,"Automation & Business, s.r.o.",dsl
208909,Gurbtec Iguana Telecom SL,dsl
208972,GIBIRNet Iletisim,dsl
208988,Buchholz Digital GmbH,dsl
209002,Blackberry Capital Limited LLC,dsl
209275,NETMAX TELEKOMUNIKASYON ILETISIM HIZMETLERI TICARET L...,dsl
209400,KurpfalzTEL GmbH,dsl
209528,MyWebCity Denmark ApS,dsl
209551,Amisol GmbH,dsl
209863,PROLVL Ltd.,dsl
210218,Open Fiber S.P.A.,dsl
210278,Sky Italia srl,dsl
210490,FOP Matishynets Serhii,dsl
210616,SM Ltd.,dsl
210619,Monkey Tree Hosting Limited,dsl
210874,Box Broadband Limited,dsl
211215,Fibernet Finland Oy,dsl
211309,Obos Nett AS,dsl
211597,Lit Fibre Group Ltd.,dsl
211785,TechLabItalia s.r.l.,dsl
211873,Stadtwerke Merseburg GmbH,dsl
212109,Squirrel Internet Ltd,dsl
212193,VIVA INTERNET LIMITED SIRKETI,dsl
212263,Rocket Fibre Ltd,dsl
212655,YouFibre Limited,dsl
212665,Sandefjord Fiber AS,dsl
212683,Olilo UK & Ireland Ltd,dsl
212751,Onorato Massimiliano trading as MAXIDEA SAS,dsl
212756,SmartLink for Internet Services LTD,dsl
212897,JETNET KOMUNIKACIJE DOO,dsl
213269,Oulun Seudun Sähkö Kuitu Oy,dsl
213281,Greenfiber Internet & Dienste GmbH,dsl
213494,STSNET LLC,dsl
213746,Fiberwave Szolgaltato Bt.,dsl
215066,Aquiss Limited,dsl
215367,LENIN JABIB RAMIREZ,dsl
215423,FIFTH GENERTION NEW AGE LTD,dsl
215523,Yayzi Broadband Limited,dsl
216275,Netnørden ApS,dsl
216392,SERGI GARCIA JIMENEZ,dsl
262186,TV AZTECA SUCURSAL COLOMBIA,dsl
262197,MILLICOM CABLE COSTA RICA S.A.,dsl
262202,"Telefonica de Costa Rica TC, SA",dsl
262210,VIETTEL PERÚ S.A.C.,dsl
262253,Fiberlux,dsl
262274,ORLA TELECOM,dsl
262293,Tcm Tv Cabo Mossoro,dsl
262301,NETMIG TELECOM EIRELI,dsl
262313,Internet Pinheirense Ltda - ME,dsl
262322,IW INTERNET,dsl
262324,ALLREDE TELECOM LTDA,dsl
262354,LIGUE MÓVEL S.A.,dsl
262361,Deznet Telecom Ltda.,dsl
262362,B. D. MATOS & CIA LTDA - SINET INTERNET,dsl
262364,VIASATDIGITAL TELECOM LTDA,dsl
262378,Webflash / COMPUSERVICE EMPREENDIMENTOS LTDA,dsl
262380,Rontel LTDA,dsl
262393,A ALVES GOMES INFORMATICA - ME,dsl
262394,Internet 5.8 Ltda-ME,dsl
262403,Net Way Telecom LTDA ME,dsl
262416,GLOBALL TELECOM,dsl
262417,UltraTelecom Provedora de Internet,dsl
262422,Vipsnet Telecomunicacoes,dsl
262426,BRAVA INTERNET,dsl
262452,RVC FIBRA,dsl
262456,ELO MULTIMIDIA LTDA,dsl
262457,HELLO BRAZIL TELECOM,dsl
262463,TELECOM CORDEIROPOLIS LTDA - ME,dsl
262468,ATEL ( Natel Telecom Ltda ),dsl
262469,ZaaZ Telecom,dsl
262476,BRCENTRAL TELECOM,dsl
262478,AUE Provedor de Internet LTDA.,dsl
262494,Virtex Telecom,dsl
262519,Milla Internet,dsl
262523,HELP DESK NET TELECOMUNICACOES LTDA ME,dsl
262531,COMBO LIVRE TELECOM,dsl
262532,NET ONDA SERVICOS DE INTERNET LTDA,dsl
262537,DataSafeIT Solucoes em Tecnologia,dsl
262543,Minha New Life,dsl
262544,RazaoInfo Internet Ltda,dsl
262588,EXPLORERNET INFOLINK TECNOLOGIA E TELECOMUNICACOES,dsl
262591,CONECTION SERVICOS DE VALOR ADICIONADO LTDA,dsl
262612,INFO PROJEKT,dsl
262616,Virtual Slice Telecom Ltda,dsl
262617,Vox Conexao,dsl
262633,ZAIKON INTERNET,dsl
262648,BRAVA TELECOMUNICACOES PONTES E LACERDA LTDA - EPP,dsl
262659,VERO S.A,dsl
262664,GIGALINE INTERNET SERVICOS DE INFORMATICA LTDA,dsl
262669,VALE NET,dsl
262673,VERO S.A,dsl
262689,UNOUN INTERNET LTDA,dsl
262708,Bit Fibra,dsl
262713,LIDERI TELECOM,dsl
262715,Caezar Provedor de Internet EIRELI,dsl
262720,GIGABYTE TELECOM,dsl
262732,Sygo Internet,dsl
262753,VOCE TELECOMUNICACOES LTDA,dsl
262792,GRUPO VESC,dsl
262812,Connectsul Telecomunicações,dsl
262813,Superimagem Tecnologia em Eletrônica Ltda,dsl
262818,Cianet,dsl
262820,Olá Telecom,dsl
262824,Net System Telecom,dsl
262826,ATENAS NETWORKS,dsl
262832,Link Cariri,dsl
262841,Portal Itaipu,dsl
262847,DBUG TELECOM LTDA,dsl
262855,ÁGIL FIBRA,dsl
262880,RADAR WISP LTDA,dsl
262891,C3 Telecom,dsl
262906,Vooa - Internet Para Sempre,dsl
262907,Brasil TecPar,dsl
262928,DIRECTV COLOMBIA LTDA.,dsl
262940,Gigabyte Informatica,dsl
262947,MEGALYNK SERVIÇOS DE TELECOMUNICAÇÕES LTDA,dsl
262953,VCG GIRARDI INFORMATICA LTDA,dsl
262979,LINE TELECOM LTDA,dsl
262996,MEGAMINAS TELECOMUNICACOES LTDA,dsl
262997,FAAr turboNet LTDA.,dsl
263006,Interone Telecom Ltda,dsl
263008,RIO CABLE TELECOM,dsl
263010,Ricardo Adolfo Martins ME,dsl
263011,6P Telecom Ltda,dsl
263036,Fox Conect Provedor de Internet LTDA,dsl
263059,Cleber Luciano dos Anjos,dsl
263077,RazaoInfo Internet Ltda,dsl
263085,INTERFACE NET TELECOM,dsl
263089,LUXTEL INTERNET,dsl
263090,NETWORK TELECOM,dsl
263097,BRAVA INTERNET,dsl
263099,STIW Sistema de Telecom. Inf e Wireless LTDA,dsl
263102,Flashnet,dsl
263137,YUNE NET TELECOMUNICACOES LTDA,dsl
263142,Route Way Telecomunicações LTDA ME,dsl
263175,GUYACOM,dsl
263223,SATELITES Y TELECOMUNICACIONES C.A,dsl
263250,Telecom Provider,dsl
263262,MOV TELECOM LTDA,dsl
263276,BBG TELECOM LTDA,dsl
263281,CBR TELECOM,dsl
263285,Speed Net / Tiago Silva Provedores LTDA,dsl
263289,Palmasnet Informática LTDA,dsl
263292,JR TELECOM,dsl
263317,VoxTech Telecom,dsl
263327,ONLINE TELECOMUNICACOES LTDA,dsl
263343,PC2 TELECOM,dsl
263350,Alfatech Telecom,dsl
263359,CyberTech Informática Ltda.,dsl
263377,Metrovia Telecom,dsl
263411,ONIX TELECOM,dsl
263427,Grupo BitNet,dsl
263439,Saber Informática LTDA,dsl
263464,ServiceNet Telecom,dsl
263466,FRENTE TELECOM,dsl
263483,DIRECT LAN TELECOMUNICAÇÕES SOROCABA LTDA,dsl
263484,Rede Brasil Internet Banda Larga,dsl
263526,NEW TECNOLOGIA DA INFORMAÇÃO LTDA - ME,dsl
263544,Várzea Net Telecomunicações Ltda ME,dsl
263562,Speet Serviços de Telecomunicações Ltda - ME,dsl
263566,Rondonet Telecom,dsl
263611,ZUM TELECOM LTDA- ME,dsl
263614,RVA TELECOM LTDA,dsl
263635,REDE G2 LTDA - ME,dsl
263648,PONTOCOMNET,dsl
263651,Rede Brasil Fibra,dsl
263661,Brasil Digital Telecom,dsl
263693,WICORP SA,dsl
263703,VIGINET C.A (vnet),dsl
263769,ByteSolution S.A. (WispSolution Internet),dsl
263806,Simple (Galaxy Enterainment),dsl
263834,GESATEL / VILLA GESELL TELEVISION COMUNITARIA S.A.,dsl
263886,Esternet.com,dsl
263904,IUB Telecom Ltda,dsl
263905,New Group Telecomunicacoes LTDA,dsl
263906,SE-CONNECT INTERNET BANDA LARGA LTDA ME,dsl
263910,Gurisat Gurinet Ltda Me,dsl
263921,PCNET Telecom,dsl
263929,PORTAL DAMASCENO LTDA,dsl
263941,TOGONET SERVIÇOS DE COMUNICAÇÃO,dsl
263947,VirtualSpace Telecom,dsl
263948,NEW LIFE TELECOM,dsl
263961,NETMASTER SERVICOS DE TELECOMUNICACOES LTDA,dsl
263972,Litoral Net,dsl
263990,FASTNET COMUNICACAO EIRELI - ME,dsl
263998,SIM FIBRA,dsl
264015,VIAVETORIAL INTERNET LTDA,dsl
264042,LC VIRTUAL NET,dsl
264046,GM SOLUÇÕES,dsl
264050,N. DE CARVALHO SANTANA EIRELI,dsl
264056,ULI TELECOM LTDA,dsl
264075,AMO Telecom,dsl
264079,REDE SPEEDNET TELECOM LTDA ME,dsl
264091,LANSERVI TECNOLOGIA,dsl
264108,M R REDES DE TELECOMUNICAÇOES LTDA,dsl
264126,SIX INTERNET LTDA,dsl
264129,FLIP TELECOMUNICACOES LTDA,dsl
264134,PROFLINE INTERNET,dsl
264137,DUX TELECOM LTDA,dsl
264162,Turbi Ultra Fibra,dsl
264168,ClickNet Matupá,dsl
264191,Temais Internet,dsl
264195,VAMO TELECOM,dsl
264200,CONEX TELECOM,dsl
264202,Via Parque,dsl
264221,ONLINE NORTE TELECOM LTDA,dsl
264235,FUTURAMA INFORMATICA LTDA - ME,dsl
264275,ROLIM NET TECNOLOGIA LTDA,dsl
264283,Net Triangulo Telecom Ltda - ME,dsl
264320,STYLOSNET,dsl
264350,Rebol Comunicações,dsl
264353,Catalão Bandnet Serviços Multimídia LTDA - ME,dsl
264369,REDE IOL,dsl
264386,DOMINET TELECOM,dsl
264400,ERR_AS_NAME_NOT_FOUND,dsl
264406,ContilNet Telecom,dsl
264443,Policanal Serviços de Telecomunicações Ltda.,dsl
264460,SIGA FIBRA LTDA,dsl
264473,POLOTEL TELECOM LOCAÇÃO E DES. DE. SITES LTDA,dsl
264491,SONIK SERVIÇOS DE COMUNICAÇÃO LTDA,dsl
264500,SoulTelecom - Provedor de Acesso a Internet,dsl
264503,Connect Telecom,dsl
264536,DIRETRIX COMÉRCIO INFORMATICA LTDA.,dsl
264556,GARCIA NET TELECOM,dsl
264562,Texnet,dsl
264567,Loop Fibra,dsl
264570,RTL FIBRA,dsl
264573,GNEX LTDA,dsl
264577,Silva Telecom,dsl
264579,NET MAIS TELECOMUNICACOES LTDA,dsl
264602,Cecelnet,dsl
264628,Conex Telecom / Fibex Telecom,dsl
264645,NEW MILLENNIUM TELECOM SERVICES N.V.,dsl
264668,NEGOCIOS Y TELEFONIA NEDETEL S.A.,dsl
264732,NETLATIN S.R.L.,dsl
264758,ISP GROUP SRL,dsl
264814,BITRED GROUP SPA,dsl
264827,WIRCOM S.P.A.,dsl
264867,Click Telecomunicação Ltda ME,dsl
264881,NTG COMUNICACOES LTDA,dsl
264900,RJNET Telecomunicacoes Ltda ME,dsl
264912,Alcantara e Oliveira Ltda Me,dsl
264921,LASER PROVEDOR DE INTERNET LTDA - ME,dsl
264944,enzo serviços e comercio de telecomunicações ltda,dsl
264963,LUMIAR TELECOMUNICAÇÔES,dsl
264969,KIM NET SOLUCOES EM INTERNET LIMITADA,dsl
264978,SP-Link / Severo e Prado LTDA,dsl
265008,T.I. CONNECT,dsl
265010,Connect Telecom,dsl
265029,GRUPO WG INFORMÁTICA,dsl
265040,Acnet Provider,dsl
265043,GPP SOLUCOES EM INFORMATICA,dsl
265050,S.O.S. TELECOM LTDA,dsl
265061,GC NET,dsl
265086,GUARATIBA TELECOM SERVICOS DE COMUNICACOES LTDA ME,dsl
265087,ANA PAULA SANTOS DE AMORIM - ME,dsl
265093,PegaNet Telecom,dsl
265124,Naveg Telecom,dsl
265169,VIPNETT TELECOM,dsl
265172,NAVELINK NET,dsl
265197,Nevoli Telecom,dsl
265207,PLUS PROVEDOR DE INTERNET LTDA - ME,dsl
265220,polixnet telecomunicacoes ltda,dsl
265231,MF TELECOM LTDA,dsl
265234,N-MULTIMIDIA TELECOMUNICACOES LTDA - ME,dsl
265259,Virtual Internet,dsl
265265,SANNET TECNOLOGIA,dsl
265275,Netsystem Informatica,dsl
265294,ACE COMERCIO E SERVICOS DE INFORMATICA LTDA - ME,dsl
265295,Speedy Info,dsl
265307,PLANETY INTERNET SERVIÇOS E COMUNICAÇÕES LTDA - ME,dsl
265326,Netfacil Provedor Banda Larga,dsl
265369,C-ComTelecom Servios Ltda-ME,dsl
265398,nobre telecom ltda,dsl
265411,COMANDOS TELECOM,dsl
265430,JDA Net - SKYNET Teleinformatica,dsl
265435,Rede Visual Net Telecom,dsl
265480,OUROMAX TELECOM,dsl
265540,"ALTAN REDES, S.A.P.I. de C. V.",dsl
265625,Jafica Telecomuniciones SAS de CV,dsl
265641,TELECOMUNICACIONES ROCARLI C.A (CIX BROADBAND),dsl
265642,INETAMERICAS COMUNICACIONES LIMITADA,dsl
265662,TLINK SPA,dsl
265721,Cable Atlantico SRL,dsl
265757,Intersur Limitada,dsl
265816,DELCO IMAGEN S.A.,dsl
265858,NETDELSUR TELECOMUNICACIONES SPA,dsl
265886,Plyx Banda Larga,dsl
265899,Hokinet,dsl
265904,Voe Telecom,dsl
265917,RJ NET BRASIL TELECOM LTDA,dsl
265918,SMART LINCK TELECOMUNICACOES LTDA,dsl
265936,TURBONET CE,dsl
265946,SPEED CONECTE SERVICOS DE INTERNET LTDA - ME,dsl
265948,WANDA BENTO DE MORAIS SILVA - ME,dsl
265955,Mega Link Telecom,dsl
265968,FICA TELECOM,dsl
265986,Linkup Telecomunicações,dsl
265989,GARCIA NET TELECOM LTDA,dsl
265990,SPEEDNET TECNOLOGIA DIGITAL LTDA-ME,dsl
265998,Click Net,dsl
266010,BOA VISTA NET SERVICOS DE COMUNICACAO LTDA,dsl
266013,Tec Sul / MORA-TEC EQUIPAMENTOS LTDA,dsl
266021,Fibramax Internet,dsl
266040,PROVEDOR UNIVERSAL,dsl
266061,Radio Gaga Internet e Serviços Ltda,dsl
266066,I9VA TELECOM EIRELI,dsl
266070,Embracore Informática LTDA ME,dsl
266080,Nova Conexao Com Voce,dsl
266090,H NEWS TELECOMUNICACOES E INFORMATICA LTDA - ME,dsl
266095,Zetec Telecom,dsl
266103,AGILITY TELECOM,dsl
266111,REDE SUPERNET,dsl
266121,SUPER SONIC TELECOM LTDA,dsl
266140,CMC Telecom / Ágil Internet,dsl
266145,NOVA TECNOLOGIA,dsl
266164,Henrique Esdras dos Santos - ME,dsl
266188,bipNET Telecom,dsl
266190,JABOATÃONET SERVIÇOS DE COMUNICAÇÃO MULTIMIDIA LTD,dsl
266196,BRASCOM SOLUCOES E TECNOLOGIA LTDA ME,dsl
266204,ISOU INTERNET LTDA,dsl
266214,UTIL PROVEDOR DE INTERNET LTDA - ME,dsl
266242,VIANET GUARACIAMA EIRELI ME,dsl
266253,BC NET COMUNICACOES LTDA,dsl
266256,Internet 10 Fibra Óptica,dsl
266260,ITOP TELECOM LTDA - ME,dsl
266265,TECNET TELECOM,dsl
266270,Central Net Telecom,dsl
266271,INTERAGE TELECOMUNICACOES E INFORMATICA LTDA ME,dsl
266272,MAGOFY TELECOMUNICACOES LTDA,dsl
266277,NOVAREDENET LTDA ME,dsl
266284,Norte-Tel Telecomunicacoes LTDA,dsl
266285,Flashnet Telecom (Giga Flash),dsl
266312,NaveNet servicos de internet ltda,dsl
266321,Joao Pinoti dos Santos-ME,dsl
266337,CLIC FÁCIL PROVEDOR,dsl
266345,Internet da Bahia Telecom,dsl
266377,Agility Telecom (Independência),dsl
266381,Galax Telecom,dsl
266391,SuperNet,dsl
266475,Sem Fronteiras,dsl
266493,R. L. HOFFMANN,dsl
266535,PELIKAN NET LTDA-ME,dsl
266547,Fastsignal Com. e Serv. de informática Ltda,dsl
266566,Stamp Provedor de Internet & TV,dsl
266572,WORLDNET TELECOMUNICAÇÕES,dsl
266577,CRAVNET INFORMATICA LTDA,dsl
266595,NOVA CONEXAO INTERNET LTDA,dsl
266598,AGORA I9 INFORMÁTICA,dsl
266599,CR TECHNOLOGIE LTDA,dsl
266606,VSTNETFIBER TELECOM,dsl
266623,New Fibra,dsl
266626,Litoral Telecom,dsl
266644,AllG Connect,dsl
266768,ALKON SAS,dsl
266776,SOCIEDAD CONSULTORES EN INFORMATICA VARGAS Y COMPAÑI...,dsl
266917,Pontocom Telecom,dsl
266920,Globofiber Telecom,dsl
266931,NOVELL INTERNET,dsl
266935,CENTROSULNET INFORMATICA EIRELI,dsl
266936,MT-TELECOM SUL,dsl
266956,Top Net Services LTDA,dsl
266962,GILSON NET,dsl
266984,NAVIX TELECOM,dsl
266985,CONECTJET LAGOS INTERNET BANDA LARGA LTDA - ME,dsl
267013,INTERNET SOLUTION PROVIDER TELECOM. LTDA ME,dsl
267015,ESADINET - EMPRESA DE SERVICOS ADM. DE ITUBERA LTD,dsl
267026,Velnet / BLTV COMUNICACOES LTDA,dsl
267027,REDENET PROVEDOR,dsl
267033,Serrasul Telecom LTDA,dsl
267046,WF PROVEDOR,dsl
267071,America Internet,dsl
267073,L A P JUNIOR EIRELI - ME,dsl
267088,Rede Spirit Telecom,dsl
267113,CLICKCONNECT SOLUCOES EM INTERNET E TECNOLOGIA,dsl
267115,Ferreira Net,dsl
267124,Virtualnet.tv.br,dsl
267126,SHIELD TELECOM LTDA,dsl
267127,PH Telecom,dsl
267161,OXE TELECOM LTDA,dsl
267169,ONLINE TELECOMUNICACOES E SERVICOS LTDA,dsl
267178,UNO INTERNET LTDA,dsl
267202,LIFE NETWORKS COMUNICACAO.,dsl
267205,JOTAZO TELECOM,dsl
267225,Filhonet Telecomunicacoes Ltda - ME,dsl
267234,Vale Internet e TV,dsl
267261,PROXER TELECOMUNICAÇÕES LTDA ME,dsl
267267,FacilNet Telecom,dsl
267283,JUSSIAPENET TELECOM LTDA,dsl
267293,Castrum Servicos Especializados ltda,dsl
267318,SEEG FIBRAS,dsl
267319,Flash Conexao LTDA,dsl
267321,NTISP TELECOM,dsl
267335,MUNDIAL TELECOMUNICACAO LTDA - ME,dsl
267343,ANNET TELECOM,dsl
267365,Giga Tecnologia em Redes e Internet LTDA,dsl
267369,MAFREDINE TELECOMUNICAÇÕES EIRELI,dsl
267381,SLIM FIBRA DO BRASIL,dsl
267398,Mega IP Connect,dsl
267424,BR364 SERVIÇOS DE TELECOMUNICAÇÃO,dsl
267442,Zappen Internet,dsl
267450,oliveira & sousa comunicações Ltda,dsl
267452,CABONNET INTERNET LTDA,dsl
267458,K2 Network,dsl
267468,MT TECNOLOGIA,dsl
267471,Eurocom,dsl
267492,THOMES NET,dsl
267521,ULTRANET NETWORK,dsl
267531,Barrapro,dsl
267542,ED-LINK TELECOM,dsl
267550,Chip News Provedor de Internet Eireli,dsl
267566,QualityNet,dsl
267567,Radiun Servicos de Provedor de Internet Ltda,dsl
267570,Naweg Internet Ltda,dsl
267578,WLINKS INTERNET,dsl
267587,VEL FIBRA,dsl
267593,TELLIUS TELECOMUNICACOES DAS AMERICAS LTDA,dsl
267606,D&N TELECOM,dsl
267614,SIGAON SERVICOS TELECOMUNICACOES EIRELE,dsl
267641,TN PROVEDOR,dsl
267642,ALTERNATIVA INTERNET,dsl
267660,AGILITY TELECOM,dsl
267758,FIBERNET CHILE TELECOMUNICACIONES SpA,dsl
267809,360NET C.A.,dsl
267811,FRESH TECHS C.A.,dsl
267818,OPTVE TELECOMUNICACIONES SpA,dsl
267851,SERVICIOS INFORMÁTICOS IGNACIO LIZANA CARREÑO E.I.R...,dsl
267940,Olhar Digital Telecom Ltda,dsl
267963,HAYAN TELECOM,dsl
267988,VLMAX TELECOMUNICACOES LTDA,dsl
267999,WK SOLUCOES INTEGRADAS LTDA,dsl
268019,FIBRA PRIME SERVICOS DE TELECOMUNICACOES LTDA,dsl
268023,USONEX SERVICOS DE TELECOMUNICACOES LTDA,dsl
268036,REDE NEWTRA TELECOMUNICACOES LTDA - ME,dsl
268042,Velonic / JET NET COMUNICACAO LTDA,dsl
268053,ONLINE PROVEDOR DE INTERNET,dsl
268068,InfoServ-NET,dsl
268069,SPACE TECNOLOGIA LTDA,dsl
268101,MIO TELECOM LTDA,dsl
268117,MEGANET SARAPUI TELECOM,dsl
268125,Jequie Telecom Servicos Ltda.,dsl
268135,INTERPLUS TECNLOGIA,dsl
268138,TH INTERNET,dsl
268145,IPV7 SERVICOS DE TELECOMUNICACOES BRASIL LTDA,dsl
268150,AtivaTec Soluções,dsl
268157,ELEVAR TELECOM,dsl
268163,OBALINK PROVEDOR,dsl
268177,VOOA CONECTA,dsl
268185,NetLink Provedor,dsl
268189,Getel Telecom,dsl
268190,LINK NET TELECOMUNICAÇÕES LTDA - ME,dsl
268194,Origem Digital (G2 Telecom),dsl
268205,Rede Brasil Networks,dsl
268207,Sim Digital,dsl
268213,Full Telecom,dsl
268214,CYBERWEB ATJP,dsl
268265,TFLink Telecom,dsl
268269,Seitel Network,dsl
268277,PROVEDOR LAN VEGAS,dsl
268314,SUPORTI TELECOM,dsl
268320,GRUPO INOVA MAIS TELECOM LTDA,dsl
268321,Pontual Telecom,dsl
268323,AZZA TELECOM SERVIÇOS EM TELECOMUNICAÇÕES LTDA,dsl
268336,Speed Wireless Fibra,dsl
268339,Planeta Net,dsl
268342,REDE NET PROVEDOR DE INTERNET,dsl
268350,R.R.COMUNICAÇÃO & MULTIMIDIA EIRELI,dsl
268351,CONEXAO VM LTDA,dsl
268353,PPLINKNET SERVICOS DE COMUNICACAO LTDA - ME,dsl
268355,Turbonet Minas,dsl
268376,IGRI TELECOM LTDA - ME,dsl
268399,UP PROVEDOR,dsl
268425,TURBOMAIS NETWORKS TELECOMUNICAÇÕES LTDA,dsl
268458,VIRTUAL NET TELECOM,dsl
268465,FastRN Telecom,dsl
268473,LinkSul internet,dsl
268487,PRISMA TELECOMUNICAÇÕES LTDA. EPP,dsl
268518,Star Net,dsl
268519,master net ltda-me,dsl
268529,CBN TELECOM,dsl
268531,Anderson Paiva Alves ME,dsl
268535,Central de Comun. e Tecnologia Kenedy & Santo LTDA,dsl
268548,Netsolutions Telecomunicacoes,dsl
268550,Campos Gerais Telecom Ltda,dsl
268551,DMC TELECOM,dsl
268552,NETSBRASIL LTDA,dsl
268560,FIBRA VIP,dsl
268563,LIGNET SERVICOS DE COMUNICACAO MULTIMIDIA EIRELI,dsl
268572,VOUE TELECOM LTDA,dsl
268574,REDE 2CR TELECOM,dsl
268578,HORUS INTERNET,dsl
268586,AllG Connect Telecom,dsl
268592,M A Conexao Eletrotecnica Multimidia Ltda ME,dsl
268604,Provedor Hi-Fi Net,dsl
268631,IBT TELECOM,dsl
268641,Espigão Max LTDA - Espigão Net,dsl
268643,GM Telecom,dsl
268647,DFLASH NET TELECOM E TURISMO LTDA,dsl
268663,CHAPANET,dsl
268669,Gigasat Internet,dsl
268682,POWERTECH INTERNET,dsl
268697,Superlink,dsl
268708,WANFIBX INET.K,dsl
268722,REA TELECOM,dsl
268725,Planex Telecom,dsl
268730,BrasilNET Telecom,dsl
268746,Powercom Network,dsl
268750,Delta-Connex (M. L. J. DANTAS - ME),dsl
268757,Pantanal Telecom,dsl
268762,TBK DA SILVA INTERNET - ME,dsl
268790,EASY NET TELECOMUNICACOES LTDA,dsl
268791,AREA 51 PROVEDOR DE INTERNET LTDA,dsl
268798,JG TELECOM,dsl
268801,intertel telecomunicacao LTDA,dsl
268805,CS INFO TELECOM LTDA,dsl
268810,BAIANA NET TELECOM LTDA,dsl
268813,Freitas Sistema de Comunicação Internet Eireli-ME,dsl
268815,L & R NET SERVICOS DE TELECOMUNICACOES LTDA - ME,dsl
268817,Acelera Telecom,dsl
268831,Flash Internet,dsl
268838,NetBR Telecom,dsl
268867,CEARÁ NET TELECOM LTDA,dsl
268873,VIU INTERNET,dsl
268875,4 E-fibra,dsl
268879,FOCONET TELECOM,dsl
268897,SUPRI NET SERVICOS E COMERCIO LTDA - ME,dsl
268914,QUETIM NET TELECOM LTDA,dsl
268915,PROVEDOR CLICNET,dsl
268936,MAXIMUS INFORMATICA LTDA ME,dsl
268940,Kayros Link,dsl
268945,Boa vista Net Ltda - me,dsl
268955,FlyNet,dsl
268970,EXPERT INTERNET LTDA,dsl
268985,VEM PRA UNO PROVEDOR DE INTERNET LTDA,dsl
269007,MATTOS EQUIPAMENTOS ELETRONICOS,dsl
269010,UNEX BUSINESS LTDA,dsl
269018,FIBER NET LTDA - ME,dsl
269035,DTELECOM FIBRA,dsl
269057,Veloz Fibra / Palmas Net,dsl
269067,RV - TELECOM LTDA ME,dsl
269069,Portal Telecom,dsl
269103,FG Telecom,dsl
269120,Internet Facil,dsl
269135,INGNET PROVEDOR DE INTERNET EIRELI,dsl
269141,BE3 TELECOM LTDA,dsl
269144,Canaã Fibra Telecom,dsl
269174,FIXANET TELECOM PROVEDOR DE INTERNET LTDA,dsl
269178,EINET TELECOM,dsl
269180,VIPNET Conexão,dsl
269245,Cabo Fibra Telecom,dsl
269251,SWLINK PROVEDOR DE INTERNET LTDA,dsl
269272,NEWNET TECNOLOGIA E PROJETOS LTDA,dsl
269293,Goldfibra Telecomunicaçoes ltda.,dsl
269299,New HB Servicos de Telecomunicacoes Ltda - ME,dsl
269351,Lets GO Internet,dsl
269359,CANAA TELECOMUNICAES,dsl
269360,ITL FIBRA,dsl
269379,JERSON UBIRATAN DA SILVA BARROS ME,dsl
269386,VELOZNET TELECOMUNICACOES LTDA,dsl
269401,GTA TELECOM,dsl
269416,SEMEAR TELECOM EIRELI,dsl
269420,IST INFORMATICA E TELECOMUNICACAO LTDA,dsl
269424,M-NET PROVEDORES DE INTERNET LTDA,dsl
269430,TERA TELECOM LTDA ME,dsl
269434,Fibercenter Telecomunicacoes,dsl
269442,We Internet Club,dsl
269457,Axon Telecom,dsl
269475,STI TELECOM,dsl
269477,CN TELECOM FIBRA LTDA,dsl
269481,CABO BRASIL TELECOM,dsl
269506,BRLOGNET TELECOMUNICACOES LTDA,dsl
269554,UAI FIBRA NET,dsl
269567,ELETRO FENIX,dsl
269571,TEX TELECOM EIRELI,dsl
269616,Conexão Link Internet,dsl
269639,WORKSAT SERVIÇOS DE TELECOMUNICAÇÕES,dsl
269643,CENTRAL NETWORKS E TECNLOGIA,dsl
269664,MAIS TELECOMUNICACOES LTDA,dsl
269667,ACESSO 3W FIBRA,dsl
269681,BEAM TELECOM IMP EXP LTDA,dsl
269683,Rednet Telecom,dsl
269701,PRIMAZ TELECOM,dsl
269721,TechNet Fibra Óptica,dsl
269749,"NETCOM PLUS, C.A",dsl
269832,MDS TELECOM C.A.,dsl
269876,"SUMINISTROS PCWESTERN, CA (WestNet)",dsl
269988,BINET NETWORKING DATA LIMITADA,dsl
270158,Wantelco SAS de CV,dsl
270175,ICENTRAL SISTEMAS Y COMUNICACIONES,dsl
270252,TVF INTERNET RAPIDA LTDA,dsl
270254,i9 Internet,dsl
270272,ZH NET,dsl
270274,CyberNet Telecom LTDA,dsl
270283,MIX NET INFORMATICA LTDA. ME,dsl
270306,PHX TELECOM,dsl
270309,TURBONET - Provedor de Acesso a Internet,dsl
270321,POP TELECOM SOLUCOES INTELIGENTES DE TELEC LTDA,dsl
270323,TERA NETWORK TELECOMUNICAÇÕES LTDA ME,dsl
270329,CENTRAL NET RO,dsl
270333,NCT - NET COMPANY TELECOM,dsl
270340,NETCOM TELECOMUNICAÇÕES LTDA,dsl
270359,iXnet Fibra,dsl
270364,NOVALINK INTERNET LTDA,dsl
270373,N TELES MORORO - ME,dsl
270377,TURBO NET SERVICO DE COMUNICACAO E MULTIMIDIA LTDA,dsl
270378,VOE SOLUCOES EM FIBRA LTDA,dsl
270405,SUMARE TELECOMUNICACOES PROVEDOR DE INTERNET LTDA,dsl
270412,VIP NET PROVEDOR DE INTERNET LTDA ME,dsl
270415,LEVE FIBRA,dsl
270438,G L C PINTO,dsl
270448,MV NET,dsl
270468,INTERPRO TELECOMUNICACOES EIRELI,dsl
270478,CapitalNet MS,dsl
270483,OVERNET FIBRA,dsl
270500,Aiva Telecom,dsl
270507,DOMINIO TELECOM LTDA,dsl
270523,Comfibranet Telecomunicações LTDA - ME,dsl
270533,INFORBARRA PROVEDOR LTDA,dsl
270534,Net X Provedor de Internet Ltda - ME,dsl
270543,GWG TELCO TELECOMUNICACOES LTDA,dsl
270554,SpeedWeb Telecom,dsl
270556,AGILE TELECOM LTDA,dsl
270571,GIGANET SERVICOS DE TELECOMUNICACOES LTDA,dsl
270577,NET TOP,dsl
270585,FLY CONECTA INTERNET LTDA,dsl
270589,Lumen Internet,dsl
270607,ERR_AS_NAME_NOT_FOUND,dsl
270615,CONECTJA LTDA,dsl
270638,SELL TELECOM SERVICOS E COMERCIO EM TELECOMUNICACA,dsl
270647,T DA SILVA MEDEIROS TELECOMUNICAÇÕES E INFORMATICA,dsl
270648,Axe telecom ltda,dsl
270652,H.L INFORMATICA TELECON LTDA,dsl
270664,Opyt Provedor,dsl
270667,Omega Tech Internet,dsl
270677,TEK TELECOM LTDA,dsl
270684,SOLUCOES SOUZA WEB LTDA,dsl
270703,Alltec Internet,dsl
270705,WILNET,dsl
270711,Cloud Telecom LTDA,dsl
270717,LUCAS MORO GONCALVES COMUNICACAO MULTIMIDIA EIRELI,dsl
270766,UNE PROVEDOR DE INTERNET LGT61 EIRELI,dsl
270776,Hiperlink Telecom LTDA,dsl
270778,NORTE TELECOM LTDA - ME,dsl
270791,DNBA INTERNET,dsl
270795,LD telecom,dsl
270796,CAPITAL FIBRA,dsl
270804,Ibranet Telecom,dsl
270814,ZAAZ TELECOM,dsl
270819,SOS Internet,dsl
270822,Turbo Telecom,dsl
270841,NOVANET MULTIMIDIA LTDA - ME,dsl
270849,ONLINE NET TELECOM,dsl
270869,Digi Fibra,dsl
270871,WPNET TELECOM,dsl
270872,BBN INTERNET,dsl
270880,GP Informatica e Servicos,dsl
270886,7NET BANDA LARGA,dsl
270895,Brazil.net Provedor,dsl
270900,BCNET TELECOMUNICACOES LTDA - ME,dsl
270902,Piloto Net Telecom,dsl
270916,Redfiber Telecomunicações Ltda.,dsl
270928,Linked Web,dsl
270935,Stony Net,dsl
270937,GT NET,dsl
270943,FIBINET NETWORKS TELECOMUNICACOES LTDA,dsl
270948,VALENET TELECOM,dsl
270960,I7 TELECOM INTERNET RIO PRETO LTDA,dsl
270964,PLUGAR INTERNET,dsl
270971,MILLENIUM NET,dsl
270982,NEWSAT TELECOM,dsl
270987,Rural Net,dsl
271034,GM Telecom LTDA,dsl
271095,SB INTERNET LTDA,dsl
271102,Master Link Net - ME,dsl
271143,FJ Tec,dsl
271146,OESTE SERVICOS DE INTERNET LTDA.,dsl
271149,Kacel Internet,dsl
271160,Upconnect / Connect Fibra Servicos,dsl
271176,BLUVELLOX TELECOMUNICACOES LTDA,dsl
271196,GS TELECOM,dsl
271202,NavegNet Telecom,dsl
271206,Ch Informatica Ltda,dsl
271211,DNET PROVEDOR DE INTERNET EIRELI,dsl
271233,SUPER TELECOM LTDA,dsl
271247,RS Sul Telecomunicações Ltda,dsl
271263,GILEADE TELECOMUNICACOES E MULTIMIDIA LTDA,dsl
271270,REDE M2B,dsl
271302,TURBONET FIBRA,dsl
271323,CONNECT TELECOM LTDA,dsl
271342,NORTE TEL MATO GROSSO TELECOMUNICACOES LTDA,dsl
271357,fibra digital Telecom eireli,dsl
271359,SS FIBER TELECOM EIRELI,dsl
271369,R&E TECNOLOGIA E SERVICOS LTDA - ME,dsl
271374,ASAP TELECOM LTDA,dsl
271377,Rede Sky,dsl
271387,EMFIBRA TELECOM,dsl
271406,Ultranet / I. L. DE SOUSA,dsl
271412,Multpontos Telecom,dsl
271413,Castro Telecom Internet,dsl
271418,freynet telecom,dsl
271436,Impacto Net,dsl
271452,Sigma Telecom Provedores de Internet Ltda,dsl
271457,VOLTSNET PROVEDOR COMERCIO E SERVICO LTDA ME ME,dsl
271474,ONFIBRA TELECOM,dsl
271475,Fox Connecta,dsl
271480,CIANET DF SILVA MARTINS LTDA,dsl
271511,Infinity Net,dsl
271517,ULTRA CORE TELECOMUNICAÇÕES LTDA,dsl
271519,MatheusNet,dsl
271526,Giga Fibra Net Telecomunicações Eireli Me,dsl
271529,ONLINE TELECOM.IP LTDA ME,dsl
271548,MAS TELECOM,dsl
271555,SDMNET INFORMATICA LTDA - ME,dsl
271570,Upnet Com. e Serv. de Mat. Eletrico e Internet,dsl
271572,Del Rey Telecom,dsl
271612,LOGO Telecom,dsl
271620,Portonet Servicos de Telecomunicao Ltda,dsl
271637,Phnet Telecom,dsl
271642,CONEXÃO ONLINE,dsl
271657,Iran Telecom,dsl
271661,WConnect,dsl
271662,ULTRAXX SERVICOS DE CONECTIVIDADE LTDA,dsl
271665,FBT NET LTDA,dsl
271681,CBX NET TELECOM,dsl
271683,BRISNET TELECOMUNICACOES LTDA,dsl
271689,AGE TELECOMUNICAÇÕES LTDA.,dsl
271713,Provedor SkyNet,dsl
271715,AGP TELECOM LTDA,dsl
271739,SMART TELECOM,dsl
271745,FRANCONETFIBRA LTDA,dsl
271791,CABLE NORTE C.A. (Norte Conecta),dsl
271799,"TELERY NETWORKS, S.R.L",dsl
271927,IPCOM SISTEMAS S.A.S.,dsl
271951,"4 EVER PLUG,C.A.",dsl
271997,BIOCABLE SUR E I R L,dsl
272069,KONEX TELECOM S.R.L,dsl
272111,DATA ONLINE PERU S.A.C.,dsl
272112,"TELECABLE DOMINICANO, S.A.",dsl
272120,SERVICIOS INTERCONEXION INALAMBRICA ATENEA SRL,dsl
272167,NCWEB TELECOM,dsl
272174,JM TELECOM,dsl
272195,MA TELECOM COMUNICAÇÃO LTDA,dsl
272212,ILUMINET INTERNET,dsl
272272,AGUIAR TELECOM,dsl
272278,Gigacom / MVW Telecomunicações,dsl
272366,TDT DIGITAL,dsl
272403,RAFAEL RIGOBERTO LOPEZ OROZCO,dsl
272447,WORLD FIBRA LTDA,dsl
272464,i7 Telecom,dsl
272484,Souza Net Telecom,dsl
272513,Rc Net Telecom,dsl
272536,NET HAUS INTERNET LTDA,dsl
272539,Fivenet (ENEVE TELECOMUNICACOES LTDA),dsl
272548,BORGES ALEXANDRE & CIA LTDA,dsl
272549,Connect LP - SERVICO DE COMUNICACAO MULTIMIDIA LTD,dsl
272553,Max Net / LC TELECOM LTDA,dsl
272606,DNS FIBRA LTDA,dsl
272730,Pedra Net,dsl
272750,SB CONECT LTDA,dsl
272775,Somos Fibra,dsl
272790,COSMO TELECOM LTDA,dsl
272809,"THUNDERNET, C.A.",dsl
272836,CALA SERVICIOS INTEGRALES E.I.R.L.,dsl
272897,SKARNET CHILE S.P.A.,dsl
272971,NET LINK DOMINICANA EMIMAR SRL,dsl
273078,SERVINET COMUNICACIONES S.A.S.,dsl
273103,TV&MÁS S.A.S,dsl
273120,"TECNOLOGÍA, INFORMACIÓN Y COMUNICACIONES DE COLOMBI...",dsl
273138,FIBRANETPLUS S.A.S.,dsl
273208,INTERSAT LOS ANDES C.A,dsl
273309,UNI TELECOM LTDA,dsl
273328,Bytes Telecomunicações,dsl
273335,Lybertynet LTDA,dsl
273340,Celnet Internet Provider,dsl
273363,DG TELECOM,dsl
273436,Velus Internet,dsl
273454,TELVIA TELECOMUNICACOES LTDA,dsl
273467,H R B LACERDA,dsl
273493,MTA Telecom,dsl
273497,IMPERIUM T. BARREIRA GRANDE SER. TELECOM LTDA,dsl
273525,SMARSUL CONECT FREY LTDA,dsl
273526,VILANET TELECOMUNICAÇÕES LTDA,dsl
273562,FELIPE NET LTDA,dsl
273596,Provedor do Brasil Ltda,dsl
273599,H2A TELECOM,dsl
273624,Play Soluções,dsl
273656,OAC TECNOLOGIA EIRELI,dsl
273659,MLINK TELECOM LTDA,dsl
273683,ALLREDE TELECOM LTDA,dsl
273709,MR TELECOM,dsl
273717,TECNONET SINAL DE INTERNET LTDA,dsl
273730,GA Wi-fi,dsl
273755,Viva Net Telecom Ltda,dsl
273780,Pluss Tecnologia Ltda,dsl
273782,Nacional Fibra,dsl
273798,CN TELECOM,dsl
273816,UNOFIBRA TELECOMUNICACOES,dsl
273824,NEXERCOM SRL,dsl
273843,"INVERSIONES ABDO 77, C.A.",dsl
273847,P.A. NETWORKS E.A.S,dsl
273937,SERVICIOS TECNOLOGICOS PABLO MELLA MORALES SRL,dsl
273966,FIBERGO-TELECOM S.A.,dsl
273988,VALLENET SPA,dsl
274225,TELECOMUNICACIONES WIFINET RUPERTO TRONCOSO E.I.R.L.,dsl
274311,INTEROS SAS,dsl
274340,Globo Net Telecomunicacoes LTDA,dsl
274463,Giganet Solução em Internet,dsl
274550,Overlink Telecom,dsl
274567,Ms marques serviços de banda larga eireli,dsl
274607,GHT Telecom,dsl
274685,Sernet,dsl
274689,ISP SERVICOS DE INTERNET LTDA,dsl
274709,FERREIRA TELECOM LTDA,dsl
274726,Giga Speed Provedor de acessi a internet LTDA,dsl
274802,SUPERNET LINE SERVICO DE COMUNICACOES LTDA,dsl
274834,V10 NET,dsl
274841,INFOSMART TELECOM,dsl
327688,Screamer Telecommunications,dsl
327708,Airtel Rwanda Ltd,dsl
327712,Telecom Algeria,dsl
327745,WiFibre Pty Ltd,dsl
327761,Access Point Technologies cc,dsl
327782,Metrofibre Networx,dsl
327799,VIETTEL BURUNDI SA,dsl
327814,Ecoband Ltd,dsl
327872,IBITS Internet (pty) Ltd,dsl
327885,Viettel Tanzania PLC,dsl
327900,Simply Computers Tanzania Ltd,dsl
327901,Level 7 Wireless (Pty) Ltd,dsl
327931,Optimum Telecom Algeria,dsl
327934,SOCIETE NATIONALE DES TELECOMMUNICATIONS (Tunisie Telecom),dsl
328001,Satsoft cc,dsl
328126,Orange Tunisie,dsl
328137,Web Squad Connect (Pty) Ltd,dsl
328140,INSIST NET Limited,dsl
328169,Swazi Mobile Limited,dsl
328178,Vinet Internet Solutions,dsl
328200,Al Madar Al Jadeed Joint Stock Company,dsl
328250,Golis Telecom Somalia,dsl
328266,Atomic Access,dsl
328286,Libyana Mobile Phone Company JSC,dsl
328297,QCell (SL) Limited,dsl
328309,Globacom Limited,dsl
328317,AEROCOM BROADBAND SERVICES,dsl
328351,DK Wireless Internet (Pty) Ltd,dsl
328442,United SA,dsl
328469,Somtel Somalia LTD,dsl
328471,HERO TELECOMS (PTY) LTD,dsl
328474,Jebo Connect Pty Ltd,dsl
328514,Net Solutions Limited,dsl
328576,Surf4Life Pty (LTD),dsl
328585,MegaMore Wireless Broadband Limited,dsl
328596,Mind the Speed (PTY) Ltd,dsl
328611,Libyan Elite,dsl
328638,Letaba Networks (Pty) Ltd,dsl
328760,ZTEL PTY LTD,dsl
328888,ORCA TECHNOLOGIES (PTY) LTD,dsl
328977,Wavex Internet Service Provider LTD,dsl
328987,Lime Emerging Solutions Limited,dsl
329029,Mymanga Networks,dsl
329038,WELINK HOLDINGS (PTY) LTD,dsl
329103,NINETEC SARL,dsl
329174,Swift Broadband Limited,dsl
329360,iiNet Connect Pty Ltd,dsl
329379,FIBERLINK SOLUTIONS LIMITED,dsl
329415,Savanna Fibre Limited,dsl
329578,URBANXCONNECT (PTY) LTD,dsl
329608,NetClick,dsl
393238,"ImOn Communications, LLC",dsl
393278,Electric Plant Board of the city of Franklin Kentucky,dsl
393422,New Visions Communications Inc,dsl
393429,Optic Loop Communications,dsl
393442,United Electric Cooperative,dsl
393552,Longmont Power & Communications,dsl
394146,Tri City WiFi Corp.,dsl
394352,FlexNetworks,dsl
394752,Avative Fiber,dsl
395075,Cooperative de cablodistribution de larriere-pays,dsl
395354,"Starry, Inc.",dsl
395367,Lightwave Broadband LLC,dsl
395466,Global Net,dsl
395570,Beanfield Technologies Inc.,dsl
395662,"OzarksGo, LLC",dsl
395853,NYC Mesh Inc.,dsl
395965,Carrytel,dsl
396097,"Sail Internet, Inc.",dsl
396185,GILES-CRAIG COMMUNICATIONS INC.,dsl
396238,City of Fairlawn DBA FairlawnGig,dsl
396304,Antigua Wireless ventures Ltd,dsl
396503,WestConnect Communications,dsl
396952,"Net253, LLC",dsl
396969,Strada Communications L.L.C.,dsl
397303,"WeLink Communications, Inc.",dsl
397412,Tachus Fiber Internet,dsl
397732,"Net Vision Communications, LLC",dsl
398035,SkyNet Communications LLC,dsl
398113,Gateway Fiber LLC,dsl
398143,Great Lakes Energy Connections Inc.,dsl
398420,"Tishomingo Connect, LLC",dsl
398721,OXIO,dsl
398872,Big Wifi,dsl
399016,Canadian Fiber Optics Corp.,dsl
399100,Selectronics Corp.,dsl
399226,SpeedFI Inc.,dsl
399240,"BLUE RIDGE INTERNET, L.L.C",dsl
399307,Town of Sterling,dsl
399503,Dice Carrier Services LLC,dsl
399788,Quad State Internet LLC,dsl
399833,Rocky Ridge Wireless,dsl
399898,Conexon Connect,dsl
400202,Municipality of the County of Pictou,dsl
400220,PearlComm,dsl
400268,Pierce Pepin Cooperative Services,dsl
400699,KitsapWiFi,dsl
