asn,name,category
81,MCNC,dsl
209,Lumen (ex. Qwest),dsl
577,Bell Canada,dsl
701,Verizon Business,dsl
719,Elisa Oyj,dsl
790,Elisa Oyj,dsl
803,Saskatchewan Telecommunications,dsl
812,Rogers Communications Canada Inc.,dsl
852,TELUS Communications Inc.,dsl
855,Bell Canada,dsl
1088,FastBridge Fiber,dsl
1136,KPN B.V.,dsl
1221,Telstra Limited,dsl
1241,Nova Telecommunications & Media Single Member S.A,dsl
1257,Tele2 Sverige AB,dsl
1267,WIND TRE S.P.A.,dsl
1403,EBOX,dsl
1547,Interdnestrcom SZAO,dsl
1680,Cellcom Fixed Line Communication L.P,dsl
1759,Telia Finland Oyj,dsl
1836,green.ch AG,dsl
1955,KIFU (Governmental Info Tech Development Agency),dsl
2110,Enet Communications LIMITED,dsl
2116,GLOBALCONNECT AS,dsl
2119,Telenor Norge AS,dsl
2497,Internet Initiative Japan Inc.,dsl
2510,FUJITSU LIMITED,dsl
2514,"NTT PC Communications, Inc.",dsl
2516,KDDI Corporation,dsl
2518,BIGLOBE Inc.,dsl
2519,ARTERIA Networks Corporation,dsl
2527,Sony Network Communications Inc.,dsl
2586,Elisa Eesti AS,dsl
2609,Tunisia BackBone AS,dsl
2728,"Gigsouth, LLC",dsl
2840,Stiftelsen Göteborgs Studentbostäder,dsl
2856,British Telecommunications,dsl
2860,"NOS COMUNICACOES, S.A.",dsl
3209,Vodafone GmbH,dsl
3212,Telemach Slovenija d.o.o.,dsl
3215,Orange S.A.,dsl
3216,Vimpelcom PJSC,dsl
3225,Bonline aka GULF communications,dsl
3226,OOO NI,dsl
3243,MEO,dsl
3249,Telia Eesti AS,dsl
3253,PJSC Vimpelcom,dsl
3255,Ukrainian Academic and Research Network,dsl
3265,KPN B.V.,dsl
3269,TIM S.p.A. (fka. Telecom Italia S.p.A.),dsl
3292,TDC Holding A/S,dsl
3301,Telia Company AB,dsl
3303,Swisscom (Schweiz) AG,dsl
3308,Kundeselskabet Norlys A/S,dsl
3320,Deutsche Telekom AG,dsl
3326,Datagroup PJSC,dsl
3329,Vodafone Greece,dsl
3352,TELEFONICA DE ESPANA S.A.U.,dsl
3399,Obenet AB,dsl
3462,HiNet (Chunghwa Telecom),dsl
3549,Lumen (fka. Global Crossing),dsl
3695,SPM TELECOM (Orange),dsl
3737,PenTeleData Inc.,dsl
3741,Dimension Data,dsl
3786,LG DACOM Corporation,dsl
3816,COLOMBIA TELECOMUNICACIONES S.A. ESP BIC,dsl
3855,Logic Communications Ltd,dsl
4007,"Subisu Cablenet (Pvt) Ltd, Baluwatar, Kathmandu, Nepal",dsl
4134,China Telecom Backbone,dsl
4181,TDS TELECOM,dsl
4230,Claro (Embratel),dsl
4474,"TCT West, Inc.",dsl
4540,SOGETEL INC,dsl
4609,Companhia de Telecomunicacoes de Macau SARL,dsl
4662,GCNet (Reach & Range Inc.),dsl
4685,"Asahi Net, Inc.",dsl
4704,"Rakuten Mobile, Inc.",dsl
4713,NTT Communications Corporation (OCN),dsl
4721,"JCOM Co., Ltd.",dsl
4725,SoftBank Corp.,dsl
4739,Internode Pty Ltd,dsl
4755,TATA Communications (formerly VSNL),dsl
4760,HKT Limited,dsl
4761,PT Indosat Tbk,dsl
4764,Aussie Broadband,dsl
4766,Korea Telecom,dsl
4773,M1 Limited,dsl
4775,Globe Telecoms,dsl
4780,Digital United Inc.,dsl
4787,PT Cyberindo Aditama,dsl
4788,TM Technology Services Sdn. Bhd.,dsl
4802,iiNet Limited,dsl
4804,Optus (Microplex PTY LTD),dsl
4808,China Unicom Beijing Province Network,dsl
4809,China Telecom Next Generation Carrier Network,dsl
4812,China Telecom Shanghai Province Network,dsl
4818,DiGi Telecommunications Sdn. Bhd.,dsl
4837,China Unicom Backbone,dsl
4847,China Telecom Beijing Province Network,dsl
4922,Shenandoah Cable Television LLC,dsl
5089,Virgin Media Limited,dsl
5378,Vodafone Limited,dsl
5384,EMIRATES TELECOMMUNICATIONS GROUP COMPANY (ETISALAT G...,dsl
5385,Russmedia IT GmbH,dsl
5390,Euronet Communications B.V.,dsl
5391,Hrvatski Telekom d.d.,dsl
5410,Bouygues Telecom SA,dsl
5413,Wavenet Limited,dsl
5416,BEYON B.S.C.,dsl
5432,Proximus NV,dsl
5438,Agence Tunisienne dInternet,dsl
5466,Eircom Limited,dsl
5483,Magyar Telekom Plc.,dsl
5563,JSC ER-Telecom Holding,dsl
5578,"SWAN, a.s.",dsl
5588,T-Mobile Czech Republic a.s.,dsl
5603,"Telekom Slovenije, d.d.",dsl
5607,Sky UK,dsl
5610,"O2 Czech Republic, a.s.",dsl
5617,Orange Polska Spolka Akcyjna,dsl
5639,Telecommunication Services of Trinidad and Tobago,dsl
5645,"TekSavvy Solutions, Inc.",dsl
5650,Verizon (fka. Frontier),dsl
5690,Vianet Inc.,dsl
5713,Telkom SA Ltd.,dsl
5742,Fidium,dsl
5769,Videotron Ltee,dsl
6057,Administracion Nacional de Telecomunicaciones,dsl
6079,Astound (fka. RCN),dsl
6128,Cablevision Systems Corp.,dsl
6147,INTEGRATEL PERÚ S.A.A.,dsl
6181,Cincinnati Bell Telephone Company LLC,dsl
6306,"TELEFONICA VENEZOLANA, C.A. (Movistar)",dsl
6327,Shaw Communications,dsl
6389,"AT&T Enterprises, LLC",dsl
6400,Claro Dominican Republic,dsl
6407,Primus Telecommunications Canada Inc.,dsl
6471,ENTEL CHILE S.A.,dsl
6503,"Axtel, S.A.B. de C.V.",dsl
6535,Telmex Servicios Empresariales S.A.,dsl
6539,Bell Canada,dsl
6568,Entel Bolivia,dsl
6614,"T-Mobile USA, Inc.",dsl
6661,POST Luxembourg,dsl
6677,Míla hf,dsl
6697,Beltelecom,dsl
6700,TELEKOM SRBIJA a.d.,dsl
6702,Science Production Company Trifle Ltd.,dsl
6703,PRIVATE JOINT-STOCK COMPANY FARLEP-INVEST,dsl
6712,VELTON ISP LLC,dsl
6713,Maroc Telecom,dsl
6730,Sunrise GmbH,dsl
6739,"VODAFONE ONO, S.A.",dsl
6752,"ANDORRA TELECOM, S.A.U.",dsl
6758,Monaco Telecom S.A.,dsl
6789,CRELCOM LLC,dsl
6799,Ote SA (Hellenic Telecommunications Organisation),dsl
6805,Telefonica Germany (o2),dsl
6810,Bezeq- THE ISRAEL TELECOMMUNICATION CORP. LTD.,dsl
6821,Makedonski Telekom AD-Skopje,dsl
6830,Liberty Global Europe Holding B.V.,dsl
6848,Telenet BV,dsl
6849,JSC Ukrtelecom,dsl
6855,"Slovak Telekom, a.s.",dsl
6856,AO IK Informsvyaz-Chernozemye,dsl
6866,Cyprus Telecommunications Authority,dsl
6871,Plusnet plc,dsl
6876,TENET Scientific Production Enterprise LLC,dsl
6910,DIGI ROMANIA S.A.,dsl
7015,"Comcast Cable Communications, LLC",dsl
7016,"Comcast Cable Communications, LLC",dsl
7018,"AT&T Enterprises, LLC",dsl
7029,Windstream Communications LLC,dsl
7057,Managed Network Systems Inc.,dsl
7063,Leste Telecom,dsl
7065,"Sonic.net, LLC",dsl
7106,"Com Net, Inc.",dsl
7122,Bell Canada,dsl
7155,"ViaSat,Inc.",dsl
7303,Telecom Argentina S.A.,dsl
7418,TELEFÓNICA CHILE S.A.,dsl
7420,Zamnet,dsl
7438,PEGASO PCS,dsl
7459,"Grande Communications Networks, LLC",dsl
7470,"TRUE INTERNET Co.,Ltd.",dsl
7482,Asia Pacific On-line Service Inc.,dsl
7522,"STNet, Incorporated",dsl
7524,"ITEC HANKYU HANSHIN CO.,LTD.",dsl
7532,Gamania CloudForce,dsl
7545,TPG Telecom Limited,dsl
7552,Viettel Group,dsl
7565,BDCOM Online Limited,dsl
7600,EscapeNet Pty Ltd,dsl
7642,DHIVEHI RAAJJEYGE GULHUN PLC,dsl
7679,"QTnet,Inc.",dsl
7713,PT Telkom Indonesia Tbk,dsl
7725,"Comcast Cable Communications, LLC",dsl
7727,Hondutel,dsl
7738,V.tal,dsl
7782,"Alaska Communications Systems Group, Inc.",dsl
7794,Execulink Telecom Inc.,dsl
7843,Charter Communications Inc,dsl
7922,"Comcast Cable Communications, LLC",dsl
7992,Cogeco Connexion Inc.,dsl
8014,Bahamas Telecommunications Corporation,dsl
8048,"CANTV Servicios, Venezuela",dsl
8092,"Access Media Holdings, LLC",dsl
8151,UNINET,dsl
8163,Metrotel SA ESP,dsl
8167,V.tal,dsl
8193,Uzbektelekom Joint Stock Company,dsl
8228,Societe Francaise Du Radiotelephone - SFR SA,dsl
8251,"FreeTel, s.r.o.",dsl
8273,Norlys Digital A/S,dsl
8301,Gibtelecom Ltd.,dsl
8331,JSC ER-Telecom Holding,dsl
8334,JOINT-STOCK COMPANY TELEPORT TELECOM,dsl
8339,kabelplus GmbH,dsl
8346,SONATEL-AS Autonomous System,dsl
8359,MTS PJSC,dsl
8369,Intersvyaz-2 JSC,dsl
8371,PJSC Vimpelcom,dsl
8374,Polkomtel Sp. z o.o.,dsl
8376,Jordan Data Communications Company LLC,dsl
8386,Vodafone Turkey,dsl
8400,Telekom Srbija a.d.,dsl
8402,Vimpelcom OJSC (Beeline),dsl
8412,T-Mobile Austria GmbH,dsl
8416,InfoLada Ltd,dsl
8422,NetCologne,dsl
8427,Joint Stock Company TransTeleCom,dsl
8437,Hutchison Drei Austria GmbH,dsl
8439,AIST JSC,dsl
8445,"SALZBURG AG fur Energie, Verkehr und Telekommunikation",dsl
8447,A1 Telekom Austria AG,dsl
8448,CETIN Hungary Zrt.,dsl
8452,Telecom Egypt,dsl
8462,Tarr Kft.,dsl
8468,Cityfibre Limited,dsl
8473,Bahnhof AB,dsl
8477,Echostar Studio Sp. z o.o.,dsl
8492,OBIT Ltd.,dsl
8551,Bezeq International Ltd.,dsl
8580,MTS PJSC,dsl
8585,Crnogorski Telekom a.d.Podgorica,dsl
8591,"A1 Slovenija telekomunikacijske storitve,d.d.",dsl
8595,OOO WestCall Ltd.,dsl
8612,Tiscali Italia S.P.A.,dsl
8615,Central Telegraph Public Joint-stock Company,dsl
8632,Luxembourg Online S.A.,dsl
8636,MAXnet Systems Ltd.,dsl
8672,A1 Bulgaria EAD,dsl
8680,Sure (Guernsey) Limited,dsl
8681,JT (Jersey) Limited,dsl
8697,Jordan Telecommunications PSC,dsl
8708,DIGI ROMANIA S.A.,dsl
8717,A1 Bulgaria EAD,dsl
8728,AS INFONET,dsl
8732,JSC Comcor,dsl
8737,KPN B.V.,dsl
8749,JSC Redcom-lnternet,dsl
8752,AO ASVT,dsl
8758,Iway AG,dsl
8764,"Telia Lietuva, AB",dsl
8767,M-net Telekommunikations GmbH,dsl
8779,KhmelnitskInfocom LTD,dsl
8781,Ooredoo Q.S.C.,dsl
8801,Rocket Fibre Ltd,dsl
8818,Tusass A/S,dsl
8821,WWZ Telekom AG,dsl
8829,ElmoNet Oy,dsl
8866,Vivacom Bulgaria EAD,dsl
8881,1&1 Versatel GmbH,dsl
8897,KCOM Group Limited,dsl
8905,Digit One LLC,dsl
8920,JSC RTComm.RU,dsl
8926,Moldtelecom SA,dsl
8932,Ucom CJSC,dsl
8948,099 PRIMO COMMUNICATIONS LTD,dsl
8953,Orange Romania S.A.,dsl
8990,4iG Telecommunications Holding Zrt,dsl
9031,EDPNET Belgium BV,dsl
9038,Al Bahrainia al Urdunia Liltaknia Wa Alitisalat Plc. Co,dsl
9050,Orange Romania S.A.,dsl
9051,IncoNet Data Management sal,dsl
9063,VSE NET GmbH,dsl
9070,Cooolbox AD,dsl
9105,TalkTalk Communications Limited,dsl
9116,Partner Communications Ltd.,dsl
9119,SOFTNET d.o.o.,dsl
9121,Turk Telekom,dsl
9125,Orion telekom d.o.o.,dsl
9136,WOBCOM GmbH,dsl
9141,P4 Sp. z o.o.,dsl
9145,EWE TEL GmbH,dsl
9146,BH Telecom d.d.,dsl
9155,Quality Net General Trading & Contracting Company,dsl
9158,Telenor A/S,dsl
9198,JSC Kazakhtelecom,dsl
9205,SATELIT SERVIS Ltd,dsl
9228,PT Total Info Kharisma,dsl
9230,Bangladesh Online Ltd.,dsl
9231,China Mobile Hong Kong Company Limited,dsl
9249,Telecom Vanuatu Limited,dsl
9260,Multinet Pakistan Pvt. Ltd.,dsl
9269,Hong Kong Broadband Network Ltd.,dsl
9299,PLDT (Philippine Long Distance Telephone Company),dsl
9304,HGC Global Communications Limited,dsl
9318,SK Broadband Co Ltd,dsl
9326,PT Centrin Utama,dsl
9329,Sri Lanka Telecom Internet,dsl
9341,PT Indonesia Comnets Plus,dsl
9351,"ZTV CO.,LTD",dsl
9354,Community Network Center Inc.,dsl
9365,its communications Inc.,dsl
9381,HKBN Enterprise Solutions HK Limited,dsl
9394,China TieTong Telecommunications Corporation,dsl
9416,Hoshin Multimedia Center Inc.,dsl
9443,Vocus Retail,dsl
9471,ONATI,dsl
9498,Bharti Airtel Ltd.,dsl
9500,One New Zealand Group Limited,dsl
9506,Singtel Fibre Broadband,dsl
9534,Maxis,dsl
9541,Cyber Internet Services (Pvt) Ltd.,dsl
9583,Sify Limited,dsl
9595,NTT-ME Corporation,dsl
9605,"NTT DOCOMO, INC.",dsl
9617,"JCOM Co., Ltd.",dsl
9644,SK Telecom,dsl
9648,Australia On-Line Pty Ltd,dsl
9657,PT Melvar Lintasnusa,dsl
9676,SaveCom Internation Inc.,dsl
9689,SK Broadband Co Ltd,dsl
9694,Seokyung Cable Television Co.. Ltd.,dsl
9756,SK Broadband Co Ltd,dsl
9762,"kt HCN Co.,Ltd.",dsl
9790,Two Degrees Networks Limited,dsl
9808,China Mobile Backbone,dsl
9824,"JCOM Co., Ltd.",dsl
9829,BSNL (Bharat Sanchar Nigam Ltd),dsl
9845,LG HelloVision Corp.,dsl
9873,"Lao Telecom Communication, LTC",dsl
9902,NTC Neocom,dsl
9905,PT Link Net Tbk,dsl
9908,HK Cable TV Ltd,dsl
9919,"New Century InfoComm Tech Co., Ltd.",dsl
9922,New Kaohsiung Broadband LTD.,dsl
9924,"Taiwan Fixed Network, Telco and Network Service Provider.",dsl
9930,TIME dotCom Bhd,dsl
9937,Delta Networks,dsl
9971,SK Broadband Co Ltd,dsl
9976,"Namincheon Brodcasting Co., Ltd.",dsl
9981,Saero Network Service LTD,dsl
9988,Myanma Posts and Telecommunications,dsl
10010,TOKAI Communications Corporation,dsl
10013,"FreeBit Co.,Ltd.",dsl
10030,Celcom Axiata Berhad,dsl
10085,"Hsin Yeong An Cable TV Co., Ltd.",dsl
10091,StarHub Ltd,dsl
10094,Unified National Networks,dsl
10099,China Unicom Global,dsl
10118,Hutchison Telephone Company Limited,dsl
10139,"Smart Broadband, Inc.",dsl
10143,Exetel Pty Ltd,dsl
10164,SK Broadband Co Ltd,dsl
10214,Pentanet Limited,dsl
10219,Skymedia Corporation,dsl
10242,US Internet Corp,dsl
10318,Telecom Argentina S.A.,dsl
10396,"DATACOM CARIBE, INC.",dsl
10423,STELLAR Broadband,dsl
10429,Vivo (TELEFÔNICA BRASIL),dsl
10474,Dimension Data,dsl
10481,Telecom Argentina S.A.,dsl
10507,Sprint Personal Communications Systems,dsl
10620,Telmex Colombia S.A.,dsl
10750,Mark Twain Rural Telephone Co.,dsl
10796,Charter Communications Inc,dsl
11071,InfoWest,dsl
11081,United Telecommunication Services (UTS),dsl
11114,Wintek Corporation,dsl
11139,Cable & Wireless Dominica,dsl
11142,"Precision Data Solutions, LLC",dsl
11232,Midcontinent Communications,dsl
11233,Gorge Networks LLC,dsl
11260,EastLink,dsl
11290,Cogeco Connexion inc,dsl
11338,SKY SERVIÇOS DE BANDA LARGA LTDA,dsl
11351,Charter Communications Inc,dsl
11404,Wave Broadband,dsl
11426,Charter Communications Inc,dsl
11427,Charter Communications Inc,dsl
11492,"CABLE ONE, INC.",dsl
11525,NineStar Connect,dsl
11556,Cable & Wireless Panama,dsl
11562,"Net Uno, C.A.",dsl
11664,Techtel LMDS Comunicaciones Interactivas S.A.,dsl
11666,Nexicom Inc.,dsl
11706,TERRA FIBRA,dsl
11708,"City of North Kansas City, MO",dsl
11776,Breezeline,dsl
11814,Distributel Communications Limited,dsl
11816,SERVICIO DI TELECOMUNICACION DI ARUBA (SETAR) N.V.,dsl
11830,Instituto Costarricense de Electricidad y Telecom.,dsl
11844,Olé Telecom,dsl
11845,Vox Telecom Ltd,dsl
11888,"Television Internacional, S.A. de C.V.",dsl
11976,Fidelity Communication International Inc.,dsl
11990,"Unlimited Net, LLC",dsl
11992,Liberty Mobile Puerto Rico Inc.,dsl
11994,Cruzio,dsl
12083,WideOpenWest Finance LLC,dsl
12252,America Movil Peru S.A.C.,dsl
12271,Charter Communications Inc,dsl
12297,Telecom Armenia OJSC,dsl
12301,Invitech ICT Services Kft.,dsl
12302,Vodafone Romania S.A.,dsl
12322,Free SAS,dsl
12334,"R Cable y Telecable Telecomunicaciones, S.A.U.",dsl
12338,Euskaltel S.A.,dsl
12353,Vodafone Portugal - Communicacoes Pessoais S.A.,dsl
12355,HeLi NET Telekommunikation GmbH & Co.,dsl
12357,VODAFONE ESPANA S.A.U.,dsl
12360,KEVAG Telekom GmbH,dsl
12361,Vodafone-panafon Hellenic Telecommunications Company SA,dsl
12389,Rostelecom PJSC,dsl
12390,KCOM Group Limited,dsl
12392,Orange Belgium SA,dsl
12400,Partner Communications Ltd.,dsl
12414,Solcon Internetdiensten B.V.,dsl
12418,Quantum CJSC,dsl
12430,VODAFONE ESPANA S.A.U.,dsl
12436,Bergon Internet Ltd.,dsl
12455,Kenyan Post & Telecommunications Company / Telkom Kenya Ltd,dsl
12479,Orange Espagne SA,dsl
12494,OOO Post ltd,dsl
12496,Infinity Developments Limited,dsl
12552,GlobalConnect (IP-Only),dsl
12570,"O2 Czech Republic, a.s.",dsl
12576,EE Limited,dsl
12578,SIA Tet,dsl
12605,LIWEST Kabelmedien GmbH,dsl
12611,R-KOM Regensburger,dsl
12644,Telemach Slovenija d.o.o.,dsl
12668,LLC KomTehCentr,dsl
12708,TalkTalk Communications Limited,dsl
12709,Melita Limited,dsl
12714,PJSC MegaFon,dsl
12716,A1 Bulgaria EAD,dsl
12735,TurkNet Iletisim Hizmetleri A.S.,dsl
12737,"KrasPromStroy, LLC",dsl
12741,Netia SA,dsl
12764,AKNET Ltd.,dsl
12768,JSC ER-Telecom Holding,dsl
12778,"MEGA M, d.o.o.",dsl
12810,A1 Hrvatska d.o.o.,dsl
12829,Angel Soft OOD,dsl
12843,TelemaxX Telekommunikation GmbH,dsl
12849,Hot-Net internet services Ltd.,dsl
12850,Retelit Digital Services S.p.A.,dsl
12871,KPN B.V.,dsl
12874,Fastweb SpA,dsl
12883,PRIVATE JOINT-STOCK COMPANY FARLEP-INVEST,dsl
12887,Netia SA,dsl
12897,ENTEGA Medianet GmbH,dsl
12912,T-Mobile Polska S.A.,dsl
12941,intersaar GmbH,dsl
12946,"R Cable y Telecable Telecomunicaciones, S.A.U.",dsl
12958,T2 Mobile LLC Moscow branch,dsl
12963,Scientific Industrial Firm Volz Ltd,dsl
12969,Ljósleiðarinn ehf (Sýn),dsl
12975,Palestine Telecommunications Company (PALTEL),dsl
12978,ANDROMEDA TV DIGITAL PLATFORM ISLETMECILIGI A.S.,dsl
12989,Black HOST Ltd,dsl
12997,OJSC Kyrgyztelecom,dsl
13000,Leon Sp. z o.o.,dsl
13030,Init7 (Switzerland) Ltd.,dsl
13036,T-Mobile Czech Republic a.s.,dsl
13037,Zen Internet Ltd,dsl
13045,htp GmbH,dsl
13046,Hrvatski Telekom d.d.,dsl
13055,MTS PJSC,dsl
13091,"Posta Srbije Drustvo S Ogranicenom Odgovornoscu, Beograd",dsl
13101,TNG Stadtnetz GmbH,dsl
13110,INEA sp. z o.o.,dsl
13122,Manx Telecom Trading Ltd,dsl
13124,A1 Bulgaria EAD,dsl
13127,Odido Netherlands B.V.,dsl
13156,"NOWO COMMUNICATIONS, S.A.",dsl
13170,Kaisanet Oy,dsl
13182,Made Network Srl,dsl
13188,Triolan,dsl
13189,Liden Data Internetwork AB,dsl
13194,UAB Bite Lietuva,dsl
13272,Elisa Eesti AS,dsl
13280,Three Ireland (Hutchison) limited,dsl
13285,TalkTalk Communications Limited,dsl
13306,Unics EOOD,dsl
13347,Midwest Cable,dsl
13367,"Comcast Cable Communications, LLC",dsl
13370,Ziply Fiber (LocalTel),dsl
13377,Rogue Broadband,dsl
13427,"Softcom Internet Communications, Inc.",dsl
13451,Ziply Fiber (Saddle Mountain Wireless),dsl
13489,EPM Telecomunicaciones S.A. E.S.P.,dsl
13781,Hopkinsville Electric System,dsl
13807,Great Plains Communications LLC,dsl
13977,Fidium,dsl
13999,"Mega Cable, S.A. de C.V.",dsl
14051,Fidium,dsl
14080,Telmex Colombia S.A.,dsl
14117,Telefonica del Sur S.A.,dsl
14259,Gtd Internet S.A.,dsl
14333,"On-Ramp Indiana, Inc. (ORI.NET)",dsl
14371,Paul Bunyan Communications,dsl
14522,Satnet,dsl
14615,"Comporium, Inc",dsl
14638,Liberty Communications of Puerto Rico LLC,dsl
14695,City of El Reno,dsl
14709,Cable Onda,dsl
14749,Russellville Electric Plant Board,dsl
14754,Claro Guatemala (Telgua),dsl
14813,Columbus Telecommunications (Barbados) Limited,dsl
14868,Ligga Telecomunicações S.A.,dsl
14979,Aeronet Wireless,dsl
14988,Botswana Telecommunications Corporation,dsl
15081,Omni Fiber,dsl
15108,Allo Communications LLC,dsl
15146,Cable Bahamas,dsl
15344,Karib Cable,dsl
15366,DNS:NET Internet Service GmbH,dsl
15377,TRADITIONAL LLC,dsl
15378,T2 Mobile LLC Saint Petersburg branch,dsl
15399,Wananchi Group (Kenya) Limited,dsl
15435,DELTA Fiber Nederland B.V.,dsl
15457,"NOS Madeira Comunicacoes, S.A.",dsl
15474,Rannsókna- og háskólanet Íslands hf.,dsl
15493,Russian company LLC,dsl
15502,Vodafone Ireland Limited,dsl
15525,MEO - SERVICOS DE COMUNICACOES E MULTIMEDIA S.A.,dsl
15542,DELTA Fiber Nederland B.V.,dsl
15547,netplus.ch SA,dsl
15557,SFR SA,dsl
15582,JSC Comcor,dsl
15600,Quickline AG,dsl
15605,Connesi S.p.A.,dsl
15617,Nova Telecommunications & Media Single Member S.A,dsl
15640,MTS PJSC,dsl
15659,NextGenTel AS,dsl
15673,Teleseti Plus Ltd.,dsl
15704,XTRA TELECOM S.A.,dsl
15706,Sudatel Telecom Group,dsl
15723,AZERONLINE LTD JOINT ENTERPRISE,dsl
15735,GO p.l.c.,dsl
15774,Limited Liability Company TTK-Svyaz,dsl
15796,Salt Mobile SA,dsl
15802,Emirates Integrated Telecommunications Company PJSC,dsl
15805,EPIC LTD,dsl
15879,Vancis IP B.V.,dsl
15895,Kyivstar PJSC,dsl
15897,Vodafone Telekomunikasyon A.S.,dsl
15899,ERNIS SIA,dsl
15924,Vodafone Turkey,dsl
15925,Occino GmbH,dsl
15943,wilhelm.tel GmbH,dsl
15958,CETIN Ltd. Belgrade,dsl
15962,Orange Slovensko a.s.,dsl
15964,CAMTEL,dsl
15975,Hadara Technologies Private Shareholding Company,dsl
15994,A1 Hrvatska d.o.o.,dsl
16010,Magticom Ltd.,dsl
16019,Vodafone Czech Republic a.s.,dsl
16058,Gabon Telecom / Office of Posts and Telecommunication...,dsl
16086,DNA Oyj,dsl
16116,Pelephone Communications Ltd.,dsl
16135,TURKCELL ILETISIM HIZMETLERI A.S.,dsl
16160,"SWAN, a.s.",dsl
16202,Tele Columbus AG (Pÿur / Pyur),dsl
16223,"MAXNET TELECOM, LTD",dsl
16246,"O2 Czech Republic, a.s.",dsl
16301,PJSC Rostelecom,dsl
16302,Suomi Communications Oy,dsl
16316,TMT GmbH & Co. KG,dsl
16333,Company for communications services A1 Makedonija DOO...,dsl
16342,Toya sp.z.o.o,dsl
16345,PJSC Vimpelcom,dsl
16591,Google Fiber Inc.,dsl
16637,MTN SA (Bayobab),dsl
16717,Craw-Kan Telephone Cooperative Inc.,dsl
16735,Algar Telecom,dsl
16814,NSS S.A.,dsl
16904,Arvig Enterprises Inc.,dsl
16906,"El Salvador Network, S. A.",dsl
16960,"Cablevision Red, S.A de C.V.",dsl
17072,"TOTAL PLAY TELECOMUNICACIONES, S.A.P.I. DE C.V.",dsl
17079,Telemovil El Salvador S.A.,dsl
17222,MUNDIVOX DO BRASIL LTDA,dsl
17306,"JAB Wireless, INC.",dsl
17421,Emome (Chunghwa Telecom),dsl
17429,BEIJING GEHUA CATV NETWORK CO.LTD,dsl
17451,Biznet Networks,dsl
17465,Asianet Broadband,dsl
17483,CityOnline Services Ltd,dsl
17488,Hathway IP Over Cable Internet,dsl
17501,WorldLink Communications Pvt Ltd,dsl
17506,ARTERIA Networks Corporation,dsl
17511,OPTAGE Inc.,dsl
17534,"NSK Co.,Ltd.",dsl
17551,Swoop (Anycast Global Backbone),dsl
17552,True Online,dsl
17557,Pakistan Telecommunication Company Limited,dsl
17621,China Unicom Shanghai network,dsl
17622,China Unicom Guangdong Province Network,dsl
17623,China Unicom Guangdong Province Shenzhen Network,dsl
17638,China Telecom Tianjin Province Network,dsl
17639,Converge ICT Solutions Inc.,dsl
17665,ONEOTT INTERTAINMENT LIMITED,dsl
17670,PT MNC Kabel Mediacom,dsl
17676,SoftBank Corp.,dsl
17698,COMMUNITY NETWORK CENTER INCORPORATED.,dsl
17747,SITI NETWORKS LIMITED,dsl
17754,Excellmedia,dsl
17806,Mango Teleservices,dsl
17809,VEE TIME CORP.,dsl
17813,Mahanagar Telephone Nigam Limited,dsl
17816,China Unicom Guangdong Province Network,dsl
17839,LG HelloVision Corp.,dsl
17849,SK Broadband Co Ltd,dsl
17853,LGTELECOM,dsl
17854,SK Broadband Co Ltd,dsl
17858,LG POWERCOMM,dsl
17864,SK Broadband Co Ltd,dsl
17882,UNIVISION LLC,dsl
17884,PT Uninet Media Sakti,dsl
17917,Quadrant Televentures Limited,dsl
17924,SmarTone Mobile Communications Ltd,dsl
17957,SOUTH TOKYO CABLETELEVISION,dsl
17962,ShenZhen Topway Video Communication Co. Ltd,dsl
17974,PT Telekomunikasi Indonesia,dsl
17976,CellCard,dsl
18001,Dialog Axiata PLC.,dsl
18049,Taiwan Infrastructure Network Technologie,dsl
18081,"Kintetsu Cable Network Co., Ltd.",dsl
18103,PT Prestasi Piranti Informasi,dsl
18106,Viewqwest Pte Ltd,dsl
18116,HGC Global Communications Limited,dsl
18126,"Chubu Telecommunications Company, Inc.",dsl
18144,"Enecom,Inc.",dsl
18182,Sony Network Taiwan Limited,dsl
18207,YOU Broadband & Cable India Ltd.,dsl
18209,"Atria Convergence Technologies Ltd., AS18390,Spintel Pty Ltd AS18403,FPT Telecom Company AS18419,DaDa Broadband LTD. AS18429,Extra-Lan Technologies Co., LTD",dsl
18734,"Operbes, S.A. de C.V.",dsl
18747,IFX Corporation,dsl
18809,Cable Onda,dsl
18822,Manquehuenet,dsl
18881,TELEFÔNICA BRASIL LTDA,dsl
18914,ETS TELECOM,dsl
18988,City West Cable & Telephone Corp.,dsl
19108,Optimum,dsl
19115,Charter Communications LLC,dsl
19165,Webpass Inc.,dsl
19182,TELEFÔNICA BRASIL S.A,dsl
19331,Twin Lakes Telephone Cooperative Corporation,dsl
19381,"Simply Bits, LLC",dsl
19397,"ACN Communication Services, LLC",dsl
19429,ETB - Colombia,dsl
19504,"WTC Communications, Inc.",dsl
19863,Guyana Telephone & Telegraph Co.,dsl
19890,LONE PINE Communications,dsl
20001,Charter Communications Inc,dsl
20015,FullCom S.A.,dsl
20055,Ziply Fiber,dsl
20057,"AT&T Enterprises, LLC",dsl
20115,Charter Communications LLC,dsl
20207,Gigared S.A.,dsl
20214,"Comcast Cable Communications, LLC",dsl
20294,MTN Uganda,dsl
20318,"Niacom Holdings, LLC",dsl
20365,Freedom mobile,dsl
20394,Rainier Connect,dsl
20485,TransTeleCom JSC,dsl
20590,Donbass Electronic Communications Ltd.,dsl
20634,Telecom Liechtenstein AG,dsl
20661,State Company of Electro Communications Turkmentelecom,dsl
20712,Andrews & Arnold Ltd,dsl
20776,Outremer Telecom SAS,dsl
20807,JSC ER-Telecom Holding,dsl
20810,Netcom Kassel Gesellschaft fuer Telekommunikation mbH,dsl
20845,DIGI Tavkozlesi es Szolgaltato Kft.,dsl
20875,JP HT d.d. Mostar,dsl
20879,Digi Portugal,dsl
20880,Tele Columbus AG,dsl
20886,bn:t Blatzheim Networks Telecom GmbH,dsl
20904,Cinia Oy (fka. Netplaza),dsl
20910,Bite Latvia (Baltcom),dsl
20911,Net-Surf.net Ltd.,dsl
20912,Panservice s.a.s. di Cuseo Fabrizio & C.,dsl
20963,Nema (fka vodafone.fo),dsl
20978,TT Mobil Iletisim Hizmetleri A.S,dsl
21003,General Post and Telecommunication Company (GPTC),dsl
21021,Multimedia Polska Sp. z o.o.,dsl
21050,Fast Communication Company Ltd,dsl
21107,Blicnet d.o.o.,dsl
21127,Joint Stock Company TransTeleCom,dsl
21183,Vodafone Albania (fka. Abcom),dsl
21191,Joint Stock Company TransTeleCom,dsl
21211,"Penkiu kontinentu komunikaciju centras, Ltd.",dsl
21219,PRIVATE JOINT STOCK COMPANY DATAGROUP,dsl
21230,M SAT Cable EAD,dsl
21232,Genossenschaft GGA Maur,dsl
21246,IPKO Telecommunications LLC,dsl
21263,TeleData GmbH,dsl
21271,Sotelma Mali,dsl
21277,Allay Nawroz Telecom Company for Communication/Ltd.,dsl
21283,A1 Slovenija d.d.,dsl
21299,Kar-Tel LLC,dsl
21310,Satellite Ltd,dsl
21334,One Hungary Ltd.,dsl
21348,Lounea (ex. Etelä-Satakunnan Puhelin),dsl
21351,Canal + Telecom SAS,dsl
21365,MTS PJSC,dsl
21385,Trusted Network GmbH,dsl
21412,UAB Cgates,dsl
21413,Envia Tel GmbH,dsl
21453,Flex Ltd.,dsl
21483,PJSC Vimpelcom,dsl
21497,Vodafone Ukraine,dsl
21502,Societe Francaise Du Radiotelephone - SFR SA,dsl
21508,"Comcast Cable Communications, LLC",dsl
21571,MLS Wireless S/A,dsl
21575,ENTEL PERU S.A.,dsl
21725,Ritter Communications,dsl
21743,Atlas Networks Corporation,dsl
21804,Access Communications Co-operative Limited,dsl
21826,Corporación Telemic C.A. (Inter),dsl
21921,New Hope Telephone Cooperative,dsl
21928,"T-Mobile USA, Inc.",dsl
21947,"Blackfoot Telephone Cooperative, Inc.",dsl
21949,Beanfield Technologies Inc.,dsl
22047,VTR BANDA ANCHA S.A.,dsl
22060,Netspectrum Wireless Internet Solutions,dsl
22070,"Blue Ridge Websoft, LLC",dsl
22085,Claro S/A,dsl
22258,"Comcast Cable Communications, LLC",dsl
22313,Supercable,dsl
22322,Cable Co-op Inc,dsl
22363,"Powerhouse Management, Inc.",dsl
22423,Altima Telecom,dsl
22689,SERCOMTEL S/A TELECOMUNICACOES,dsl
22724,PUNTONET S.A.,dsl
22750,BCS Group (BCSNet),dsl
22765,Nelsonville TV Cable Inc,dsl
22773,Cox Communications Inc.,dsl
22884,TOTAL PLAY TELECOMUNICACIONES SA DE CV,dsl
22909,"Comcast Cable Communications, LLC",dsl
22923,Netminders Server Hosting,dsl
22927,Telefonica de Argentina,dsl
22995,Xplore Inc.,dsl
23031,TELECU TELECOMUNICACIONES DEL ECUADOR TELECUSA S.A.S.,dsl
23089,Hotwire Communications,dsl
23114,Critical Hub Networks,dsl
23184,Persona Communications Inc.,dsl
23201,TIGO Paraguay,dsl
23243,COMCEL GUATEMALA S.A.,dsl
23314,Summit Broadband,dsl
23404,Ritter Communications,dsl
23473,PAVLOV MEDIA INC,dsl
23497,"North Coast Wireless Communications, LLC",dsl
23563,SK Broadband Co Ltd,dsl
23618,Ibara Broadcasting Company,dsl
23655,2degrees Networks Limited,dsl
23674,Nayatel (Pvt) Ltd,dsl
23688,Link3 Technologies Ltd.,dsl
23693,PT. Telekomunikasi Selular,dsl
23700,PT Link Net Tbk,dsl
23752,"Nepal Telecommunications Corporation, Internet Services, AS23860,Alliance Broadband Services Pvt. Ltd. AS23889,Mauritius Telecom Ltd AS23944,SKY Cable Corporation AS23951,PT Jembatan Citra Nusantara AS23953,PT Artha Telekomindo AS23956,AmberIT Limited AS23969,TOT Public Company Limited AS24033,Australian Private Networks Pty Ltd AS24086,Viettel Corporation AS24163,UNION BROADBAND NETWORK AS24164,UNION BROADBAND NETWORK AS24186,RailTel Corporation of India Ltd AS24203,PT XL Axiata Tbk AS24206,Channel-11 AS24309,Atria Convergence Technologies AS24323,aamra networks limited AS24378,Total Access Communication PLC. AS24389,GP (GrameenPhone Ltd) AS24400,Shanghai Mobile Communications Co.,Ltd.",dsl
24444,Shandong Mobile Communication Company Limited,dsl
24445,"Henan Mobile Communications Co.,Ltd",dsl
24499,Telenor Pakistan,dsl
24530,PT Power Telecom,dsl
24532,PT Inet Global Indo,dsl
24535,PT Insan Sarana Telematika,dsl
24547,Hebei Mobile Communication Company Limited,dsl
24550,Websurfer Nepal Internet Service Provider,dsl
24560,"Bharti Airtel Ltd., Telemedia Services",dsl
24589,Telenet SIA,dsl
24651,JSC BALTICOM,dsl
24685,Load.me sp. z o. o.,dsl
24689,JSC Rosin.telekom,dsl
24691,"TogoTelecom, Togo",dsl
24739,JSC Severen-Telecom,dsl
24750,MyAcct LTD,dsl
24751,Jakobstadsnejdens Telefon Ab,dsl
24757,Ethio telecom,dsl
24812,RPC HomeNet Ltd.,dsl
24835,Vodafone Egypt,dsl
24852,UAB INIT,dsl
24863,Link Egypt (Link.NET),dsl
24889,Monzoon Networks AG,dsl
24904,K-NET SARL,dsl
24955,JSC Ufanet,dsl
25019,Saudi Telecom Company JSC,dsl
25086,MTS PJSC,dsl
25098,Netcalibre Ltd,dsl
25106,Mobile TeleSystems JLLC,dsl
25133,LLC McLaut-Invest,dsl
25135,Vodafone Limited,dsl
25139,"TVCABO - Comunicações Multimedia, Lda",dsl
25144,Telekomunikacije Republike Srpske a.d.,dsl
25159,PJSC MegaFon,dsl
25211,Euro Crypt EOOD,dsl
25229,Limited Liability Company KYIVSKI TELEKOMUNIKATSIYNI...,dsl
25255,Hutchison Drei Austria GmbH,dsl
25311,DIGI Belgium,dsl
25374,ESCOM Ltd. - Haskovo,dsl
25406,"SPLIUS, UAB",dsl
25408,JSC ER-Telecom Holding,dsl
25454,Orange Moldova S.A.,dsl
25472,Nova Telecommunications & Media Single Member S.A,dsl
25482,Private Enterprise Law Firm Status,dsl
25509,Hringiðan ehf / Vortex Inc,dsl
25513,PJSC Moscow city telephone network,dsl
25515,PJSC Rostelecom,dsl
25521,Industrial Media Network LLC,dsl
25549,JSC Avantel,dsl
25577,MAINFRAME & CYBERNETIC SYSTEMS LIMITED,dsl
25585,Kencomp Internet Ltd,dsl
25596,Odido Netherlands B.V.,dsl
25668,Cipherkey Exchange Corp.,dsl
25764,Ziply Fiber (iFiber Communications Corp),dsl
25814,DigitalC,dsl
26253,"South Central Communications, Inc.",dsl
26292,Shrewsbury Electric and Cable Operations,dsl
26599,Telefônica Brasil,dsl
26611,COMUNICACIÓN CELULAR S.A. COMCEL S.A.,dsl
26615,TIM S/A,dsl
26827,EPB Fiber Optics,dsl
26873,QCOL INC,dsl
26911,LitFiber LLC,dsl
27017,Ziply Fiber (Northwest Fiber),dsl
27364,Armstrong,dsl
27425,"IdeaTek Telcom, LLC",dsl
27578,AirBridge Broadband LLC,dsl
27651,ENTEL CHILE S.A.,dsl
27653,Alpha Communications Network,dsl
27665,Columbus Communications Trinidad Limited.,dsl
27668,ETAPA EP,dsl
27672,SERVICIO Y EQUIPO EN TELEFONÍA INTERNET Y TV S.A. DE C.V.,dsl
27699,TELEFÔNICA BRASIL S.A,dsl
27717,Corporacion Digitel C.A.,dsl
27725,"Empresa de Telecomunicaciones de Cuba, S.A.",dsl
27738,Ecuadortelecom S.A.,dsl
27747,Telecentro S.A.,dsl
27773,MILLICOM CABLE EL SALVADOR S.A. DE C.V.,dsl
27775,Telecommunicationcompany Suriname - TeleSur,dsl
27800,Digicel Trinidad and Tobago Ltd.,dsl
27813,Teledifusora S.A.,dsl
27831,Colombia Móvil,dsl
27839,Comteco Ltda,dsl
27882,Telefónica Celular de Bolivia S.A.,dsl
27884,CABLECOLOR S.A.,dsl
27896,All America Cables & Radio/Centennial Dominicana,dsl
27901,Pacifico Cable SPA.,dsl
27947,Telconet S.A,dsl
27951,Media Commerce Partners S.A,dsl
27983,Red Intercable Digital S.A.,dsl
27984,Ver Tv S.A.,dsl
27995,Claro Chile S.A.,dsl
28006,CORPORACION NACIONAL DE TELECOMUNICACIONES - CNT EP,dsl
28036,Telefonia Celular de Nicaragua SA.,dsl
28048,Internet Para Todos - Gobierno de La Rioja,dsl
28075,ARLINK S.A.,dsl
28111,Grupo Solunet SRL,dsl
28118,ALTICE DOMINICANA S.A.,dsl
28126,BRISANET SERVICOS DE TELECOMUNICACOES S.A,dsl
28132,TRI TELECOM LTDA,dsl
28146,MHNET TELECOM,dsl
28186,ITS TELECOMUNICACOES LTDA,dsl
28191,Jupiter Telecomunicacoes e Informatica Ltda,dsl
28201,VALE NET,dsl
28202,Master Internet,dsl
28210,GIGA MAIS FIBRA TELECOMUNICACOES S.A.,dsl
28213,LCI Telecom,dsl
28220,Alares Internet,dsl
28240,VIP - SERVIÇOS DE TELECOMUNICAÇÕES LTDA.,dsl
28255,Wtl Telecomunicacoes do Brasil Ltda,dsl
28263,America-NET / Vero,dsl
28270,ERR_AS_NAME_NOT_FOUND,dsl
28283,Adyl Telecom,dsl
28285,Beltrãonet Telecomunicações LTDA - EPP,dsl
28292,ENGEPLUS INFORMATICA LTDA,dsl
28300,MMA Fibra,dsl
28306,Voluy Telecom Eireli,dsl
28309,WGO Telecomunicações Ltda,dsl
28328,EBR Informática Ltda,dsl
28331,PaintWeb Internet Ltda,dsl
28343,Unifique Telecomunicações SA,dsl
28370,3AX Telecom (GUIFAMI Informática Ltda),dsl
28398,INTERNET TELEFONIA Y TV DE MICHOACAN SA DE CV,dsl
28403,"RadioMovil Dipsa, S.A. de C.V.",dsl
28432,"Telecable del Mineral, S. A. de C.V.",dsl
28458,IENTC Telecom,dsl
28459,MICHELLE MORENO MORENO,dsl
28469,AT&T COMUNICACIONES DIGITALES S DE RL,dsl
28509,izzi Telecom,dsl
28513,UNINET,dsl
28545,Cablemas Telecomunicaciones SA de CV,dsl
28548,izzi (Cablevision Mexico),dsl
28554,Cablemas Telecomunicaciones SA de CV,dsl
28573,Claro NXT Telecomunicacoes Ltda,dsl
28577,Yukaline Telecom,dsl
28580,FASTERNET,dsl
28610,DEBIAN SIGNAL COMUNICAÇÃO MULTIMIDIA LTDA ME,dsl
28613,HUGHES TELECOMUNICACOES DO BRASIL LTDA.,dsl
28624,Oops Internet,dsl
28634,Life Tecnologia Ltda.,dsl
28649,Desktop Sigmanet Comunicação Multimídia SA,dsl
28652,Maxx Telecomunicacoes Nordeste LTDA,dsl
28656,Blink Telecom,dsl
28665,PREDIALNET FIBRA,dsl
28668,Desktop Sigmanet Comunicação Multimídia SA,dsl
28683,SOCIETE BENINOISE DINFRASTRUCTURES NUMERIQUES,dsl
28725,CETIN a.s.,dsl
28787,Aztelekom LLC,dsl
28812,PJSC Bashinformsvyaz,dsl
28840,PJSC TATTELECOM,dsl
28884,MTS PJSC,dsl
28885,Oman Telecommunications Company (S.A.O.G),dsl
28890,INSYS LLC,dsl
28917,"Fiord Networks, UAB",dsl
28919,Stadtwerke Kufstein GmbH,dsl
28972,"M-SOFT, spol. s r.o.",dsl
29030,TELECABEL PLC,dsl
29031,Lugansk Telephone Company LLC,dsl
29069,PJSC Rostelecom,dsl
29081,WVNET Information und Kommunikation GmbH,dsl
29084,Comnet Bulgaria Holding Ltd.,dsl
29107,Synapse Network LTD,dsl
29124,Iskratelecom JSC,dsl
29125,PJSC Vimpelcom,dsl
29170,Kujtesa Net Sh.p.k.,dsl
29190,MTS PJSC,dsl
29194,MTS PJSC,dsl
29196,Inzhenernye seti - Telecom LLC,dsl
29244,CETIN Bulgaria EAD,dsl
29247,Ote SA (Hellenic Telecommunications Organisation),dsl
29256,Syrian Telecommunication Private Closed Joint Stock Company,dsl
29310,JAWWAL,dsl
29314,VECTRA S.A.,dsl
29329,Resource-M LLC,dsl
29357,OOredOO Kuwait NMTC,dsl
29413,KOMRO Gesellschaft fuer Telekommunikation mit beschra...,dsl
29447,Iliad Italia S.p.A,dsl
29465,MTN NIGERIA Communication limited,dsl
29485,A1 Hrvatska d.o.o.,dsl
29492,EIDSIVA DIGITAL AS,dsl
29497,MTS PJSC,dsl
29505,Stadtwerke Luebeck Digital GmbH,dsl
29518,Bredband2 AB,dsl
29544,Mauritanian Telecommunication Company,dsl
29562,Vodafone West GmbH,dsl
29571,Orange Côte dIvoire,dsl
29580,A1 Bulgaria EAD,dsl
29582,Optisprint OOD,dsl
29614,TELECEL GHANA AS INTERNATIONAL TRANSIT,dsl
29667,Atlantis Net Ltd.,dsl
29687,Geodim Ltd.,dsl
29695,Lyse Tele AS,dsl
29974,Wightman Telecom,dsl
29975,Vodacom,dsl
30036,Mediacom Communications Corp,dsl
30110,Advanced Communications Technology,dsl
30600,Metronet,dsl
30640,"Etheric Networks, Inc.",dsl
30689,FLOW,dsl
30722,Fastweb SpA,dsl
30764,PODA a.s.,dsl
30766,GGEW net GmbH,dsl
30784,Iskratelecom JSC,dsl
30793,Netia SA,dsl
30844,Liquid Intelligent Technologies,dsl
30848,UNIDATA S.p.A.,dsl
30868,JSC ER-Telecom Holding,dsl
30873,Public Telecommunication Corporation,dsl
30922,MTS PJSC,dsl
30925,DELTA Fiber Nederland B.V.,dsl
30985,Orange Mali SA,dsl
30986,Scancom Limited,dsl
30992,MTN Network Solutions (Cameroon),dsl
30999,Emtel,dsl
31012,A1 Hrvatska d.o.o.,dsl
31036,JSC ER-Telecom Holding,dsl
31042,Serbia BroadBand-Srpske Kablovske mreze d.o.o.,dsl
31115,INTRED S.p.A.,dsl
31122,Digiweb ltd,dsl
31133,MegaFon PJSC,dsl
31143,COSMOS TV JLLC,dsl
31148,FREENET JSC,dsl
31163,PJSC MegaFon,dsl
31195,PJSC MegaFon,dsl
31200,Novotelecom Ltd,dsl
31204,ORANGE MOLDOVA S.A.,dsl
31205,PJSC MegaFon,dsl
31208,PJSC MegaFon,dsl
31213,PJSC MegaFon,dsl
31214,TIS Dialog LLC,dsl
31224,PJSC MegaFon,dsl
31246,"O2 Czech Republic, a.s.",dsl
31250,Vivacom Bulgaria EAD,dsl
31252,StarNet Solutii SRL,dsl
31257,Orion Telecom LLC,dsl
31272,WildPark Co,dsl
31286,MTS PJSC,dsl
31317,AnschlussWerk GmbH,dsl
31334,Vodafone GmbH,dsl
31343,Intertelecom Ltd,dsl
31363,JSC ER-Telecom Holding Moscow branch,dsl
31404,LYCATEL DISTRIBUTION UK LIMITED,dsl
31435,Medicom Bulgaria Ltd.,dsl
31452,ZAIN BAHRAIN B.S.C.,dsl
31499,Ekaterinburg-2000 LLC,dsl
31510,Innsbrucker Kommunalbetriebe AG,dsl
31514,Invest Mobile LLC,dsl
31549,Aria Shatel PJSC,dsl
31655,Gamma Telecom Holdings Ltd,dsl
31685,TOV Teleradiocompany TIM,dsl
31725,ISP Shtorm LTD,dsl
32133,Ting Fiber Inc.,dsl
32204,KPU Telecommunications,dsl
32233,Persona Communications Inc.,dsl
32329,"Another Corporate ISP, LLC",dsl
32354,Unwired,dsl
32437,Webdev CC T/A Cybertek,dsl
32444,Anthem Broadband,dsl
32489,Amanah Tech Inc.,dsl
32490,"South Central Communications, Inc.",dsl
32582,"600Amps Internet Services, Inc.",dsl
32614,High Desert Internet Services,dsl
32709,"Joink, LLC",dsl
32867,Long Lines Internet,dsl
33037,Anthem Connect,dsl
33044,Megawire Inc.,dsl
33218,"Belzoni Cable, LLC",dsl
33287,"Comcast Cable Communications, LLC",dsl
33363,"Charter Communications, Inc",dsl
33489,"Comcast Cable Communications, LLC",dsl
33491,"Comcast Cable Communications, LLC",dsl
33567,Econet Telecom Lesotho (PTY) LTD,dsl
33576,Digicel Jamaica,dsl
33588,Charter Communications LLC,dsl
33604,Burlington Telecom,dsl
33650,"Comcast Cable Communications, LLC",dsl
33651,"Comcast Cable Communications, LLC",dsl
33652,"Comcast Cable Communications, LLC",dsl
33653,"Comcast Cable Communications, LLC",dsl
33654,"Comcast Cable Communications, LLC",dsl
33657,"Comcast Cable Communications, LLC",dsl
33659,"Comcast Cable Communications, LLC",dsl
33660,"Comcast Cable Communications, LLC",dsl
33661,"Comcast Cable Communications, LLC",dsl
33662,"Comcast Cable Communications, LLC",dsl
33665,"Comcast Cable Communications, LLC",dsl
33666,"Comcast Cable Communications, LLC",dsl
33667,"Comcast Cable Communications, LLC",dsl
33668,"Comcast Cable Communications, LLC",dsl
33763,Paratus Telecommunications Limited,dsl
33765,Tanzania Telecommunications Corporation,dsl
33771,Safaricom Limited,dsl
33779,Wataniya Telecom Algerie,dsl
33788,Kanar Telecommunication (Canar Telecom Co.Ltd),dsl
33796,BOLIGNET-AARHUS F.M.B.A.,dsl
33823,PHOENIX TELECOM & MEDIA SERVICES SRL,dsl
33874,Epic Communications Limited,dsl
33885,Telenor Sverige AB,dsl
33894,MTS PJSC,dsl
33915,Vodafone Libertel B.V.,dsl
33922,UAB Nacionalinis Telekomunikaciju Tinklas,dsl
33941,GConnect Technology Ltd,dsl
33983,ARTMOTION SH.P.K.,dsl
33991,IGRA-SERVICE LLC,dsl
34001,SIA LIVAS NET,dsl
34058,Limited Liability Company lifecell,dsl
34087,NTE TELEKOM AS,dsl
34120,Verslo Tiltas UAB,dsl
34139,JSC DIVO,dsl
34145,JSC ER-Telecom Holding,dsl
34150,JSC ER-Telecom Holding Krasnodar branch,dsl
34170,Aztelekom LLC,dsl
34187,LLC Renome-Service,dsl
34218,Three Ireland (Hutchison) limited,dsl
34244,Teleservice Bredband Skane AB,dsl
34263,MPY Telecom Oy,dsl
34288,Kantonsschule Zug,dsl
34295,Geo BG Net SPLtd.,dsl
34296,Millenicom Telekomunikasyon Hizmetleri Anonim Sirketi,dsl
34362,Terrakom d.o.o.,dsl
34456,Rial Com JSC,dsl
34471,Free Technologies Excom S.L.,dsl
34533,JSC ER-Telecom Holding Samara branch,dsl
34550,LLC Intercon,dsl
34569,Vivacom Bulgaria EAD,dsl
34577,SKAT TV Ltd.,dsl
34590,JSC ER-Telecom Holding Izhevsk branch,dsl
34594,Telemach Hrvatska d.o.o.,dsl
34602,MEGASVYAZ LLC,dsl
34620,Mikronet SIA,dsl
34629,Resurs-Svyaz Ltd,dsl
34659,Keyyo SA,dsl
34661,TOV TRK Briz,dsl
34700,"Maxnet Telecom, LTD",dsl
34743,NASHNET LTD,dsl
34754,Vivacom Bulgaria EAD,dsl
34757,Sibirskie Seti Ltd.,dsl
34779,"T-2, d.o.o.",dsl
34797,System Net Ltd,dsl
34814,Osnova-Internet LLC,dsl
34857,"Telekomunikaciju vartai, UAB",dsl
34867,Cosmonova LLC,dsl
34887,Information Technology Center of the Republic of Tata...,dsl
34953,RelAix Networks GmbH,dsl
34977,PROCONO S.A.,dsl
34984,Superonline Iletisim Hizmetleri A.S.,dsl
35000,JSC Severen-Telecom,dsl
35004,Branch Enterprise Netgroup-Service,dsl
35032,LLC SIP NIS,dsl
35047,Abissnet sh.a.,dsl
35091,"Teledata, Ghana",dsl
35141,A1 Bulgaria EAD,dsl
35154,PJSC Rostelecom,dsl
35179,Korbank S. A.,dsl
35197,Virtual ISP s.a.l.,dsl
35205,RFT Kabel Brandenburg GmbH,dsl
35228,o2 (Telefonica UK),dsl
35244,Tele Columbus AG,dsl
35271,JSC AVIEL,dsl
35311,PR-TELECOM Zrt.,dsl
35319,ALTAIR MEGA LLC,dsl
35320,Eurotranstelecom Ltd,dsl
35362,LIMITED LIABILITY COMPANY BEST SOLUTIONS,dsl
35394,Cable Aireworld S.A.U.,dsl
35432,Cablenet Communication Systems plc,dsl
35437,Zone Telecommunications Ltd,dsl
35444,Digicom SHPK,dsl
35467,DDFR IT Infra & Security B.V.,dsl
35475,PJSC Moscow city telephone network,dsl
35539,Information and Communication Technologies LLC,dsl
35540,OVH Telecom (OVH SAS),dsl
35598,INETCOM CARRIER LLC,dsl
35612,EOLO S.p.A.,dsl
35699,Adamo Telecom Iberia S.A.,dsl
35706,Net at Once Sweden AB,dsl
35725,Telekom Romania Mobile,dsl
35728,MTS PJSC,dsl
35753,Etihad Salam Telecom CJSC,dsl
35790,Aktiebolaget Sappa,dsl
35804,PP SKS-LUGAN,dsl
35805,JSC Silknet,dsl
35807,SkyNet Ltd.,dsl
35810,Big Telecom JSC,dsl
35816,Lancom Ltd.,dsl
35819,Etihad Etisalat (Mobily),dsl
35847,Ezee Fiber,dsl
35860,Imagine Networks,dsl
35900,Digicel Barbados Ltd,dsl
35911,Telebec,dsl
36149,"Hawaiian Telcom Services Company, Inc.",dsl
36223,Spanish Fork City,dsl
36423,Liberty Communications of Puerto Rico LLC,dsl
36493,FIBERNETICS CORPORATION,dsl
36511,Dauphin Telecom Guadeloupe,dsl
36527,Rincon Wireless,dsl
36728,Emery Telcom,dsl
36827,PINE BELT TELEPHONE CO,dsl
36866,Jamii Telecommunications Limited,dsl
36873,Airtel Networks Limited,dsl
36874,Cybersmart,dsl
36884,Wana Corporate,dsl
36890,MTN Rwandacell,dsl
36902,Intelvision Ltd,dsl
36903,Maroc Telecom,dsl
36907,TV CABO ANGOLA LDA,dsl
36908,Vodacom Tanzania Ltd,dsl
36924,GVA Cote dIvoire SAS,dsl
36925,Orange Maroc,dsl
36926,Airtel Networks Kenya Limited,dsl
36935,Vodafone Egypt,dsl
36937,Liquid Telecommunications South Africa (Pty) Ltd,dsl
36947,Telecom Algeria,dsl
36958,Cable & Wireless (Seychelles) Ltd,dsl
36963,Orange Botswana (PTY) Ltd,dsl
36974,MTN COTE DIVOIRE S.A,dsl
36992,Etisalat Egypt,dsl
36994,Vodacom,dsl
36996,Telecom Namibia,dsl
36998,Sudanese Mobile Telephone (ZAIN) Co Ltd,dsl
37002,Reunicable SAS,dsl
37009,"MTC - Mobile Telecommunications, Ltd.",dsl
37030,Airtel Ghana Limited,dsl
37035,MIC TANZANIA LTD,dsl
37037,Orange Madagascar,dsl
37054,Telecom Malagasy,dsl
37061,Safaricom Limited,dsl
37069,The Egyptian Company for Mobile Services (Mobinil),dsl
37075,Airtel Uganda Limited,dsl
37076,Emerging Markets Telecommunication Services (EMTS) Limited,dsl
37088,VDT COMMUNICATIONS LIMITED,dsl
37119,UNITEL SA,dsl
37133,Airtel Tanzania,dsl
37136,ETISALAT BENIN,dsl
37148,Globacom Limited,dsl
37154,Zambia Telecommunications Company Ltd aka ZAMTEL,dsl
37164,Orange (SL) Limited,dsl
37168,Cell C (Pty) Ltd,dsl
37190,Atlantique Telecom (Cote dIvoire),dsl
37196,Sudatel Senegal,dsl
37204,Telone PVT Ltd,dsl
37284,Aljeel Aljadeed For Technology,dsl
37287,Zain Zambia PLC,dsl
37315,Cipherwave,dsl
37317,AccessGlobal Communication (Pty) Ltd,dsl
37340,SPECTRANET LIMITED,dsl
37342,"Movitel, SA",dsl
37343,Telecom Seychelles Limited,dsl
37349,Aptus Solutions Ltd,dsl
37371,Hormuud Telecom Somalia INC,dsl
37385,Societe Nigerienne des Telecommunications (SONITEL),dsl
37410,Lonestar Communications Corporation,dsl
37424,SPACETEL BENIN SA,dsl
37440,Airtel Malawi Ltd,dsl
37447,ORANGE RDC,dsl
37451,CONGO TELECOM,dsl
37457,Telkom SA Ltd.,dsl
37461,ORANGE GUINEE,dsl
37473,Telesom,dsl
37482,Broadband Innovations,dsl
37492,Orange Tunisie,dsl
37517,CV Multimedia SA,dsl
37524,Africell Gambia,dsl
37531,Airtel Niger,dsl
37542,Iclix (PTY) Ltd,dsl
37559,Orange Bissau,dsl
37560,Cyberdyne S.A.,dsl
37563,SOMTEL INTERNATIONAL Ltd,dsl
37564,Wirulink Pty Ltd,dsl
37611,Afrihost (Pty) Ltd,dsl
37640,Cape Connect Internet,dsl
37645,ZAP-Angola,dsl
37649,SAGA AFRICA HOLDINGS LIMITED,dsl
37671,3S INF,dsl
37680,Cool Ideas Service Provider (Pty) Ltd,dsl
37693,OOREDOO TUNISIE SA,dsl
37697,"WEBMASTERS, LDA.",dsl
37705,TOPNET,dsl
37892,"Cable Media WAIWAI Co.,Ltd.",dsl
38019,China Mobile Tianjin Province Network,dsl
38067,Radiant Communications Limited,dsl
38145,PT Panca Dewata Utama,dsl
38165,PT Ambhara Duta Shanti,dsl
38182,Extreme Broadband,dsl
38195,Superloop,dsl
38264,Wateen Telecom,dsl
38285,Vocus Retail,dsl
38286,Phnom Penh Cable TV,dsl
38322,TM TECHNOLOGY SERVICES SDN. BHD.,dsl
38442,Vodafone Fiji Limited,dsl
38493,Royal Green Online Ltd,dsl
38511,PT Remala Abadi Tbk,dsl
38517,PT Bangsawan Cyberindo,dsl
38527,PT Jawa Pos National Network Medialink,dsl
38565,Ncell Pvt. Ltd.,dsl
38623,Metfone (Viettel Cambodia),dsl
38628,HIMEJI CABLE TELEVISION CORPORATION,dsl
38750,PT Telemedia Dinamika Sarana,dsl
38754,PT Primedia Armoekadata Internet,dsl
38778,PT Dutakom Wibawa Putra,dsl
38841,kbro CO. Ltd.,dsl
38851,"TWT Digital Communication Inc., AS38917,INTERCOMTEL Limited Company AS38924,Trakia Kabel OOD AS38932,Rimex Ltd. AS38976,PJSC Rostelecom AS38999,Mobile Interim Company no.2 sal AS39007,UAB Balticum TV",dsl
39010,TerraNet sal,dsl
39028,JSC ER-Telecom Holding Ulyanovsk branch,dsl
39065,Southern Telecommunication Company Ltd.,dsl
39087,P.A.K.T LLC,dsl
39102,Global Network Management Inc,dsl
39120,Convergenze S.p.A.,dsl
39122,Blacknight Internet Solutions Limited,dsl
39184,UltraNET Ltd,dsl
39190,Ahmad Mahmoud Hassan trading as Nour El Houda Trading...,dsl
39194,Vakka-Suomen Puhelin Oy,dsl
39199,Private Enterprise RadioNet,dsl
39201,WaveCom Informatikai Kft.,dsl
39216,AL-SARD FIBER Co.,dsl
39232,Uninet LLC,dsl
39264,Region Svyaz Konsalt LLC,dsl
39328,SISNET NUEVAS TECNOLOGIAS S.L.,dsl
39435,JSC ER-Telecom Holding Vologograd branch,dsl
39484,Pirkan Opiskelija-asunnot Oy,dsl
39529,Osipenko Alexander Nikolaevich,dsl
39531,Alter-NET SRL,dsl
39554,TDC Brands A/S,dsl
39603,P4 Sp. z o.o.,dsl
39608,Lanet Network Ltd,dsl
39611,Tibo Communications Sh.p.k,dsl
39642,Norlys Digital A/S,dsl
39651,Tele2 Sweden (Com Hem),dsl
39699,Lounea Palvelut Oy,dsl
39709,EXTREME LTD,dsl
39735,Permtelecom Ltd,dsl
39785,"Axioma, LLC",dsl
39811,MTS PJSC,dsl
39812,Closed Joint Stock Company Radiotelephone,dsl
39857,Aalto University Student Union,dsl
39878,Peter Rauter GmbH,dsl
39891,Saudi Telecom Company JSC,dsl
39927,E-Light-Telecom Ltd.,dsl
40029,Novus Entertainment Inc.,dsl
40237,United Telephone Company,dsl
40328,AcenTek,dsl
40545,Empire Access,dsl
40749,CLARKSVILLE DEPARTMENT OF ELECTRICITY,dsl
40760,TelAlaska,dsl
40788,Start Communications,dsl
40945,SAT TELECOMMUNICATIONS LTD,dsl
40993,MTS PJSC,dsl
41030,Jaroslav Novotny (Net Open),dsl
41039,"Timer, LLC",dsl
41046,"O2 Czech Republic, a.s.",dsl
41110,DSLmobil GmbH,dsl
41114,Orne THD SPL,dsl
41119,Objedinenie Group Ltd.,dsl
41164,Telia Norge AS,dsl
41202,UNITEL LLC,dsl
41232,Beeline Broadband Ltd,dsl
41268,Sesameware FZ-LLC,dsl
41273,Antenne Collective Ettelbruck ASBL,dsl
41275,Lovitel LLC,dsl
41330,T2 Mobile LLC,dsl
41349,Limited Liability Company MVM Technology,dsl
41435,UnderNet LLC,dsl
41495,Faelix Limited,dsl
41549,Elektrizitaets- und Wasserwerk der Stadt Buchs SG,dsl
41557,Drustvo za telekomunikaciski uslugi TELEKABEL DOOEL Stip,dsl
41560,UGMK-Telecom LLC,dsl
41563,OSTKOM SIA,dsl
41661,JSC ER-Telecom Holding Chelyabinsk branch,dsl
41668,JSC ER-Telecom Holding Kazan branch,dsl
41676,JMDI Jacek Maleszko,dsl
41682,JSC ER-Telecom Holding,dsl
41691,PJSC Rostelecom,dsl
41704,JSC Ufanet,dsl
41709,Lugansky Merezhy Ltd,dsl
41720,Revolution Provider S.r.l.,dsl
41727,JSC ER-Telecom Holding Kirov branch,dsl
41733,JSC ER-Telecom Holding,dsl
41750,Mega-Line Ltd.,dsl
41754,JSC ER-Telecom holding Penza branch,dsl
41798,JSC Transtelecom,dsl
41802,Limited Liability Company Kvidex-Telecom,dsl
41820,New Information Systems PP,dsl
41822,MTS PJSC,dsl
41843,JSC ER-Telecom Holding Omsk branch,dsl
41897,Sat-Trakt D.O.O.,dsl
41929,MTS PJSC,dsl
41937,Telekom Srbija a.d.,dsl
41953,TELEPLUS SRL,dsl
42003,OGERO,dsl
42038,Krivets Sergey Sergeevich,dsl
42065,Global Network Management Inc,dsl
42082,JSC Silknet,dsl
42087,MTS PJSC,dsl
42110,PJSC Vimpelcom,dsl
42116,JSC ER-Telecom Holding Naberezhnye Chelny branch,dsl
42145,JSC ER-Telecom Holding,dsl
42148,Beirel Telecom LLC,dsl
42184,TKRZ Stadtwerke GmbH,dsl
42227,Airwire Ltd,dsl
42232,PARISAT Tavkozlesi es Szolgaltato Korlatolt Felelosse...,dsl
42239,Ltd. Cypher,dsl
42248,Vida optics TVV Ltd.,dsl
42277,Limited liability company Kursktelecom,dsl
42298,Ooredoo Q.S.C.,dsl
42313,ONE ALBANIA SH.A.,dsl
42322,MTS PJSC,dsl
42343,Karjaan Puhelin Oy,dsl
42387,Limited Company Svyazservice,dsl
42431,BiConsult Eood,dsl
42437,T2 Mobile LLC Rostov-on-Don branch,dsl
42455,ELITE GROUP.IM LIMITED,dsl
42459,Fiber Optics Bulgaria OOD,dsl
42541,Fiberby ApS,dsl
42555,OPTICCOM- BULGARIA Ltd.,dsl
42560,Telemach BH d.o.o. Sarajevo,dsl
42571,Blicnet d.o.o.,dsl
42574,Novaya Sibir Plus Ltd.,dsl
42580,"NOS ACORES COMUNICACOES, S.A.",dsl
42610,PJSC Rostelecom,dsl
42611,Full Fibre Limited,dsl
42621,LPOnet Osk Anl,dsl
42652,inexio Informationstechnologie und Telekommunikation Gmbh,dsl
42668,"Nevalink, LLC",dsl
42682,JSC ER-Telecom Holding Nizhny Novgorod branch,dsl
42683,JSC ER-Telecom Holding Orenburg branch,dsl
42689,Glide Student & Residential Limited,dsl
42765,EXCELLENT SIGNALMAN LLC,dsl
42772,Unitary enterprise A1,dsl
42841,ANTIK Telecom s.r.o,dsl
42863,MEO - SERVICOS DE COMUNICACOES E MULTIMEDIA S.A.,dsl
42864,Giganet Internet Szolgaltato Kft,dsl
42885,Paraisten Puhelin Oy,dsl
42892,PE Filimonov Boris Yurievich,dsl
42893,Home Internet Ltd,dsl
42905,LIMANET Ltd.,dsl
42908,"O2 Czech Republic, a.s.",dsl
42925,Internet Rimon LTD,dsl
42947,Telfy Telecom S.L.,dsl
42965,net services Beteiligungsgesellschaft mbH trading as ...,dsl
43016,Keski-Suomen Valokuituverkot Oy,dsl
43038,MTS PJSC,dsl
43139,Maximum-Net LLC,dsl
43182,ITT Ltd.,dsl
43205,Vivacom Bulgaria EAD,dsl
43235,SPRINT INET LLC,dsl
43274,Teleradiocompany Teleos-1 Ltd,dsl
43314,JSC ER-Telecom Holding,dsl
43372,TELNAP TELECOM Sp. z o.o.,dsl
43529,ViDaNet Cabletelevision Provider Ltd.,dsl
43530,Limited Liability Company Irtelcom,dsl
43554,Cifrovye Dispetcherskie Sistemy LLC,dsl
43557,Sinal A/S,dsl
43561,Vivacom Bulgaria EAD,dsl
43567,UG-TELECOM Ltd.,dsl
43571,Nova hf,dsl
43612,A1 Makedonija DOOEL,dsl
43668,AS43668 LLC,dsl
43714,Production co-operative Economic-legal laboratory,dsl
43733,Viva Armenia CJSC,dsl
43754,Asiatech Data Transmission company,dsl
43793,PJSC Rostelecom,dsl
43824,Masco Group LLC,dsl
43936,PE Zinstein Hariton Vladimirovich,dsl
43939,Netia SA,dsl
43940,MTEL d.o.o.,dsl
43966,OOO IT-Region,dsl
43991,Voronezh Telecom LLC,dsl
44020,Modern Solutions LTD,dsl
44030,Lentel Business Ltd.,dsl
44050,Petersburg Internet Network ltd.,dsl
44056,Trytek LLC,dsl
44061,"SAT-MONT-SERVICE JACEK MRUK, KRZYSZTOF MRUK Sp. z o.o.",dsl
44087,BeST CJSC,dsl
44134,BOLIGNET A/S,dsl
44143,A1 Srbija d.o.o.,dsl
44180,ETN Internet GmbH & Co. KG,dsl
44213,New Star Max,dsl
44217,IQ Networks for Data and Internet Services Ltd,dsl
44244,Iran Cell Service and Communication Company,dsl
44247,Videosat 21 Vek OOD,dsl
44257,MTS PJSC,dsl
44265,OOO Smoltelecom,dsl
44270,TC TOR LLC,dsl
44391,JSC Elektrosvyaz,dsl
44395,Ucom CJSC,dsl
44416,Satellite Net Service LLC,dsl
44419,Kalasznet Kabel TV Kft,dsl
44483,Elektrons K SIA,dsl
44489,"STARNET, s.r.o.",dsl
44506,LP Vahvavirta Osk,dsl
44507,OJSC Kostroma Municipal Telephone Network,dsl
44604,JSC KVANT-TELEKOM,dsl
44656,2provide GmbH,dsl
44677,MTS PJSC,dsl
44678,INKO Ltd.,dsl
44710,TRK Sirius LTD,dsl
44712,"eHAMnet, s.r.o.",dsl
44724,Octopusnet LTD,dsl
44735,Nova hf,dsl
44764,Bitpro,dsl
44869,FIBIA P/S,dsl
44874,Vorboss Limited,dsl
44894,Ukrchermetavtomatika LLC,dsl
44923,Saint-Petersburg Computer Networks Ltd.,dsl
44941,ZAO Astrakhan Digital Television,dsl
44943,Ramtel Ltd.,dsl
44963,Stavtelecom LLC,dsl
45007,VIPNET PRIM Ltd,dsl
45011,Bredband2 AB,dsl
45177,Devoli,dsl
45184,Den Digital Entertainment Pvt. Ltd. AS ISP india,dsl
45194,Syscon Infoway Pvt. Ltd.,dsl
45271,Vodafone Idea Ltd,dsl
45305,PT Lintas Data Prima,dsl
45312,PT Media Lintas Data,dsl
45345,Nautile,dsl
45356,Mobitel Pvt Ltd,dsl
45498,"SMART AXIATA Co., Ltd.",dsl
45510,Telcoinabox Operations Pty Ltd,dsl
45528,Tikona Infinet Ltd.,dsl
45543,SaiGon Tourist cable Televition Company,dsl
45558,Myanmar Posts and Telecommunications,dsl
45588,"Bangladesh Telecommunications Company Limited (BTCL),...",dsl
45595,Pakistan Telecom Company Limited,dsl
45609,Bharti Airtel Ltd. AS for GPRS Service,dsl
45629,JasTel Network International Gateway,dsl
45650,VIA NET COMMUNICATION LTD.,dsl
45669,PMCL /LDI IP TRANSIT,dsl
45701,PT Internet Madju Abad Milenindo,dsl
45722,PT Widya Intersat Nusantara,dsl
45724,PT Multi Media Access,dsl
45725,PT Kings Network Indonesia,dsl
45758,Triple T Broadband Public Company Limited,dsl
45763,Opticomm Co Pty Ltd,dsl
45766,Triangle Services Limited.,dsl
45769,D-Vois Broadband Pvt Ltd,dsl
45775,WISH NET PRIVATE LIMITED,dsl
45780,Broadband Solutions Pty Ltd,dsl
45786,PT Hawk Teknologi Solusi,dsl
45804,MEGHBELA BROADBAND,dsl
45814,Fariya Networks Pvt. Ltd.,dsl
45899,VNPT Corp,dsl
45905,Stargate Communications Ltd.,dsl
45916,Gujarat Telelink Pvt Ltd,dsl
45925,ASN For Teletalk Bangladesh Ltd.,dsl
45960,YTL COMMUNICATIONS SDN BHD,dsl
46063,PT Graha Telekomunikasi Indonesia,dsl
46154,Farmers Mutual Telephone Company,dsl
46375,Sonic Telecom LLC,dsl
46408,Columbus Communication St. Vincent and the Grenadines Ltd.,dsl
46618,Cogeco Connexion inc,dsl
46650,Columbus Communications Grenada Ltd.,dsl
46687,"BCI Mississippi Broadband,LLC",dsl
46690,Verizon (fka Frontier Connecticut (SNET)),dsl
46962,HRCOM,dsl
47027,"Seaside Communications, Inc.",dsl
47118,MAN net Ltd.,dsl
47119,JSC Ufanet,dsl
47165,Omskie kabelnye seti Ltd.,dsl
47169,Pro-M Zrt.,dsl
47202,Lazer Telecomunicacoes S.A.,dsl
47203,Miranda-Media Ltd,dsl
47232,ISP Alliance a.s.,dsl
47236,CityLink Ltd,dsl
47241,Joint Stock Company TransTeleCom,dsl
47304,nef Fonden,dsl
47331,TTNet A.S.,dsl
47377,Orange Belgium SA,dsl
47402,Multimedia BG EOOD,dsl
47438,Pskovline Ltd.,dsl
47499,SIA ILVA Ltd.,dsl
47524,Turksat Uydu Haberlesme Kablo TV ve Isletme A.S.,dsl
47586,Dmitriy V. Kozmenko,dsl
47589,VIVA Kuwait (STC),dsl
47626,"Timer, LLC",dsl
47694,Level-MSK Ltd.,dsl
47759,POIG Ltd.,dsl
47771,Vivacom Bulgaria EAD,dsl
47889,SUNNET LLC,dsl
47895,LTD Erline,dsl
47914,OOO Creative Direct Marketing Solutions,dsl
47956,XFone 018 Ltd,dsl
48000,MTS PJSC,dsl
48092,T2 Mobile LLC Nizhniy Novgorod branch,dsl
48101,Trooli Ltd.,dsl
48149,Ivanteevskie telecommunicacii Ltd,dsl
48161,NEXTGEN COMMUNICATIONS SRL,dsl
48166,FORTEX CJSC,dsl
48176,MTS PJSC,dsl
48190,T2 Mobile LLC Yekaterinburg branch,dsl
48239,Scientific-Production Enterprise Information Technolo...,dsl
48293,Uniontel Ltd,dsl
48294,Ogi Networks Ltd,dsl
48320,KETIS Ltd.,dsl
48323,PP Neiron Systems,dsl
48330,Sinev Maksim Viktorovich,dsl
48346,Järventaustan Kyläkuituosuuskunta,dsl
48354,CityLink Ltd,dsl
48416,"Information Network, LLC",dsl
48437,PP Merezha,dsl
48438,Corbina Telecom Llc.,dsl
48475,Closed Joint Stock Company Oskolnet,dsl
48492,I.Q Online for Internet Services and Communications LLC,dsl
48503,Mobile Telecom-Service LLP,dsl
48506,Metical SRL,dsl
48524,"INTERRA telecommunications group, Ltd.",dsl
48526,Proximus Luxembourg S.A.,dsl
48573,PHAETON PLUS d.o.o,dsl
48642,K TELECOM LLC,dsl
48683,Bilink LLC,dsl
48695,Etihad GO Company For communications,dsl
48728,Vodafone Qatar P.Q.S.C,dsl
48814,Netbone Telekomunikasyon A.S.,dsl
48832,Jordanian mobile phone services Ltd,dsl
48847,WAVES S.A.L,dsl
48870,Telenet SIA,dsl
48882,Optima-Shid LLC,dsl
48917,Optinet Ltd,dsl
48940,Link Ltd.,dsl
48945,OPEN FIBRE NETWORKS (WHOLESALE) LIMITED,dsl
49037,Prostie Reshenia LLC,dsl
49048,JSC ER-Telecom Holding Tver Branch,dsl
49088,TELMEKOM SRL,dsl
49129,LTD CGC Co,dsl
49136,Telecommunication networks Ltd,dsl
49158,WIFINITY NETWORKS LIMITED,dsl
49163,Kabel-TV Amstetten GMBH,dsl
49218,Nizhnetagilskie Kompyuternye Seti LLC,dsl
49273,ucell Uzbekistan,dsl
49301,Joint Stock Company TransTeleCom,dsl
49325,OOO SET,dsl
49342,OOO MediaSeti,dsl
49350,MTS PJSC,dsl
49368,DomoLAN Ltd.,dsl
49375,No One Internet Ltd,dsl
49403,AVK-Wellcom Ltd.,dsl
49453,Global Layer B.V.,dsl
49455,Telia Norge AS,dsl
49588,SDS-Vostok Ltd.,dsl
49605,Digital Telecommunication Services S.r.l.,dsl
49628,LLC Skytel,dsl
49717,ASTRA TELEKOM DOO BEOGRAD,dsl
49724,JSC Vainah Telecom,dsl
49770,Internetport Sweden AB,dsl
49776,Gorset LLC,dsl
49779,Joint-Stock Company Investpribor,dsl
49800,GNC-Alfa CJSC,dsl
49816,MTS PJSC,dsl
49824,PC Astra-net,dsl
49826,Lounea (ex. Forssan Seudun Puhelin),dsl
49852,AP NETWORK SRL,dsl
49883,LLC Rivne Telecom,dsl
49893,Bitrace telecom Ltd.,dsl
49902,SOCIETE REUNIONNAISE DU RADIOTELEPHONE SCS,dsl
50010,Omani Qatari Telecommunication Company SAOC,dsl
50060,Annet Ltd.,dsl
50071,MTS PJSC,dsl
50083,Hermes Telecom BVBA,dsl
50126,OOO Teleservis,dsl
50130,FOP Samoilenko Igor Olegovich,dsl
50174,Intexcom OOO,dsl
50181,KabelszatNet-2002. Musoreloszto es Kereskedelmi Kft.,dsl
50266,Odido Netherlands B.V.,dsl
50272,AVUR AS,dsl
50316,Net Global Srl,dsl
50392,LLC Campus Networks,dsl
50406,MTS PJSC,dsl
50473,Altagen JSC,dsl
50477,Svyaz-Energo Ltd.,dsl
50498,JSC ER-Telecom Holding Lipetsk branch,dsl
50512,JSC ER-Telecom Holding Barnaul branch,dsl
50528,Turkiye Buyuk Millet Meclisi,dsl
50542,JSC ER-Telecom Holding Voronezh branch,dsl
50543,JSC ER-Telecom Holding Saratov branch,dsl
50576,FREEWAY Plus LLC,dsl
50577,Intelsc Ltd.,dsl
50581,Ukrainian Telecommunication Group LLC,dsl
50596,Informatsionnye Tekhnologii LLC,dsl
50620,Blue Networks Technologies SARL,dsl
50629,LWLcom GmbH,dsl
50666,LigaT Telecom Sociedade Unipessoal LDA,dsl
50673,Serverius Holding B.V.,dsl
50685,United Networks Ltd.,dsl
50710,Earthlink Telecommunications Equipment Trading & Serv...,dsl
50716,Telecom.ru Ltd,dsl
50771,GigaLink Ltd.,dsl
50821,Bredband2 Stockholms Stadsnaet AB,dsl
50920,Kabel Braunau GmbH,dsl
50923,Metroset Ltd.,dsl
50949,Agronet LLC,dsl
50959,BEEONLINE OJSC,dsl
50973,Vodafone Albania Sh.A.,dsl
51004,Sakhalin Cable Telesystems Ltd,dsl
51032,LLC POWERNET,dsl
51035,JSC ER-Telecom Holding,dsl
51088,A2B IP B.V.,dsl
51184,Fonira Telekom GmbH,dsl
51207,Free Mobile SAS,dsl
51249,SIA SILKO serviss,dsl
51263,County Broadband Ltd,dsl
51273,FOP Lizanchuk Yaroslav M.,dsl
51319,KajoNet Oy,dsl
51351,Classwire Limited,dsl
51367,FOP Koshoviy Oleg Volodymirovich,dsl
51375,STC BAHRAIN B.S.C CLOSED,dsl
51402,COM-IN Telekommunikations GmbH,dsl
51407,Mada Al-Arab General Services Company,dsl
51495,Telephone Network of Ashgabat CJSC,dsl
51505,Dimosia Epicheirisi Ilektrismou Anonymi Etaireia,dsl
51515,"Vega-Service, LLC",dsl
51522,ONLINE LLC,dsl
51561,ICUK Computing Services Limited,dsl
51570,JSC ER-Telecom Holding Saint-Petersburg branch,dsl
51582,Cifrova Kabelna Korporacia EOOD,dsl
51604,JSC ER-Telecom Holding Yekaterinburg branch,dsl
51645,JSC ER-Telecom Holding Irkutsk branch,dsl
51669,Home Computer Networks ltd.,dsl
51684,ASIACELL COMMUNICATIONS PJSC,dsl
51685,Mikron-Media LLC,dsl
51784,X-City Ltd.,dsl
51809,BRSK Limited,dsl
51813,TransTeleCom JSC Saransk branch,dsl
51819,JSC ER-Telecom Holding Yaroslavl branch,dsl
51896,Hringdu ehf,dsl
51935,BLC Telecom Oy,dsl
51978,WEMACOM Telekommunikation GmbH,dsl
52015,Dancer LLC,dsl
52026,TRUF d.o.o.,dsl
52043,LLC Multiservice,dsl
52056,Lounea (ex. Härkätien Puhelin),dsl
52075,Wifirst S.A.S.,dsl
52180,Nikolay Victorovich Kucheruk PE,dsl
52207,JSC ER-Telecom Holding Tula branch,dsl
52228,Cable Tica,dsl
52233,Columbus Communications Curacao NV,dsl
52260,Télécommunications de Haití (Teleco),dsl
52262,Tigo Honduras,dsl
52263,Telecable Economico S.A.,dsl
52292,Fiber2home S.A,dsl
52341,WOM SpA,dsl
52362,Servicios Innovadores de Comunicación y Entretenimie...,dsl
52439,Banda Ancha,dsl
52468,UFINET PANAMA S.A.,dsl
52519,Elite Digital,dsl
52527,Athon Group / IWNET TELECOM,dsl
52539,SBS-NET TELECOMUNICACOES LTDA ME,dsl
52540,CENTRANET,dsl
52548,tc conecta serviços de telecomunicações e provedor,dsl
52556,Ribeironet Informática,dsl
52559,NOVATEC TELECOM LTDA,dsl
52564,Biazi Telecom,dsl
52565,Itafiber,dsl
52577,Grafite Telecom,dsl
52579,TELLIUS & ALLNET TELECOMUNICAÇÕES DAS AMÉRICAS,dsl
52583,A.S.S. TELECOM TELECOMUNICACOES LTDA,dsl
52587,iFibra Telecom,dsl
52591,Terres Telecom,dsl
52596,TROPICALNET TELECOM,dsl
52601,FAXT Telecomunicações Ltda.,dsl
52606,BRASILNETS COM. ATAC. DE EQ. INFORMATICA LTDA ME,dsl
52607,PROSERV SOLUCOES DIGITAIS LTDA,dsl
52613,GIGA MAIS FIBRA TELECOMUNICACOES S.A.,dsl
52617,DIGITAL.COM TELECOMUNICACOES LTDA,dsl
52641,RONNET FIBRA,dsl
52657,GBS NET,dsl
52660,e.serv informatica e tecnologia ltda.,dsl
52686,Teleson / F.J. FANTINI AMPARO LTDA,dsl
52687,RECICLANET,dsl
52696,JSX TELECOM,dsl
52697,ERR_AS_NAME_NOT_FOUND,dsl
52722,Paranhananet Ltda.,dsl
52724,Adryano Telecom,dsl
52745,CONEXÃO,dsl
52762,TRIADE FIBRA,dsl
52766,Printnet telecomunicaçoes,dsl
52771,GB Online,dsl
52793,Kelvyn Sat Comércio e telecomunicações Ltda,dsl
52827,ERSC BANDA LARGA,dsl
52830,NETVISUAL TELECOM LTDA,dsl
52843,NOROESTE NET,dsl
52856,NETWAY PROVEDOR DE INTERNET LTDA,dsl
52858,Link Net Informatica,dsl
52860,Alternativa Provedor,dsl
52872,VOANET Telecomunicações Ltda.,dsl
52878,REDE DE TELECOMUNICAÇÕES CARAJAS LTDA,dsl
52906,VOXX TELECOM LTDA - ME,dsl
52907,PRIME FIBRA LTDA,dsl
52918,Info House Informática e Papeis Ltda,dsl
52937,FHP TELECOMUNICACOES LTDA,dsl
52948,INTERNEITH INTERNET LTDA,dsl
52962,Vipnet Baixada Telecom. e Informática Ltda,dsl
52964,PONTOCOM FIBRA ÓPTICA,dsl
52999,START TELECOM LTDA,dsl
53001,NAXI TELECOMUNICACOES,dsl
53003,EVOLUNET PROVEDORA DE INTERNET LTDA PE,dsl
53006,ALGAR TELECOM S/A,dsl
53019,Yo Telecom / INFOTEC,dsl
53022,Grupo Lima,dsl
53043,NET VALE LTDA,dsl
53059,Center Prestadora Serviços S/C Ltda,dsl
53062,ALT | GRUPO BRASIL TECPAR,dsl
53066,VETORIAL INTERNET,dsl
53072,INETVIP TELECOM LTDA,dsl
53075,Holistica Provedor Internet Ltda,dsl
53087,TELY Ltda.,dsl
53097,SUPERIP TELECOMUNICAÇÕES,dsl
53102,Sitel Telecomunicacoes,dsl
53130,Internet Provider Mil Br Net Ltda,dsl
53182,LAZERNET.COM.BR LTDA,dsl
53205,IBSOL TELECOM LTDA,dsl
53209,RAIMAX INTERNET LTDA,dsl
53213,BANDA LARGA VALE,dsl
53216,Cangere Online Provedor de Internet Ltda.,dsl
53218,SPEEDSERVICE TELECOMUNICACOES LTDA,dsl
53234,Ciacom Internet,dsl
53238,ENTRENANET TELECOM,dsl
53256,Mulberry Telecommunications,dsl
53407,UTOPIA Fiber,dsl
53423,Brazos WiFi,dsl
53508,Cablelynx,dsl
53703,KwiKom Communications,dsl
53823,Scio Mutual Telephone Association,dsl
53913,City Wide Communications Inc.,dsl
54133,UnmeteredInternet.com,dsl
54182,Bell Canada,dsl
54198,Videotron Ltee,dsl
54225,ORANGE COUNTY FIBER LLC,dsl
54614,CIK Telecom INC,dsl
54980,FlexNetworks,dsl
55039,"Fatbeam, LLC",dsl
55145,ECFiber,dsl
55352,Microscan Internet Limited,dsl
55391,INTERNET MULTIFEED CO.,dsl
55430,Starhub Ltd,dsl
55482,Sunway Digital Wave Sdn Bhd,dsl
55492,Dhaka Fiber Net Limited,dsl
55555,Delion Pty Ltd,dsl
55577,"Atria Convergence Technologies Ltd., AS55653,PT Skyline Semesta AS55666,PT Media Sarana Data AS55668,PT Jabar Telematika AS55679,PT Hyperindo Media Perkasa AS55699,PT Cemerlang Multimedia AS55701,PT Usaha Adi Sanggoro AS55714,Fiberlink Pvt.Ltd AS55805,MobiCom Corporation AS55836,Reliance Jio Infocomm Limited AS55850,Mercury NZ Limited AS55900,GLBB Japan KK AS55915,Classic Tech Pvt. Ltd. AS55944,Ooredoo Maldives Plc AS55947,Bangalore Broadband Network Pvt Ltd AS56030,Voyager Internet Ltd. AS56040,China Mobile Group GuangDong Company AS56041,China Mobile Group Zhejiang Company AS56042,China Mobile Group Shanxi Company AS56044,China Mobile Group Liaoning Company AS56046,China Mobile Jiangsu Province Network AS56047,China Mobile Group Hunan Company AS56048,China Mobile Group Beijing Company AS56055,Micro Logic Systems AS56089,OFFRATEL AS56167,Ufone AS56233,PT Asia Teknologi Solusi AS56300,MyRepublic Ltd. AS56329,Gigaclear Limited AS56330,JSC ER-Telecom Holding Kurgan branch",dsl
56361,Orgtechservice Ltd,dsl
56373,WAVE FIBER Sp. z.o.o.,dsl
56420,JSC ER-Telecom Holding Ryazan branch,dsl
56465,Therecom Ltd,dsl
56478,Hyperoptic Ltd,dsl
56523,Marek Michałkiewicz,dsl
56568,X-COMMUNICATION LLP,dsl
56575,Stanislaw Nowacki trading as TEPSANET NOWACCY Sp. J.,dsl
56665,Proximus Luxembourg S.A.,dsl
56668,FOP Demchuk Sergiy Olexandrovuch,dsl
56724,Teleskan-Intercom Ltd,dsl
56791,CityTelekom Ltd.,dsl
56981,JSC ER-Telecom Holding Tomsk branch,dsl
57026,JSC ER-Telecom Holding Cheboksary branch,dsl
57044,JSC ER-Telecom Holding Bryansk branch,dsl
57093,Yalta-TV KOM Ltd.,dsl
57099,Quickline Communications Limited,dsl
57128,JSC Ufanet,dsl
57152,TEKNET VERI MERKEZI HIZMETLERI A.S.,dsl
57154,Stadtwerke Konstanz GmbH,dsl
57223,SIA NETVISION,dsl
57227,Subnet LLC,dsl
57269,DIGI SPAIN TELECOM S.A,dsl
57279,Sauron CZ s.r.o.,dsl
57293,AG Telekom MMC.,dsl
57353,vitroconnect GmbH,dsl
57359,Pyhänet Oy,dsl
57378,JSC ER-Telecom Holding Rostov-on-Don branch,dsl
57422,Pautina.Net LLC,dsl
57513,Mobile interim company 1 S.A.L.,dsl
57516,Bite Latvia (MITS),dsl
57704,SpeedClick for Information Technology and Communication Ltd,dsl
57732,Ikaalisten-Parkanon Puhelin Osakeyhtio Ltd,dsl
57793,1310 Limited,dsl
57794,ELLINIKA DIKTIA KALODION MEPE,dsl
57800,Cadr-TV LLE TVRC,dsl
57847,CHAIKOF Ltd.,dsl
57888,Telesat d.o.o.,dsl
57999,LLC DataNet ISP,dsl
58073,NovoServe B.V.,dsl
58079,Skynet Ltd,dsl
58224,Iran Telecommunication Company PJS,dsl
58230,INTELCOM LTD,dsl
58243,TELE AG,dsl
58246,Highland Broadband Networks Limited,dsl
58254,Nano Telecom LLC,dsl
58273,Broadband for the Rural North Limited.,dsl
58299,Openfactory GmbH,dsl
58322,Hala Al Rafidain Company for Communications and Inter...,dsl
58340,Napapiirin Kuituverkot Oy,dsl
58396,PT Dewata Telematika,dsl
58424,Xinwei (Cambodia) Telecom,dsl
58482,PT Palapa Media Indonesia,dsl
58485,PT Wifian Solution,dsl
58504,TECHMINDS NETWORKS PVT. LTD.,dsl
58553,PT 3D Tech,dsl
58678,Intech Online Private Limited,dsl
58689,ICC Communication,dsl
58715,EARTH TELECOMMUNICATION (Pvt) LTD.,dsl
58717,Summit Communications Ltd,dsl
58821,PT Lintas Jaringan Nusantara,dsl
58834,Guangdong Cable Corporation Limited,dsl
58895,Ebone Network (PVT.) Limited,dsl
58945,Virgo Communication Ltd,dsl
58965,ANJANI BROADBAND SOLUTIONS PVT.LTD.,dsl
58969,Kerala Communicators Cable Limited,dsl
59108,KATCH NETWORK INC.,dsl
59127,Newmedia Corporation,dsl
59149,PT Tujuh Delapan Sembilan Net,dsl
59239,iTel Limited,dsl
59257,Zong (CMPak Limited),dsl
59280,PT Kaili Global,dsl
59282,PT Giga Patra Multimedia,dsl
59362,KS Network Limited,dsl
59382,Antaranga Properties Ltd,dsl
59497,Buknet LLC,dsl
59514,PE Kucherenko V.V.,dsl
59588,Zain Iraq,dsl
59605,Zain Global,dsl
59625,Korek Telecom Company for Communications LLC,dsl
59702,Junet AB,dsl
59713,JSC ER-Telecom Holding Kursk branch,dsl
59790,Marco Bungalski GmbH,dsl
59815,Kompeatelecom Ltd.,dsl
59989,T.H. Global Vision SARL,dsl
60036,Voneus Ltd,dsl
60098,Filippov Aleksei Vladilenovich,dsl
60139,Sever Telecom JSC,dsl
60202,Kivi TV Ltd.,dsl
60255,Internetty Ltd,dsl
60257,TalkTalk Communications Limited,dsl
60294,Deutsche Glasfaser Wholesale GmbH,dsl
60377,toob limited,dsl
60443,Fowhe s.r.l.,dsl
60656,BOL BG IZTOK LTD,dsl
60670,WideFM Ltd,dsl
60822,Wispone S.R.L.,dsl
60876,Capexconnect ApS,dsl
60966,Nikem Net Ltd.,dsl
61049,Exascale Ltd,dsl
61139,TV TEOMAR SRL,dsl
61172,SME S.A.R.L,dsl
61240,Skynet-2010 Ltd.,dsl
61244,Manfred Casper trading as EURO-SAT,dsl
61337,Single Mode Networks Ltd,dsl
61360,Special Engineering and Design Bureau Orbita JSC,dsl
61461,Airtek Solutions C.A.,dsl
61587,Hokinet,dsl
61589,Hokinet - Internet Banda Larga,dsl
61615,FALE S.A.,dsl
61621,Norte.Net Telecomunicações Ltda,dsl
61649,CONECT TELECOMUNICACOES COMUNICACOES E MULTIMIDIA,dsl
61653,Meta Servers Tecnologia e Telecomunicacaoes Ltda,dsl
61662,G2 XAXIM TELECOMUNICACOES LTDA,dsl
61667,Redeol Informatica,dsl
61668,Mr. Ynet Network Informatica Ltda,dsl
61671,LIGMAIS TELECOMUNICAÇÃO,dsl
61677,Ponto Net,dsl
61678,NETWAY INFORMATICA LTDA,dsl
61693,Vianet Fibra,dsl
61699,Cambuhy Telecom,dsl
61711,BOAVISTA- PROVEDOR DE INTERNET E INFORMATICA LTDA,dsl
61716,Central Telecom,dsl
61720,Interface Provedor de Internet,dsl
61732,PRECISA INTERNET E COMUNICAÇÃO LTDA,dsl
61754,INFORNET TELECOM,dsl
61757,W V fermandes me,dsl
61759,FUTURO WIRELESS,dsl
61761,AGATANGELO TELECOM E INFORMATICA LTDA,dsl
61770,LUMEN TELECOMUNICACOES LTDA,dsl
61772,Infotech Telecom,dsl
61776,Proserv / PROVEDOR DE ACESSO A INTERNET LTDA,dsl
61786,Prestek Telecom,dsl
61802,GRUPO PEOPLE TELECOM LTDA,dsl
61812,Icase Solution,dsl
61816,NetPower Telecomunicações,dsl
61839,REGIS NET INFORMATICA LTDA - EPP,dsl
61845,Grande Rede Fibra,dsl
61847,FJB COMÉRCIO DE PRODUTOS DE INFORMÁTICA LTDA,dsl
61868,NETFACIL INTERNET VIA RADIO E INFORMATICA LTDA - M,dsl
61874,Plug Fibra,dsl
61884,Ollá Telecom,dsl
61893,RMS Telecom,dsl
61895,Ziconet,dsl
61910,Double Net,dsl
61911,InfoLink Fibra,dsl
61914,RRM TELECOM LTDA,dsl
61917,NETMAIS TELECOM,dsl
61928,TRIBE NET,dsl
61930,Telecomunicações Riograndense Ltda,dsl
61934,HUBTEL SERVICOS DE TELECOMUNICACOES LTDA,dsl
61937,Oquei Telecom Ltda,dsl
61940,Patrimonial Telecom,dsl
62105,Jonaz B.V.,dsl
62179,UAB Ecofon,dsl
62336,PURtel.com GmbH,dsl
62347,MTS PJSC,dsl
62365,SachsenGigaBit GmbH,dsl
62419,I.Q Online for Internet Services and Communications LLC,dsl
62423,JSC ER-Telecom Holding,dsl
62809,Volt Broadband,dsl
62917,"Gigabit Fiber, LLC",dsl
63060,"ALTIUS Broadband, LLC",dsl
63072,SPYR Network Ltd,dsl
63296,Amarillo Wireless,dsl
63526,Systems Solutions & development Technologies Limited,dsl
63859,PT Eka Mas Republik,dsl
63873,PT Mitra Akses Globalindo,dsl
63969,Race Online Limited,dsl
63980,Minara Firoz Infotech,dsl
63996,Mazeda Networks Limited,dsl
64024,PT Yesi Media Utama,dsl
64029,PT Rama Wima Nusantara,dsl
64072,EVOLUTION NET (Internet Service Provider),dsl
64073,Vetta Group,dsl
64098,TASMANET,dsl
64126,"DOMINICAN TELECOM PRIME, DTP, S.R.L.",dsl
64300,PT Jaringanku Sarana Nusantara,dsl
64429,DDS Service LLC,dsl
131090,National Telecom Public Company Limited,dsl
131111,PT Mora Telematika Indonesia Tbk,dsl
131178,"EZECOM CO., LTD.",dsl
131267,Unitel Laos,dsl
131275,Logon Broadband Pvt. Limited,dsl
131429,MOBIFONE Corporation,dsl
131445,Advance Wireless Network,dsl
131464,Digi Jadoo Broadband Ltd,dsl
131584,"Taiwan Intelligent Fiber Optic Network Co.,Ltd.",dsl
131591,Ambit Microsystem Corporation,dsl
131596,TBC,dsl
131602,"Hsin Yeong An Cable TV Co., Ltd.",dsl
131607,"Digidom CableTV Co., LTD.",dsl
131627,"Peicity Digital Cable Television., LTD",dsl
131706,PT Selaras Citra Terabit,dsl
131773,PT Wisuandha Network Globalindo,dsl
131958,"Tama Cable Network Co.,Ltd.",dsl
132045,Dialog Axiata Plc,dsl
132061,Realmove Company Limited,dsl
132116,Anonet Network Private Limited,dsl
132165,Connect Communications,dsl
132199,Globe Telecom Inc.,dsl
132298,Antaranga Dot Com Ltd,dsl
132447,Hutch Sri Lanka,dsl
132480,Netze Telecom (Private) Limited,dsl
132497,DIGITAL NETWORK ASSOCIATES PRIVATE LIMITED,dsl
132525,China Mobile Heilongjiang Province Network,dsl
132556,Blue Lotus Support Services Pvt Ltd,dsl
132637,PT Bina Informatika Solusindo,dsl
132641,PT Netciti Persada,dsl
132649,PT Adau Putra Network,dsl
132652,PT Cahaya Buana Raksa,dsl
132669,PT Globalnet Multi Data,dsl
132770,Gazon Communications India Limited,dsl
132974,Suraj Network,dsl
133001,Airnet Cable And Datacom Pvt Ltd,dsl
133275,Gigantic Infotel Pvt Ltd,dsl
133283,FUTURE NETSANCHAR LIMITED,dsl
133287,Andhra Pradesh State FiberNet Limited,dsl
133334,DCTV Cable Network Broadband Services Inc,dsl
133414,Foxtel Management Pty Ltd,dsl
133481,AIS Fibre,dsl
133606,Viettel Timor Leste,dsl
133612,Vodafone Australia Pty Ltd,dsl
133613,MTel telecommunication company ltd.,dsl
133661,Netplus Broadband Services Private Limited,dsl
133720,Zess Networks Private Limited,dsl
133799,PT Gomeds Network,dsl
133809,PT Artorius Telemetri Sentosa,dsl
133838,PT Infotek Global Network,dsl
133866,U-Turn Technologies,dsl
133982,Excitel Broadband Private Limited,dsl
133996,Vaishnavaibhavi Internet Solutions Private Limited,dsl
134026,Ultranet services private limited,dsl
134090,Leaptel,dsl
134113,Millennium Computers & Networking,dsl
134127,PT Zona Sejahtera Mandiri,dsl
134134,Western ICT Solutions Services,dsl
134146,SAM ONLINE,dsl
134153,Xplore Net BD,dsl
134259,Skynet,dsl
134371,CIRCLE NETWORK BANGLADESH,dsl
134489,S. B Link Network,dsl
134506,DNET,dsl
134623,PT Digital Network Antanusa,dsl
134630,PT Palapa Global Nusantara,dsl
134651,PT Yetoya Solusi Indonesia,dsl
134658,PT Julia Multimedia Nusantara,dsl
134674,TATA PLAY BROADBAND PRIVATE LIMITED,dsl
134697,Launtel,dsl
134707,RoyalCable Flash,dsl
134732,Dot Internet,dsl
134762,CHINANET Liaoning province Dalian MAN network,dsl
134772,CHINANET Guangdong province Dongguan MAN network,dsl
134773,CHINANET Guangdong province Guangzhou MAN network,dsl
134774,CHINANET Guangdong province Shenzhen MAN network,dsl
134810,China Mobile Group JiLin communications corporation,dsl
134968,Mizanur Rahman t/a Maya Cyber World,dsl
135000,Fiber Link BD,dsl
135126,Occom Pty Ltd,dsl
135232,Ipnet Broadband Network Pvt Ltd,dsl
135300,"Myanmar Broadband Telecom Co., Ltd",dsl
135328,Tangelo,dsl
135425,Caznet,dsl
135439,PT Adnet Media Indonesia,dsl
135477,PT Java Digital Nusantara,dsl
135478,PT Cyberindo Aditama,dsl
135480,PT Arjuna Global Teknologi Indonesia,dsl
135654,Internet @ Home Limited,dsl
135697,Tachyon Communications Pvt Ltd,dsl
135726,Vsj Internet Services Private Limited,dsl
135746,Cityline Networks Pvt Ltd,dsl
135756,VPS Broadband And Telecommunications Pvt Ltd,dsl
135760,Speednet Unique Network Pvt Ltd,dsl
135761,Userlinks Netcom Pvt. Ltd.,dsl
135772,POWERNET,dsl
135799,Rapidnet Private Limited,dsl
135806,Kalpavruksha Communication Services Pvt.ltd,dsl
135810,Srk Network,dsl
135839,Optical Broadband Communication Pvt. Ltd,dsl
135887,Belong (Telstra Limited),dsl
136027,Sheikh Shahnawaz Ahmed,dsl
136065,PT Solusi Trimegah Persada,dsl
136075,PT Cinoxmedia Network Indonesia,dsl
136100,PT BKV Net Telemedia,dsl
136119,PT Bali Towerindo Sentra Tbk,dsl
136128,PT Citra Akses Indonusa,dsl
136167,CHINA TELECOM (MACAU) COMPANY LIMITED,dsl
136176,Cyber Solutions BD,dsl
136199,China Telecom Guangdong Province Yuedong MAN Network,dsl
136200,CHINANET Guangdong province Foshan MAN network,dsl
136217,MOON NET,dsl
136224,City Online Ltd.,dsl
136255,Mytel Myanmar,dsl
136289,Bbrg Communiction And Internet Pvt Ltd,dsl
136334,Vortex Netsol Private Limited,dsl
136342,Winux Communications Pvt. Ltd.,dsl
136479,Cyber Telecom ISP,dsl
136514,Rashedur Rahman t/a Onesky Communications Limited.,dsl
136525,Wancom (Pvt) Ltd.,dsl
136557,Host Universal Pty Ltd,dsl
136644,Unborn Networks Private Limited,dsl
136714,Stampede Communications Pvt. Ltd.,dsl
136844,PT Verbind Internet Solusindo,dsl
136873,PT Mega Artha Lintas Data,dsl
136874,PT Garuda Media Telematika,dsl
136969,KK Networks (Pvt) Ltd.,dsl
137000,VIJAYALAKSHMI NET SERVICES PVT LTD,dsl
137226,"ANGELES CITY CABLE TELEVISION NETWORK, INC.",dsl
137329,PT Artha Lintas Data Mandiri,dsl
137351,PT Djaya Sampoerna Net,dsl
137403,SALTSYNC,dsl
137416,Netpark Communication,dsl
137449,SKYNET CHOWMUHANI,dsl
137453,Orange Bangladesh,dsl
137681,Alien Dns Pvt Ltd,dsl
137691,"Heilongjiang Province, P.R.China.",dsl
137834,Adel Online Technology,dsl
137872,China Mobile Hong Kong Company Limited,dsl
138024,SHOOTSPACE DIGITAL PVT LTD,dsl
138079,PT Fiqran Solusindo Mediatama,dsl
138087,PT Java Medianet Tekhnologi,dsl
138089,PT Global Media Data Prima,dsl
138096,PT Informasi Nusantara Teknologi,dsl
138109,PT Rasi Bintang Perkasa,dsl
138112,PT Megarap Mitra Solusi,dsl
138117,PT Solusindo Basis Teknologi,dsl
138143,PT Gerbang Akses Indonesia,dsl
138146,Mohammad SAHIDUL ISLAM,dsl
138150,Salim Khan & Milon Raihan,dsl
138259,Manish Infocom Private Limited,dsl
138311,Limerick Technologies Pvt Ltd,dsl
138343,Cyber Net Communications,dsl
138346,Sajid Trading Ltd.,dsl
138482,Skyview Online Ltd,dsl
138505,DNSBD,dsl
138517,PT Six Nett Solusindo,dsl
138528,"EMPIRE TECH Co., Ltd.",dsl
138551,Skyinfo Online,dsl
138575,APPLE NET,dsl
138590,Prime Networks,dsl
138600,Achiever Broadband Internet,dsl
138655,Trans World Enterprise Services (Private) Limited,dsl
138754,Kerala Vision Broad Band Private Limited,dsl
138814,PT Telemedia Prima Nusantara,dsl
138818,Internet Ini Saja,dsl
138824,PT Gemilang Jaya Elektrindo,dsl
138828,PT Telio Inti Nusa,dsl
138854,PT Inter Medialink Solusi,dsl
138860,PT Jaya Lintas Indonesia,dsl
138873,PT Green Net Indonesia,dsl
138881,PT Indonesia Trans Network,dsl
138886,PT Data Buana Nusantara,dsl
138887,PT Adizka Lintas Data,dsl
138910,Aero Cable,dsl
138974,MESH NETWORK,dsl
138998,HPLink,dsl
139009,Windstream Communication Limited,dsl
139026,Shadhinota Net,dsl
139042,Speed Links,dsl
139077,FREEDOM INTERNET HOLDINGS PTY LTD,dsl
139084,DIGITAL IMMORTALITY PTY LTD,dsl
139088,KK Networks (Pvt) Ltd.,dsl
139197,Thunder Network,dsl
139300,FUTURE NETWORK,dsl
139365,PT Patria Lintas Jaya,dsl
139378,PT NEX Solusi Teknologi,dsl
139389,PT Marawa Transmisi Media,dsl
139428,PT Lexxa Data Indonusa,dsl
139490,Aeronet Online Services Pvt Ltd,dsl
139515,ZITA TELECOM PRIVATE LIMITED,dsl
139623,My Net Pty Ltd,dsl
139642,Smart Link,dsl
139643,i Smart,dsl
139820,HG TELECOMMUNICATION PRIVATE LIMITED,dsl
139831,DITO TELECOMMUNITY CORP.,dsl
139854,Digi Net,dsl
139941,PT Riyad Network Multi Teknologi,dsl
139951,PT Alfatih Indo Teknologi,dsl
139955,PT Data Prima Solusindo,dsl
139967,PT Yasmin Amanah Media,dsl
139972,PT Putra Lebak Banten,dsl
139977,PT Prisma Media Nusantara,dsl
139981,PT Menaksopal Link Nusantara,dsl
139982,PT Buana Visualnet Sentra,dsl
139994,PT XL Axiata Tbk,dsl
140050,Next Geekers Pvt. Ltd.,dsl
140080,A1 Cyberlink BD,dsl
140133,Myworld Internet Services Pvt Ltd,dsl
140159,Linkio Fibernet Pvt Ltd,dsl
140201,Rtel Internet Services Private Limited,dsl
140384,PT Bitniaga Cipta Gemilang,dsl
140407,PT Kawan Informatika Teknologi Abadi,dsl
140413,PT Gayuh Media Informatika,dsl
140423,PT Chandra Media Nusantara,dsl
140457,PT Ikhlas Cipta Teknologi,dsl
140475,PT Citra Celebas Multimedia,dsl
140481,PT Tonggak Teknologi Netikom,dsl
140482,PT Infrastruktur Digital Indonesia,dsl
140607,Sign In (PVT) LTD,dsl
140644,Skylark Network,dsl
140726,China Unicom AnHui Province Network,dsl
140732,KK Networks (Pvt) Ltd.,dsl
140906,MAYA SOFT,dsl
140923,Global Link,dsl
140930,Pabna Cable Vision Dot Net,dsl
140962,IDEA TEC LTD,dsl
140994,Gigawave Communications,dsl
141010,SAM ONLINE,dsl
141023,HG TELECOMMUNICATION PRIVATE LIMITED,dsl
141049,PT Profesional Internet Indonesia,dsl
141056,PT IOSYS Media Data,dsl
141067,PT Trisula Media Data,dsl
141071,PT Jembatan Data Pangrango,dsl
141073,PT Juragan Wifi Indonesia,dsl
141077,PT Smart Teknologi Utama,dsl
141081,PT Indo Access Semesta,dsl
141093,PT Media Data Lintas Nusantara Bersatu,dsl
141105,PT Dapur Remaja Multi Sarana,dsl
141126,PT Cubiespot Pilar Data Nusantara,dsl
141137,PT Media Cepat Indonesia,dsl
141139,PT Chandela Lintas Media,dsl
141140,PT Jinde Grup Indonesia,dsl
141145,PT Giga Digital Nusantara,dsl
141215,Dotcom International Pvt. Limited,dsl
141285,Octel Network,dsl
141342,FIBERISH (PVT) LTD,dsl
141385,iNet,dsl
141431,Call 2 Phone Private Limited,dsl
141529,Vmps Internet Private Limited,dsl
141565,Puravi Elite Technologies Pvt. Ltd.,dsl
141588,PT Natakarya Mediatama,dsl
141600,PT Viriya Surya Abadi,dsl
141607,PT Gayatri Lintas Nusantara,dsl
141616,PT Orbit Eka Semesta,dsl
141626,PT Sandya Sistem Indonesia,dsl
141642,PT Ring Media Nusantara,dsl
141645,PT Pratama Asia Globalindo,dsl
141664,PT Jaringan Inti Exadata,dsl
141731,Max Hub Limited,dsl
141767,C G Communications Ltd,dsl
141806,SANSOM NETTECH PVT LTD,dsl
141916,PT Bantani Media Utama,dsl
141921,PT Jaringan Keluarga Bersama,dsl
141935,PT Cipta Data Global,dsl
141945,PT Hydra Media Indonesia,dsl
141959,PT Arta Flash Sintesa Nusantara,dsl
141983,PT Rajeg Media Telekomunikasi,dsl
141985,PT Argon Internet Amariqindo,dsl
142003,Netway,dsl
142006,Global ICT Network,dsl
142045,Fiber Link,dsl
142198,PT GIRADZ MEDIA NUZANTRHA,dsl
142221,PT Fazznet Zetta Indonesia,dsl
142307,PT CYB Media Group,dsl
142333,PT Triguna Akses Teknologi,dsl
142356,PT Aderani Multi Akses,dsl
142364,PT Subnet Data Nusantara,dsl
142366,PT Relabs Net Daya Cipta,dsl
142370,PT Master Star Network,dsl
142382,PT Klinik Digital Indonesia,dsl
142386,PT Jaringan Lintas Artha,dsl
142387,PT Integrasi Jaringan Ekosistem,dsl
142389,PT Inti Koneksi Intradata Indonesia,dsl
142394,PT Cahaya Solusindo Internusa,dsl
142419,Sndc Communication,dsl
142428,Suchana Broadband,dsl
142453,FASTJET TELECOM PRIVATE LIMITED,dsl
142559,Samz Broadband Networx ( SMC-PRIVATE ) LTD,dsl
146904,MICRONET GIGAFIBER PRIVATE LIMITED,dsl
147006,Star IT,dsl
147066,FASTTEL BROADBAND (PRIVATE) LIMITED,dsl
147087,PT Jaringan Internet Banten,dsl
147097,PT Jangkau Lintas Nusantara,dsl
147101,PT Lintas Teknologi Solusindo,dsl
147121,PT Marva Global Telekomunikasi,dsl
147126,PT Patra Sinar Teknologi,dsl
147154,PT Pass Internet Indonesia,dsl
147224,WSNL BROADBAND PRIVATE LIMITED,dsl
149306,Khilgaon Dot Net,dsl
149334,PT Mitra Andalan Nusa,dsl
149335,PT Gogiga Media Teknologi,dsl
149359,PT Persada Data Multimedia,dsl
149401,PT Sintesa Sinergi Nusantara,dsl
149404,PT Cepat Multi Data,dsl
149419,A.A Networks PVT Ltd,dsl
149433,FM Networks,dsl
149445,Patriot Technologies,dsl
149533,MRKR COMMUNICATIONS PRIVATE LIMITED,dsl
149664,PT NKNET Data Media,dsl
149672,PT Aktech Digital Solutions,dsl
149675,PT Garuda Lintas Cakrawala,dsl
149689,PT Akm Link Net,dsl
149697,PT Global Internet Solusindo,dsl
149712,PT Lingkar Kabel Telekomunikasi,dsl
149714,PT Lare Osing Ndo,dsl
149723,PT Afna Digital Indonesia,dsl
149728,PT Arsya Bintang Nusantara,dsl
149742,PT Urban Teknologi Nusantara,dsl
149744,PT Misqot Sejahtera Indonesia,dsl
149746,PT Blip Integrator Provider,dsl
149749,PT Pratama Komunika Sejahtera,dsl
149863,D TAJ ONLINE,dsl
149874,Multiwave Networks Pty Ltd,dsl
149881,PT Wikaplus Global Nusantara,dsl
149903,PT Pandawa Lintas Media,dsl
149915,PT Lintas Daya Nusantara,dsl
149925,PT Sakti Wijaya Network,dsl
149930,PT Replay Inti Media,dsl
149934,PT Pangkalan Lintas Data,dsl
149964,PT Mitracom Solusi Teknologi,dsl
150000,Data-Beam Business Solution,dsl
150008,Pioneer Elabs Ltd.,dsl
150022,METAWAVES PVT LTD,dsl
150034,FOFO NETWORKS PVT LTD,dsl
150073,WINNET BROADBAND PRIVATE LIMITED,dsl
150187,PT Indo Teknologi Konstruksi,dsl
150191,PT Sarana Intimedia Telematika,dsl
150193,PT Olean Permata Telematika,dsl
150202,PT Nanaka Network Communication,dsl
150232,PT Disafa Cahaya Utama,dsl
150242,PT Kampung Dua Net,dsl
150256,PT Interkoneksi Jaringan Data Nusantara,dsl
150257,PT Telindo Flash Mediatama,dsl
150272,PT Golden Network Nusantara,dsl
150279,PT Lintas Network Solusi,dsl
150462,PT Air Lintas Komunikasi,dsl
150487,PT Nusantara Akses Telekomunikasi,dsl
150501,PT Haci Telekomunikasi Indonesia,dsl
150509,PT Twins Data Pratama,dsl
150517,PT Media Grasi Internet,dsl
150519,PT Harmonika Multimedia Sawangan,dsl
150540,PT. Kalam Digital Signalindo,dsl
150552,PT Link Data Sumber Barokah,dsl
150555,PT Binerkahan Digital Telco,dsl
150557,PT Hasibuan Telekomunikasi Indonesia,dsl
150683,FASTTEL BROADBAND (PRIVATE) LIMITED,dsl
150697,S N FIBER,dsl
150701,Regiment Technologies,dsl
150750,IN CABLE INTERNET (PRIVATE) LIMITED,dsl
150931,PT Denta Sejahtera Group,dsl
150940,PT Mapalus Media Telekomunikasi,dsl
150942,PT Lambda Sinergi Telekomunikasi,dsl
150961,PT Pandeglang Akses Semesta,dsl
150972,PT Andal Berjaya Infomedia,dsl
150980,PT Menara Digital Salama,dsl
150986,PT Altafocus Media Center,dsl
150989,PT Media Akses Telematika,dsl
151064,FIC TECHNOLOGIES,dsl
151330,PLAY BROADBAND (PRIVATE) LIMITED,dsl
151396,Sajilo Net Pvt Ltd,dsl
151473,GAMMA LINKS PVT LTD,dsl
151505,PT Iktiar Doa Tawakal,dsl
151521,PT Exabit Group Network,dsl
151522,PT Lintas Data Trans,dsl
151533,PT Sarana Optima Berdikari,dsl
151549,PT Sarana Kawan Setia,dsl
151585,PT Wifa Lintas Data,dsl
151586,PT Bintang Semesta Telematika,dsl
151600,PT Inti Data Guna,dsl
151608,Blue Communication,dsl
151620,AVEVA RESOURCE,dsl
151633,Archon Data Solutions,dsl
151660,Neptune Internet,dsl
151667,G Net Service,dsl
151757,WEONE BROADAND PRIVATE LIMITED,dsl
151781,Rabbit Internet,dsl
151992,PT Jet Cyber Network Nusantara,dsl
151995,PT Wifipedia Sinergi Telematika,dsl
152005,PT Soultan Network Indonesia,dsl
152023,PT Gelam Net Solusi,dsl
152026,PT Anten Sarana Teknologi,dsl
152060,PT Surya Bestari Lestari,dsl
152073,PT Media Balai Nusa,dsl
152141,R-NET Wired Internet Services,dsl
152300,Sky Link Net,dsl
152322,Hilsa BD Broadband Network,dsl
152328,AVA BD NETWORK,dsl
152344,PT Linea Global Teknologi,dsl
152406,PT Griya Akses Teknologi,dsl
152411,PT Ismaya Djati Nuswantara,dsl
152449,IST,dsl
152488,BLUELINE BROADBAND PRIVATE LIMITED,dsl
152605,Z COM NETWORKS,dsl
152758,PT Akses Data Indoraya,dsl
152764,PT Cemerlang Internet Indonesia,dsl
152794,PT Net Patmedia Krama,dsl
152796,PT Satu Lima Indonesia,dsl
152825,PT Teradata Bintang Selaras,dsl
152841,PT Lintas Media Solusindo,dsl
153060,PT Nara Borneo Pratama,dsl
153073,PT Kanal Telu Multiteknologi,dsl
153079,PT Citra Jaya Adiwangsa,dsl
153085,PT Berkah Setia Digital,dsl
153122,PT Landak Annorty Net,dsl
153124,PT Cahaya Data Nusantara,dsl
153131,PT Maintek Juara Intisolusi,dsl
153234,SYXM CONECTIFY PRIVATE LIMITED,dsl
153292,Nextbit Communication Private Limited,dsl
153327,PT Adisesha Paladium Interchange,dsl
153573,PT BAYU MULTIMEDIA TELEKOMUNIKASI,dsl
153615,PT Lentera Abadi Solusinet,dsl
153664,PT Naomi Aurora Teknologi,dsl
153768,PT Signall Network Nusantara,dsl
153893,PT TENGGARA MULTIMEDIA GEMILANG,dsl
154146,PT Global Asta Systelematika,dsl
154189,Fiber 4,dsl
154210,PT Pituama Unggulan Teknologi,dsl
154223,DIGITAL WORLDLINK NETWORK (PRIVATE) LIMITED,dsl
154365,PT Bagian Teknologi Nusantara,dsl
154444,PT Nusa Data Koneksi,dsl
154449,Dream Solution Networks,dsl
196655,Nivos Energia Oy,dsl
196705,Ardinvest LTD,dsl
196714,Thueringer Netkom GmbH,dsl
196927,Regionalna Telewizja Kablowa Spolka Jawna L.Iwanski i...,dsl
196949,Natalia Sergeevna Filicheva,dsl
196954,Epcan GmbH,dsl
196968,Ilm-Provider UG (haftungsbeschraenkt),dsl
197023,MTS PJSC,dsl
197078,Yarnet Ltd,dsl
197146,PPHU Multicom Kumor Pawel,dsl
197207,Hamrahe Avval (Mobile Communication Company of Iran),dsl
197248,Dravanet Co Ltd.,dsl
197288,Norlys Digital A/S,dsl
197301,Parknet F.M.B.A.,dsl
197423,Jotel d.o.o.,dsl
197524,Leonet GmbH,dsl
197558,Muth Citynetz Halle GmbH,dsl
197637,ropa GmbH,dsl
197704,24IT MEDIA Sp. z o.o.,dsl
197793,Gigabit LLC,dsl
197897,5KOM OOD,dsl
198253,Kukushkin Anatoly Valerievich,dsl
198293,CDIT GIGABYTE,dsl
198408,E-Mouse Karol Urbanowicz,dsl
198440,AllPoints Fibre Networks Limited,dsl
198471,Opnet Srl,dsl
198570,Stadtnetz Bamberg Gesellschaft fuer Telekommunikation mbH,dsl
198589,Al-Jazeera Al-Arabiya Company for Communication and I...,dsl
198690,Fibrecast Ltd.,dsl
198709,Jacek Jarosz trading as Info Serwis,dsl
198722,1310 Limited,dsl
198726,Wemaconnect GmbH,dsl
198731,Prisco Electronica S.L.,dsl
198793,IP Benda Artyom Sergeevich,dsl
198813,SychrovNET s.r.o,dsl
198820,Limited Liability Company Radio Network,dsl
198859,Osuuskunta Keskikaista,dsl
198930,Vereinigte Stadtwerke Media GmbH,dsl
199082,Razavi Information and communication technology company Plc,dsl
199087,KaseNet Oy,dsl
199173,TechnoLux Ltd.,dsl
199284,Thueringer Netkom GmbH,dsl
199298,Jan Stetina,dsl
199452,MS3 Networks Ltd,dsl
199468,GRAIN COMMUNICATIONS LIMITED,dsl
199480,Alajärven Puhelinosuuskunta JAPO,dsl
199496,E-PORTS AMPLE DE BANDA I INTERNET S.L.,dsl
199508,S1 Networks Oy,dsl
199634,Yedinaya Setevaya Kompaniya Ltd,dsl
199775,Connexin Limited,dsl
199811,Wifx SA,dsl
199995,Omega Telecom LLC,dsl
200119,Michael Jochen Korn,dsl
200278,Kai Rottleb,dsl
200444,Glenn Haeger trading as GLH Netsolutions,dsl
200735,MN Glasfaser GmbH trading as MUENET GmbH & Co. KG,dsl
200736,MEDIANET INVEST AE,dsl
200773,INFORMATICA FUENTEALBILLA S.L.,dsl
200845,"AVATEL TELECOM, SA",dsl
200868,Kapalvæðing ehf,dsl
200924,Stiegeler Internet Service GmbH,dsl
201006,Kuuskaistan Palvelut Oy,dsl
201019,P4 Sp. z o.o.,dsl
201172,Suupohjan Seutuverkko Oy,dsl
201178,Euronet Telekomunikasyon A.S.,dsl
201211,Drugoy Telecom LLC,dsl
201290,BlackGATE B.V.,dsl
201540,Pishgaman Toseeh Fanavari Etelaat Va Ertebatat Jonoub...,dsl
201556,Videoline LLC,dsl
201587,verkko-osuuskunta Kuuskaista,dsl
201746,Olivenet Network S.L.,dsl
201749,SUPER CELL NETWORK FOR INTERNET SERVICES LTD,dsl
201776,Miranda-Media Ltd,dsl
201798,Bogons Ltd,dsl
201838,Community Fibre Limited,dsl
201952,LTD AtelRybinsk,dsl
201962,Michael Rack,dsl
202050,STIMO.NET SP. Z O.O.,dsl
202098,ENEL S.p.A,dsl
202208,Teutel GmbH,dsl
202246,Valoo Oy,dsl
202279,STATE UNITARY ENTERPRISE OF THE DONETSK PEOPLES REPU...,dsl
202282,FIBRUS NETWORKS LTD,dsl
202441,mts D.O.O,dsl
202596,G.Network Communications Limited,dsl
202613,Aruba S.p.A.,dsl
202813,"LIBERATEL COMUNICACIONES, S.L.",dsl
202870,Dimensione S.r.l.,dsl
202911,New Age Networks Ltd.,dsl
202921,CC INTERNET s.r.o.,dsl
202940,ITC NG ltd,dsl
203206,A.C. NetFlash Technologies Ltd,dsl
203217,Horizon Scope Mobile Telecom WLL,dsl
203293,Norbert Herter trading as Regionetz.net,dsl
203568,Airband Community Internet Ltd,dsl
203817,Kuhmon kyläverkko-osuuskunta,dsl
203847,Marconi Solutions Srls,dsl
203953,Hiper A/S,dsl
203971,AzFiberNet LLC,dsl
204151,EWII Bredbaand A/S,dsl
204161,Alexey Geiner,dsl
204170,Awaser Oman LLC,dsl
204274,AURA Fiber A/S,dsl
204332,TKC system s.r.o.,dsl
204538,Kareby Hosting AB,dsl
204731,FIBRENEST LIMITED,dsl
204779,Local Loop Oy,dsl
204989,Rekers Digitaltechnik Beteiligungsgesellschaft mbH tr...,dsl
205254,"Valeen for General trading, Internet Services and Inf...",dsl
205473,SAWAD LAND for Information Technology Ltd,dsl
205515,Telecommunication Systems LLC,dsl
205669,Association ResEl,dsl
205714,Telemach Hrvatska d.o.o.,dsl
205771,OCTAPLUS NETWORKS LTD,dsl
205806,Stadtwerke Neustrelitz GmbH,dsl
205844,Stadtwerke Schorndorf GmbH,dsl
205889,Giga Nineveh for internet services Ltd,dsl
205975,Fibre Assets Ltd,dsl
205998,Skytel LLC,dsl
206067,Hutchison 3G UK Limited,dsl
206111,LinkIT SIA,dsl
206196,Stadtwerke Lutherstadt Eisleben GmbH,dsl
206206,Kurdistan Net Company for Computer and Internet Ltd.,dsl
206238,Freedom Internet BV,dsl
206260,Svorka AS,dsl
206262,TelKos L.L.C,dsl
206347,Wessex Internet Limited,dsl
206366,Rural Telecom SL,dsl
206509,KCOM Group Limited,dsl
206774,Internetnord AB,dsl
206920,Glentevejs Antennelaug,dsl
206978,Stadtwerke Meerane GmbH,dsl
207017,Skywire ApS,dsl
207144,SOFCOMPANY Ltd,dsl
207369,"Skynet Telecom, LLC",dsl
207375,Fiber Operator B.V.,dsl
207645,F & W Networks Ltd,dsl
207860,Via Web Net Telecom LTDA,dsl
207987,EM SISTEMAS INFORMATICOS Y TELECOMUNICACIONES DE MALL...,dsl
207995,Lightning Fibre,dsl
208038,ITTak LLC,dsl
208041,Rafal Rajba trading as Intertell sp. z o.o.,dsl
208189,AllPoints Fibre Networks Limited,dsl
208397,INFOSTROY LLC,dsl
208594,Netbone Telekomunikasyon A.S.,dsl
208599,Lounea (ex. Kalajoen Kuitu),dsl
208687,AllPoints Fibre Networks Limited,dsl
208882,"Automation & Business, s.r.o.",dsl
208909,Gurbtec Iguana Telecom SL,dsl
208972,GIBIRNet Iletisim,dsl
208988,Buchholz Digital GmbH,dsl
209002,Blackberry Capital Limited LLC,dsl
209275,NETMAX TELEKOMUNIKASYON ILETISIM HIZMETLERI TICARET L...,dsl
209400,KurpfalzTEL GmbH,dsl
209528,MyWebCity Denmark ApS,dsl
209551,Amisol GmbH,dsl
209863,PROLVL Ltd.,dsl
210218,Open Fiber S.P.A.,dsl
210278,Sky Italia srl,dsl
210490,FOP Matishynets Serhii,dsl
210616,SM Ltd.,dsl
210619,Monkey Tree Hosting Limited,dsl
210874,Box Broadband Limited,dsl
211215,Fibernet Finland Oy,dsl
211309,Obos Nett AS,dsl
211597,Lit Fibre Group Ltd.,dsl
211785,TechLabItalia s.r.l.,dsl
211873,Stadtwerke Merseburg GmbH,dsl
212109,Squirrel Internet Ltd,dsl
212193,VIVA INTERNET LIMITED SIRKETI,dsl
212263,Rocket Fibre Ltd,dsl
212655,YouFibre Limited,dsl
212665,Sandefjord Fiber AS,dsl
212683,Olilo UK & Ireland Ltd,dsl
212751,Onorato Massimiliano trading as MAXIDEA SAS,dsl
212756,SmartLink for Internet Services LTD,dsl
212897,JETNET KOMUNIKACIJE DOO,dsl
213269,Oulun Seudun Sähkö Kuitu Oy,dsl
213281,Greenfiber Internet & Dienste GmbH,dsl
213494,STSNET LLC,dsl
213746,Fiberwave Szolgaltato Bt.,dsl
215066,Aquiss Limited,dsl
215367,LENIN JABIB RAMIREZ,dsl
215423,FIFTH GENERTION NEW AGE LTD,dsl
215523,Yayzi Broadband Limited,dsl
216275,Netnørden ApS,dsl
216392,SERGI GARCIA JIMENEZ,dsl
262186,TV AZTECA SUCURSAL COLOMBIA,dsl
262197,MILLICOM CABLE COSTA RICA S.A.,dsl
262202,"Telefonica de Costa Rica TC, SA",dsl
262210,VIETTEL PERÚ S.A.C.,dsl
262253,Fiberlux,dsl
262274,ORLA TELECOM,dsl
262293,Tcm Tv Cabo Mossoro,dsl
262301,NETMIG TELECOM EIRELI,dsl
262313,Internet Pinheirense Ltda - ME,dsl
262322,IW INTERNET,dsl
262324,ALLREDE TELECOM LTDA,dsl
262354,LIGUE MÓVEL S.A.,dsl
262361,Deznet Telecom Ltda.,dsl
262362,B. D. MATOS & CIA LTDA - SINET INTERNET,dsl
262364,VIASATDIGITAL TELECOM LTDA,dsl
262378,Webflash / COMPUSERVICE EMPREENDIMENTOS LTDA,dsl
262380,Rontel LTDA,dsl
262393,A ALVES GOMES INFORMATICA - ME,dsl
262394,Internet 5.8 Ltda-ME,dsl
262403,Net Way Telecom LTDA ME,dsl
262416,GLOBALL TELECOM,dsl
262417,UltraTelecom Provedora de Internet,dsl
262422,Vipsnet Telecomunicacoes,dsl
262426,BRAVA INTERNET,dsl
262452,RVC FIBRA,dsl
262456,ELO MULTIMIDIA LTDA,dsl
262457,HELLO BRAZIL TELECOM,dsl
262463,TELECOM CORDEIROPOLIS LTDA - ME,dsl
262468,ATEL ( Natel Telecom Ltda ),dsl
262469,ZaaZ Telecom,dsl
262476,BRCENTRAL TELECOM,dsl
262478,AUE Provedor de Internet LTDA.,dsl
262494,Virtex Telecom,dsl
262519,Milla Internet,dsl
262523,HELP DESK NET TELECOMUNICACOES LTDA ME,dsl
262531,COMBO LIVRE TELECOM,dsl
262532,NET ONDA SERVICOS DE INTERNET LTDA,dsl
262537,DataSafeIT Solucoes em Tecnologia,dsl
262543,Minha New Life,dsl
262544,RazaoInfo Internet Ltda,dsl
262588,EXPLORERNET INFOLINK TECNOLOGIA E TELECOMUNICACOES,dsl
262591,CONECTION SERVICOS DE VALOR ADICIONADO LTDA,dsl
262612,INFO PROJEKT,dsl
262616,Virtual Slice Telecom Ltda,dsl
262617,Vox Conexao,dsl
262633,ZAIKON INTERNET,dsl
262648,BRAVA TELECOMUNICACOES PONTES E LACERDA LTDA - EPP,dsl
262659,VERO S.A,dsl
262664,GIGALINE INTERNET SERVICOS DE INFORMATICA LTDA,dsl
262669,VALE NET,dsl
262673,VERO S.A,dsl
262689,UNOUN INTERNET LTDA,dsl
262708,Bit Fibra,dsl
262713,LIDERI TELECOM,dsl
262715,Caezar Provedor de Internet EIRELI,dsl
262720,GIGABYTE TELECOM,dsl
262732,Sygo Internet,dsl
262753,VOCE TELECOMUNICACOES LTDA,dsl
262792,GRUPO VESC,dsl
262812,Connectsul Telecomunicações,dsl
262813,Superimagem Tecnologia em Eletrônica Ltda,dsl
262818,Cianet,dsl
262820,Olá Telecom,dsl
262824,Net System Telecom,dsl
262826,ATENAS NETWORKS,dsl
262832,Link Cariri,dsl
262841,Portal Itaipu,dsl
262847,DBUG TELECOM LTDA,dsl
262855,ÁGIL FIBRA,dsl
262880,RADAR WISP LTDA,dsl
262891,C3 Telecom,dsl
262906,Vooa - Internet Para Sempre,dsl
262907,Brasil TecPar,dsl
262928,DIRECTV COLOMBIA LTDA.,dsl
262940,Gigabyte Informatica,dsl
262947,MEGALYNK SERVIÇOS DE TELECOMUNICAÇÕES LTDA,dsl
262953,VCG GIRARDI INFORMATICA LTDA,dsl
262979,LINE TELECOM LTDA,dsl
262996,MEGAMINAS TELECOMUNICACOES LTDA,dsl
262997,FAAr turboNet LTDA.,dsl
263006,Interone Telecom Ltda,dsl
263008,RIO CABLE TELECOM,dsl
263010,Ricardo Adolfo Martins ME,dsl
263011,6P Telecom Ltda,dsl
263036,Fox Conect Provedor de Internet LTDA,dsl
263059,Cleber Luciano dos Anjos,dsl
263077,RazaoInfo Internet Ltda,dsl
263085,INTERFACE NET TELECOM,dsl
263089,LUXTEL INTERNET,dsl
263090,NETWORK TELECOM,dsl
263097,BRAVA INTERNET,dsl
263099,STIW Sistema de Telecom. Inf e Wireless LTDA,dsl
263102,Flashnet,dsl
263137,YUNE NET TELECOMUNICACOES LTDA,dsl
263142,Route Way Telecomunicações LTDA ME,dsl
263175,GUYACOM,dsl
263223,SATELITES Y TELECOMUNICACIONES C.A,dsl
263250,Telecom Provider,dsl
263262,MOV TELECOM LTDA,dsl
263276,BBG TELECOM LTDA,dsl
263281,CBR TELECOM,dsl
263285,Speed Net / Tiago Silva Provedores LTDA,dsl
263289,Palmasnet Informática LTDA,dsl
263292,JR TELECOM,dsl
263317,VoxTech Telecom,dsl
263327,ONLINE TELECOMUNICACOES LTDA,dsl
263343,PC2 TELECOM,dsl
263350,Alfatech Telecom,dsl
263359,CyberTech Informática Ltda.,dsl
263377,Metrovia Telecom,dsl
263411,ONIX TELECOM,dsl
263427,Grupo BitNet,dsl
263439,Saber Informática LTDA,dsl
263464,ServiceNet Telecom,dsl
263466,FRENTE TELECOM,dsl
263483,DIRECT LAN TELECOMUNICAÇÕES SOROCABA LTDA,dsl
263484,Rede Brasil Internet Banda Larga,dsl
263526,NEW TECNOLOGIA DA INFORMAÇÃO LTDA - ME,dsl
263544,Várzea Net Telecomunicações Ltda ME,dsl
263562,Speet Serviços de Telecomunicações Ltda - ME,dsl
263566,Rondonet Telecom,dsl
263611,ZUM TELECOM LTDA- ME,dsl
263614,RVA TELECOM LTDA,dsl
263635,REDE G2 LTDA - ME,dsl
263648,PONTOCOMNET,dsl
263651,Rede Brasil Fibra,dsl
263661,Brasil Digital Telecom,dsl
263693,WICORP SA,dsl
263703,VIGINET C.A (vnet),dsl
263769,ByteSolution S.A. (WispSolution Internet),dsl
263806,Simple (Galaxy Enterainment),dsl
263834,GESATEL / VILLA GESELL TELEVISION COMUNITARIA S.A.,dsl
263886,Esternet.com,dsl
263904,IUB Telecom Ltda,dsl
263905,New Group Telecomunicacoes LTDA,dsl
263906,SE-CONNECT INTERNET BANDA LARGA LTDA ME,dsl
263910,Gurisat Gurinet Ltda Me,dsl
263921,PCNET Telecom,dsl
263929,PORTAL DAMASCENO LTDA,dsl
263941,TOGONET SERVIÇOS DE COMUNICAÇÃO,dsl
263947,VirtualSpace Telecom,dsl
263948,NEW LIFE TELECOM,dsl
263961,NETMASTER SERVICOS DE TELECOMUNICACOES LTDA,dsl
263972,Litoral Net,dsl
263990,FASTNET COMUNICACAO EIRELI - ME,dsl
263998,SIM FIBRA,dsl
264015,VIAVETORIAL INTERNET LTDA,dsl
264042,LC VIRTUAL NET,dsl
264046,GM SOLUÇÕES,dsl
264050,N. DE CARVALHO SANTANA EIRELI,dsl
264056,ULI TELECOM LTDA,dsl
264075,AMO Telecom,dsl
264079,REDE SPEEDNET TELECOM LTDA ME,dsl
264091,LANSERVI TECNOLOGIA,dsl
264108,M R REDES DE TELECOMUNICAÇOES LTDA,dsl
264126,SIX INTERNET LTDA,dsl
264129,FLIP TELECOMUNICACOES LTDA,dsl
264134,PROFLINE INTERNET,dsl
264137,DUX TELECOM LTDA,dsl
264162,Turbi Ultra Fibra,dsl
264168,ClickNet Matupá,dsl
264191,Temais Internet,dsl
264195,VAMO TELECOM,dsl
264200,CONEX TELECOM,dsl
264202,Via Parque,dsl
264221,ONLINE NORTE TELECOM LTDA,dsl
264235,FUTURAMA INFORMATICA LTDA - ME,dsl
264275,ROLIM NET TECNOLOGIA LTDA,dsl
264283,Net Triangulo Telecom Ltda - ME,dsl
264320,STYLOSNET,dsl
264350,Rebol Comunicações,dsl
264353,Catalão Bandnet Serviços Multimídia LTDA - ME,dsl
264369,REDE IOL,dsl
264386,DOMINET TELECOM,dsl
264400,ERR_AS_NAME_NOT_FOUND,dsl
264406,ContilNet Telecom,dsl
264443,Policanal Serviços de Telecomunicações Ltda.,dsl
264460,SIGA FIBRA LTDA,dsl
264473,POLOTEL TELECOM LOCAÇÃO E DES. DE. SITES LTDA,dsl
264491,SONIK SERVIÇOS DE COMUNICAÇÃO LTDA,dsl
264500,SoulTelecom - Provedor de Acesso a Internet,dsl
264503,Connect Telecom,dsl
264536,DIRETRIX COMÉRCIO INFORMATICA LTDA.,dsl
264556,GARCIA NET TELECOM,dsl
264562,Texnet,dsl
264567,Loop Fibra,dsl
264570,RTL FIBRA,dsl
264573,GNEX LTDA,dsl
264577,Silva Telecom,dsl
264579,NET MAIS TELECOMUNICACOES LTDA,dsl
264602,Cecelnet,dsl
264628,Conex Telecom / Fibex Telecom,dsl
264645,NEW MILLENNIUM TELECOM SERVICES N.V.,dsl
264668,NEGOCIOS Y TELEFONIA NEDETEL S.A.,dsl
264732,NETLATIN S.R.L.,dsl
264758,ISP GROUP SRL,dsl
264814,BITRED GROUP SPA,dsl
264827,WIRCOM S.P.A.,dsl
264867,Click Telecomunicação Ltda ME,dsl
264881,NTG COMUNICACOES LTDA,dsl
264900,RJNET Telecomunicacoes Ltda ME,dsl
264912,Alcantara e Oliveira Ltda Me,dsl
264921,LASER PROVEDOR DE INTERNET LTDA - ME,dsl
264944,enzo serviços e comercio de telecomunicações ltda,dsl
264963,LUMIAR TELECOMUNICAÇÔES,dsl
264969,KIM NET SOLUCOES EM INTERNET LIMITADA,dsl
264978,SP-Link / Severo e Prado LTDA,dsl
265008,T.I. CONNECT,dsl
265010,Connect Telecom,dsl
265029,GRUPO WG INFORMÁTICA,dsl
265040,Acnet Provider,dsl
265043,GPP SOLUCOES EM INFORMATICA,dsl
265050,S.O.S. TELECOM LTDA,dsl
265061,GC NET,dsl
265086,GUARATIBA TELECOM SERVICOS DE COMUNICACOES LTDA ME,dsl
265087,ANA PAULA SANTOS DE AMORIM - ME,dsl
265093,PegaNet Telecom,dsl
265124,Naveg Telecom,dsl
265169,VIPNETT TELECOM,dsl
265172,NAVELINK NET,dsl
265197,Nevoli Telecom,dsl
265207,PLUS PROVEDOR DE INTERNET LTDA - ME,dsl
265220,polixnet telecomunicacoes ltda,dsl
265231,MF TELECOM LTDA,dsl
265234,N-MULTIMIDIA TELECOMUNICACOES LTDA - ME,dsl
265259,Virtual Internet,dsl
265265,SANNET TECNOLOGIA,dsl
265275,Netsystem Informatica,dsl
265294,ACE COMERCIO E SERVICOS DE INFORMATICA LTDA - ME,dsl
265295,Speedy Info,dsl
265307,PLANETY INTERNET SERVIÇOS E COMUNICAÇÕES LTDA - ME,dsl
265326,Netfacil Provedor Banda Larga,dsl
265369,C-ComTelecom Servios Ltda-ME,dsl
265398,nobre telecom ltda,dsl
265411,COMANDOS TELECOM,dsl
265430,JDA Net - SKYNET Teleinformatica,dsl
265435,Rede Visual Net Telecom,dsl
265480,OUROMAX TELECOM,dsl
265540,"ALTAN REDES, S.A.P.I. de C. V.",dsl
265625,Jafica Telecomuniciones SAS de CV,dsl
265641,TELECOMUNICACIONES ROCARLI C.A (CIX BROADBAND),dsl
265642,INETAMERICAS COMUNICACIONES LIMITADA,dsl
265662,TLINK SPA,dsl
265721,Cable Atlantico SRL,dsl
265757,Intersur Limitada,dsl
265816,DELCO IMAGEN S.A.,dsl
265858,NETDELSUR TELECOMUNICACIONES SPA,dsl
265886,Plyx Banda Larga,dsl
265899,Hokinet,dsl
265904,Voe Telecom,dsl
265917,RJ NET BRASIL TELECOM LTDA,dsl
265918,SMART LINCK TELECOMUNICACOES LTDA,dsl
265936,TURBONET CE,dsl
265946,SPEED CONECTE SERVICOS DE INTERNET LTDA - ME,dsl
265948,WANDA BENTO DE MORAIS SILVA - ME,dsl
265955,Mega Link Telecom,dsl
265968,FICA TELECOM,dsl
265986,Linkup Telecomunicações,dsl
265989,GARCIA NET TELECOM LTDA,dsl
265990,SPEEDNET TECNOLOGIA DIGITAL LTDA-ME,dsl
265998,Click Net,dsl
266010,BOA VISTA NET SERVICOS DE COMUNICACAO LTDA,dsl
266013,Tec Sul / MORA-TEC EQUIPAMENTOS LTDA,dsl
266021,Fibramax Internet,dsl
266040,PROVEDOR UNIVERSAL,dsl
266061,Radio Gaga Internet e Serviços Ltda,dsl
266066,I9VA TELECOM EIRELI,dsl
266070,Embracore Informática LTDA ME,dsl
266080,Nova Conexao Com Voce,dsl
266090,H NEWS TELECOMUNICACOES E INFORMATICA LTDA - ME,dsl
266095,Zetec Telecom,dsl
266103,AGILITY TELECOM,dsl
266111,REDE SUPERNET,dsl
266121,SUPER SONIC TELECOM LTDA,dsl
266140,CMC Telecom / Ágil Internet,dsl
266145,NOVA TECNOLOGIA,dsl
266164,Henrique Esdras dos Santos - ME,dsl
266188,bipNET Telecom,dsl
266190,JABOATÃONET SERVIÇOS DE COMUNICAÇÃO MULTIMIDIA LTD,dsl
266196,BRASCOM SOLUCOES E TECNOLOGIA LTDA ME,dsl
266204,ISOU INTERNET LTDA,dsl
266214,UTIL PROVEDOR DE INTERNET LTDA - ME,dsl
266242,VIANET GUARACIAMA EIRELI ME,dsl
266253,BC NET COMUNICACOES LTDA,dsl
266256,Internet 10 Fibra Óptica,dsl
266260,ITOP TELECOM LTDA - ME,dsl
266265,TECNET TELECOM,dsl
266270,Central Net Telecom,dsl
266271,INTERAGE TELECOMUNICACOES E INFORMATICA LTDA ME,dsl
266272,MAGOFY TELECOMUNICACOES LTDA,dsl
266277,NOVAREDENET LTDA ME,dsl
266284,Norte-Tel Telecomunicacoes LTDA,dsl
266285,Flashnet Telecom (Giga Flash),dsl
266312,NaveNet servicos de internet ltda,dsl
266321,Joao Pinoti dos Santos-ME,dsl
266337,CLIC FÁCIL PROVEDOR,dsl
266345,Internet da Bahia Telecom,dsl
266377,Agility Telecom (Independência),dsl
266381,Galax Telecom,dsl
266391,SuperNet,dsl
266475,Sem Fronteiras,dsl
266493,R. L. HOFFMANN,dsl
266535,PELIKAN NET LTDA-ME,dsl
266547,Fastsignal Com. e Serv. de informática Ltda,dsl
266566,Stamp Provedor de Internet & TV,dsl
266572,WORLDNET TELECOMUNICAÇÕES,dsl
266577,CRAVNET INFORMATICA LTDA,dsl
266595,NOVA CONEXAO INTERNET LTDA,dsl
266598,AGORA I9 INFORMÁTICA,dsl
266599,CR TECHNOLOGIE LTDA,dsl
266606,VSTNETFIBER TELECOM,dsl
266623,New Fibra,dsl
266626,Litoral Telecom,dsl
266644,AllG Connect,dsl
266768,ALKON SAS,dsl
266776,SOCIEDAD CONSULTORES EN INFORMATICA VARGAS Y COMPAÑI...,dsl
266917,Pontocom Telecom,dsl
266920,Globofiber Telecom,dsl
266931,NOVELL INTERNET,dsl
266935,CENTROSULNET INFORMATICA EIRELI,dsl
266936,MT-TELECOM SUL,dsl
266956,Top Net Services LTDA,dsl
266962,GILSON NET,dsl
266984,NAVIX TELECOM,dsl
266985,CONECTJET LAGOS INTERNET BANDA LARGA LTDA - ME,dsl
267013,INTERNET SOLUTION PROVIDER TELECOM. LTDA ME,dsl
267015,ESADINET - EMPRESA DE SERVICOS ADM. DE ITUBERA LTD,dsl
267026,Velnet / BLTV COMUNICACOES LTDA,dsl
267027,REDENET PROVEDOR,dsl
267033,Serrasul Telecom LTDA,dsl
267046,WF PROVEDOR,dsl
267071,America Internet,dsl
267073,L A P JUNIOR EIRELI - ME,dsl
267088,Rede Spirit Telecom,dsl
267113,CLICKCONNECT SOLUCOES EM INTERNET E TECNOLOGIA,dsl
267115,Ferreira Net,dsl
267124,Virtualnet.tv.br,dsl
267126,SHIELD TELECOM LTDA,dsl
267127,PH Telecom,dsl
267161,OXE TELECOM LTDA,dsl
267169,ONLINE TELECOMUNICACOES E SERVICOS LTDA,dsl
267178,UNO INTERNET LTDA,dsl
267202,LIFE NETWORKS COMUNICACAO.,dsl
267205,JOTAZO TELECOM,dsl
267225,Filhonet Telecomunicacoes Ltda - ME,dsl
267234,Vale Internet e TV,dsl
267261,PROXER TELECOMUNICAÇÕES LTDA ME,dsl
267267,FacilNet Telecom,dsl
267283,JUSSIAPENET TELECOM LTDA,dsl
267293,Castrum Servicos Especializados ltda,dsl
267318,SEEG FIBRAS,dsl
267319,Flash Conexao LTDA,dsl
267321,NTISP TELECOM,dsl
267335,MUNDIAL TELECOMUNICACAO LTDA - ME,dsl
267343,ANNET TELECOM,dsl
267365,Giga Tecnologia em Redes e Internet LTDA,dsl
267369,MAFREDINE TELECOMUNICAÇÕES EIRELI,dsl
267381,SLIM FIBRA DO BRASIL,dsl
267398,Mega IP Connect,dsl
267424,BR364 SERVIÇOS DE TELECOMUNICAÇÃO,dsl
267442,Zappen Internet,dsl
267450,oliveira & sousa comunicações Ltda,dsl
267452,CABONNET INTERNET LTDA,dsl
267458,K2 Network,dsl
267468,MT TECNOLOGIA,dsl
267471,Eurocom,dsl
267492,THOMES NET,dsl
267521,ULTRANET NETWORK,dsl
267531,Barrapro,dsl
267542,ED-LINK TELECOM,dsl
267550,Chip News Provedor de Internet Eireli,dsl
267566,QualityNet,dsl
267567,Radiun Servicos de Provedor de Internet Ltda,dsl
267570,Naweg Internet Ltda,dsl
267578,WLINKS INTERNET,dsl
267587,VEL FIBRA,dsl
267593,TELLIUS TELECOMUNICACOES DAS AMERICAS LTDA,dsl
267606,D&N TELECOM,dsl
267614,SIGAON SERVICOS TELECOMUNICACOES EIRELE,dsl
267641,TN PROVEDOR,dsl
267642,ALTERNATIVA INTERNET,dsl
267660,AGILITY TELECOM,dsl
267758,FIBERNET CHILE TELECOMUNICACIONES SpA,dsl
267809,360NET C.A.,dsl
267811,FRESH TECHS C.A.,dsl
267818,OPTVE TELECOMUNICACIONES SpA,dsl
267851,SERVICIOS INFORMÁTICOS IGNACIO LIZANA CARREÑO E.I.R...,dsl
267940,Olhar Digital Telecom Ltda,dsl
267963,HAYAN TELECOM,dsl
267988,VLMAX TELECOMUNICACOES LTDA,dsl
267999,WK SOLUCOES INTEGRADAS LTDA,dsl
268019,FIBRA PRIME SERVICOS DE TELECOMUNICACOES LTDA,dsl
268023,USONEX SERVICOS DE TELECOMUNICACOES LTDA,dsl
268036,REDE NEWTRA TELECOMUNICACOES LTDA - ME,dsl
268042,Velonic / JET NET COMUNICACAO LTDA,dsl
268053,ONLINE PROVEDOR DE INTERNET,dsl
268068,InfoServ-NET,dsl
268069,SPACE TECNOLOGIA LTDA,dsl
268101,MIO TELECOM LTDA,dsl
268117,MEGANET SARAPUI TELECOM,dsl
268125,Jequie Telecom Servicos Ltda.,dsl
268135,INTERPLUS TECNLOGIA,dsl
268138,TH INTERNET,dsl
268145,IPV7 SERVICOS DE TELECOMUNICACOES BRASIL LTDA,dsl
268150,AtivaTec Soluções,dsl
268157,ELEVAR TELECOM,dsl
268163,OBALINK PROVEDOR,dsl
268177,VOOA CONECTA,dsl
268185,NetLink Provedor,dsl
268189,Getel Telecom,dsl
268190,LINK NET TELECOMUNICAÇÕES LTDA - ME,dsl
268194,Origem Digital (G2 Telecom),dsl
268205,Rede Brasil Networks,dsl
268207,Sim Digital,dsl
268213,Full Telecom,dsl
268214,CYBERWEB ATJP,dsl
268265,TFLink Telecom,dsl
268269,Seitel Network,dsl
268277,PROVEDOR LAN VEGAS,dsl
268314,SUPORTI TELECOM,dsl
268320,GRUPO INOVA MAIS TELECOM LTDA,dsl
268321,Pontual Telecom,dsl
268323,AZZA TELECOM SERVIÇOS EM TELECOMUNICAÇÕES LTDA,dsl
268336,Speed Wireless Fibra,dsl
268339,Planeta Net,dsl
268342,REDE NET PROVEDOR DE INTERNET,dsl
268350,R.R.COMUNICAÇÃO & MULTIMIDIA EIRELI,dsl
268351,CONEXAO VM LTDA,dsl
268353,PPLINKNET SERVICOS DE COMUNICACAO LTDA - ME,dsl
268355,Turbonet Minas,dsl
268376,IGRI TELECOM LTDA - ME,dsl
268399,UP PROVEDOR,dsl
268425,TURBOMAIS NETWORKS TELECOMUNICAÇÕES LTDA,dsl
268458,VIRTUAL NET TELECOM,dsl
268465,FastRN Telecom,dsl
268473,LinkSul internet,dsl
268487,PRISMA TELECOMUNICAÇÕES LTDA. EPP,dsl
268518,Star Net,dsl
268519,master net ltda-me,dsl
268529,CBN TELECOM,dsl
268531,Anderson Paiva Alves ME,dsl
268535,Central de Comun. e Tecnologia Kenedy & Santo LTDA,dsl
268548,Netsolutions Telecomunicacoes,dsl
268550,Campos Gerais Telecom Ltda,dsl
268551,DMC TELECOM,dsl
268552,NETSBRASIL LTDA,dsl
268560,FIBRA VIP,dsl
268563,LIGNET SERVICOS DE COMUNICACAO MULTIMIDIA EIRELI,dsl
268572,VOUE TELECOM LTDA,dsl
268574,REDE 2CR TELECOM,dsl
268578,HORUS INTERNET,dsl
268586,AllG Connect Telecom,dsl
268592,M A Conexao Eletrotecnica Multimidia Ltda ME,dsl
268604,Provedor Hi-Fi Net,dsl
268631,IBT TELECOM,dsl
268641,Espigão Max LTDA - Espigão Net,dsl
268643,GM Telecom,dsl
268647,DFLASH NET TELECOM E TURISMO LTDA,dsl
268663,CHAPANET,dsl
268669,Gigasat Internet,dsl
268682,POWERTECH INTERNET,dsl
268697,Superlink,dsl
268708,WANFIBX INET.K,dsl
268722,REA TELECOM,dsl
268725,Planex Telecom,dsl
268730,BrasilNET Telecom,dsl
268746,Powercom Network,dsl
268750,Delta-Connex (M. L. J. DANTAS - ME),dsl
268757,Pantanal Telecom,dsl
268762,TBK DA SILVA INTERNET - ME,dsl
268790,EASY NET TELECOMUNICACOES LTDA,dsl
268791,AREA 51 PROVEDOR DE INTERNET LTDA,dsl
268798,JG TELECOM,dsl
268801,intertel telecomunicacao LTDA,dsl
268805,CS INFO TELECOM LTDA,dsl
268810,BAIANA NET TELECOM LTDA,dsl
268813,Freitas Sistema de Comunicação Internet Eireli-ME,dsl
268815,L & R NET SERVICOS DE TELECOMUNICACOES LTDA - ME,dsl
268817,Acelera Telecom,dsl
268831,Flash Internet,dsl
268838,NetBR Telecom,dsl
268867,CEARÁ NET TELECOM LTDA,dsl
268873,VIU INTERNET,dsl
268875,4 E-fibra,dsl
268879,FOCONET TELECOM,dsl
268897,SUPRI NET SERVICOS E COMERCIO LTDA - ME,dsl
268914,QUETIM NET TELECOM LTDA,dsl
268915,PROVEDOR CLICNET,dsl
268936,MAXIMUS INFORMATICA LTDA ME,dsl
268940,Kayros Link,dsl
268945,Boa vista Net Ltda - me,dsl
268955,FlyNet,dsl
268970,EXPERT INTERNET LTDA,dsl
268985,VEM PRA UNO PROVEDOR DE INTERNET LTDA,dsl
269007,MATTOS EQUIPAMENTOS ELETRONICOS,dsl
269010,UNEX BUSINESS LTDA,dsl
269018,FIBER NET LTDA - ME,dsl
269035,DTELECOM FIBRA,dsl
269057,Veloz Fibra / Palmas Net,dsl
269067,RV - TELECOM LTDA ME,dsl
269069,Portal Telecom,dsl
269103,FG Telecom,dsl
269120,Internet Facil,dsl
269135,INGNET PROVEDOR DE INTERNET EIRELI,dsl
269141,BE3 TELECOM LTDA,dsl
269144,Canaã Fibra Telecom,dsl
269174,FIXANET TELECOM PROVEDOR DE INTERNET LTDA,dsl
269178,EINET TELECOM,dsl
269180,VIPNET Conexão,dsl
269245,Cabo Fibra Telecom,dsl
269251,SWLINK PROVEDOR DE INTERNET LTDA,dsl
269272,NEWNET TECNOLOGIA E PROJETOS LTDA,dsl
269293,Goldfibra Telecomunicaçoes ltda.,dsl
269299,New HB Servicos de Telecomunicacoes Ltda - ME,dsl
269351,Lets GO Internet,dsl
269359,CANAA TELECOMUNICAES,dsl
269360,ITL FIBRA,dsl
269379,JERSON UBIRATAN DA SILVA BARROS ME,dsl
269386,VELOZNET TELECOMUNICACOES LTDA,dsl
269401,GTA TELECOM,dsl
269416,SEMEAR TELECOM EIRELI,dsl
269420,IST INFORMATICA E TELECOMUNICACAO LTDA,dsl
269424,M-NET PROVEDORES DE INTERNET LTDA,dsl
269430,TERA TELECOM LTDA ME,dsl
269434,Fibercenter Telecomunicacoes,dsl
269442,We Internet Club,dsl
269457,Axon Telecom,dsl
269475,STI TELECOM,dsl
269477,CN TELECOM FIBRA LTDA,dsl
269481,CABO BRASIL TELECOM,dsl
269506,BRLOGNET TELECOMUNICACOES LTDA,dsl
269554,UAI FIBRA NET,dsl
269567,ELETRO FENIX,dsl
269571,TEX TELECOM EIRELI,dsl
269616,Conexão Link Internet,dsl
269639,WORKSAT SERVIÇOS DE TELECOMUNICAÇÕES,dsl
269643,CENTRAL NETWORKS E TECNLOGIA,dsl
269664,MAIS TELECOMUNICACOES LTDA,dsl
269667,ACESSO 3W FIBRA,dsl
269681,BEAM TELECOM IMP EXP LTDA,dsl
269683,Rednet Telecom,dsl
269701,PRIMAZ TELECOM,dsl
269721,TechNet Fibra Óptica,dsl
269749,"NETCOM PLUS, C.A",dsl
269832,MDS TELECOM C.A.,dsl
269876,"SUMINISTROS PCWESTERN, CA (WestNet)",dsl
269988,BINET NETWORKING DATA LIMITADA,dsl
270158,Wantelco SAS de CV,dsl
270175,ICENTRAL SISTEMAS Y COMUNICACIONES,dsl
270252,TVF INTERNET RAPIDA LTDA,dsl
270254,i9 Internet,dsl
270272,ZH NET,dsl
270274,CyberNet Telecom LTDA,dsl
270283,MIX NET INFORMATICA LTDA. ME,dsl
270306,PHX TELECOM,dsl
270309,TURBONET - Provedor de Acesso a Internet,dsl
270321,POP TELECOM SOLUCOES INTELIGENTES DE TELEC LTDA,dsl
270323,TERA NETWORK TELECOMUNICAÇÕES LTDA ME,dsl
270329,CENTRAL NET RO,dsl
270333,NCT - NET COMPANY TELECOM,dsl
270340,NETCOM TELECOMUNICAÇÕES LTDA,dsl
270359,iXnet Fibra,dsl
270364,NOVALINK INTERNET LTDA,dsl
270373,N TELES MORORO - ME,dsl
270377,TURBO NET SERVICO DE COMUNICACAO E MULTIMIDIA LTDA,dsl
270378,VOE SOLUCOES EM FIBRA LTDA,dsl
270405,SUMARE TELECOMUNICACOES PROVEDOR DE INTERNET LTDA,dsl
270412,VIP NET PROVEDOR DE INTERNET LTDA ME,dsl
270415,LEVE FIBRA,dsl
270438,G L C PINTO,dsl
270448,MV NET,dsl
270468,INTERPRO TELECOMUNICACOES EIRELI,dsl
270478,CapitalNet MS,dsl
270483,OVERNET FIBRA,dsl
270500,Aiva Telecom,dsl
270507,DOMINIO TELECOM LTDA,dsl
270523,Comfibranet Telecomunicações LTDA - ME,dsl
270533,INFORBARRA PROVEDOR LTDA,dsl
270534,Net X Provedor de Internet Ltda - ME,dsl
270543,GWG TELCO TELECOMUNICACOES LTDA,dsl
270554,SpeedWeb Telecom,dsl
270556,AGILE TELECOM LTDA,dsl
270571,GIGANET SERVICOS DE TELECOMUNICACOES LTDA,dsl
270577,NET TOP,dsl
270585,FLY CONECTA INTERNET LTDA,dsl
270589,Lumen Internet,dsl
270607,ERR_AS_NAME_NOT_FOUND,dsl
270615,CONECTJA LTDA,dsl
270638,SELL TELECOM SERVICOS E COMERCIO EM TELECOMUNICACA,dsl
270647,T DA SILVA MEDEIROS TELECOMUNICAÇÕES E INFORMATICA,dsl
270648,Axe telecom ltda,dsl
270652,H.L INFORMATICA TELECON LTDA,dsl
270664,Opyt Provedor,dsl
270667,Omega Tech Internet,dsl
270677,TEK TELECOM LTDA,dsl
270684,SOLUCOES SOUZA WEB LTDA,dsl
270703,Alltec Internet,dsl
270705,WILNET,dsl
270711,Cloud Telecom LTDA,dsl
270717,LUCAS MORO GONCALVES COMUNICACAO MULTIMIDIA EIRELI,dsl
270766,UNE PROVEDOR DE INTERNET LGT61 EIRELI,dsl
270776,Hiperlink Telecom LTDA,dsl
270778,NORTE TELECOM LTDA - ME,dsl
270791,DNBA INTERNET,dsl
270795,LD telecom,dsl
270796,CAPITAL FIBRA,dsl
270804,Ibranet Telecom,dsl
270814,ZAAZ TELECOM,dsl
270819,SOS Internet,dsl
270822,Turbo Telecom,dsl
270841,NOVANET MULTIMIDIA LTDA - ME,dsl
270849,ONLINE NET TELECOM,dsl
270869,Digi Fibra,dsl
270871,WPNET TELECOM,dsl
270872,BBN INTERNET,dsl
270880,GP Informatica e Servicos,dsl
270886,7NET BANDA LARGA,dsl
270895,Brazil.net Provedor,dsl
270900,BCNET TELECOMUNICACOES LTDA - ME,dsl
270902,Piloto Net Telecom,dsl
270916,Redfiber Telecomunicações Ltda.,dsl
270928,Linked Web,dsl
270935,Stony Net,dsl
270937,GT NET,dsl
270943,FIBINET NETWORKS TELECOMUNICACOES LTDA,dsl
270948,VALENET TELECOM,dsl
270960,I7 TELECOM INTERNET RIO PRETO LTDA,dsl
270964,PLUGAR INTERNET,dsl
270971,MILLENIUM NET,dsl
270982,NEWSAT TELECOM,dsl
270987,Rural Net,dsl
271034,GM Telecom LTDA,dsl
271095,SB INTERNET LTDA,dsl
271102,Master Link Net - ME,dsl
271143,FJ Tec,dsl
271146,OESTE SERVICOS DE INTERNET LTDA.,dsl
271149,Kacel Internet,dsl
271160,Upconnect / Connect Fibra Servicos,dsl
271176,BLUVELLOX TELECOMUNICACOES LTDA,dsl
271196,GS TELECOM,dsl
271202,NavegNet Telecom,dsl
271206,Ch Informatica Ltda,dsl
271211,DNET PROVEDOR DE INTERNET EIRELI,dsl
271233,SUPER TELECOM LTDA,dsl
271247,RS Sul Telecomunicações Ltda,dsl
271263,GILEADE TELECOMUNICACOES E MULTIMIDIA LTDA,dsl
271270,REDE M2B,dsl
271302,TURBONET FIBRA,dsl
271323,CONNECT TELECOM LTDA,dsl
271342,NORTE TEL MATO GROSSO TELECOMUNICACOES LTDA,dsl
271357,fibra digital Telecom eireli,dsl
271359,SS FIBER TELECOM EIRELI,dsl
271369,R&E TECNOLOGIA E SERVICOS LTDA - ME,dsl
271374,ASAP TELECOM LTDA,dsl
271377,Rede Sky,dsl
271387,EMFIBRA TELECOM,dsl
271406,Ultranet / I. L. DE SOUSA,dsl
271412,Multpontos Telecom,dsl
271413,Castro Telecom Internet,dsl
271418,freynet telecom,dsl
271436,Impacto Net,dsl
271452,Sigma Telecom Provedores de Internet Ltda,dsl
271457,VOLTSNET PROVEDOR COMERCIO E SERVICO LTDA ME ME,dsl
271474,ONFIBRA TELECOM,dsl
271475,Fox Connecta,dsl
271480,CIANET DF SILVA MARTINS LTDA,dsl
271511,Infinity Net,dsl
271517,ULTRA CORE TELECOMUNICAÇÕES LTDA,dsl
271519,MatheusNet,dsl
271526,Giga Fibra Net Telecomunicações Eireli Me,dsl
271529,ONLINE TELECOM.IP LTDA ME,dsl
271548,MAS TELECOM,dsl
271555,SDMNET INFORMATICA LTDA - ME,dsl
271570,Upnet Com. e Serv. de Mat. Eletrico e Internet,dsl
271572,Del Rey Telecom,dsl
271612,LOGO Telecom,dsl
271620,Portonet Servicos de Telecomunicao Ltda,dsl
271637,Phnet Telecom,dsl
271642,CONEXÃO ONLINE,dsl
271657,Iran Telecom,dsl
271661,WConnect,dsl
271662,ULTRAXX SERVICOS DE CONECTIVIDADE LTDA,dsl
271665,FBT NET LTDA,dsl
271681,CBX NET TELECOM,dsl
271683,BRISNET TELECOMUNICACOES LTDA,dsl
271689,AGE TELECOMUNICAÇÕES LTDA.,dsl
271713,Provedor SkyNet,dsl
271715,AGP TELECOM LTDA,dsl
271739,SMART TELECOM,dsl
271745,FRANCONETFIBRA LTDA,dsl
271791,CABLE NORTE C.A. (Norte Conecta),dsl
271799,"TELERY NETWORKS, S.R.L",dsl
271927,IPCOM SISTEMAS S.A.S.,dsl
271951,"4 EVER PLUG,C.A.",dsl
271997,BIOCABLE SUR E I R L,dsl
272069,KONEX TELECOM S.R.L,dsl
272111,DATA ONLINE PERU S.A.C.,dsl
272112,"TELECABLE DOMINICANO, S.A.",dsl
272120,SERVICIOS INTERCONEXION INALAMBRICA ATENEA SRL,dsl
272167,NCWEB TELECOM,dsl
272174,JM TELECOM,dsl
272195,MA TELECOM COMUNICAÇÃO LTDA,dsl
272212,ILUMINET INTERNET,dsl
272272,AGUIAR TELECOM,dsl
272278,Gigacom / MVW Telecomunicações,dsl
272366,TDT DIGITAL,dsl
272403,RAFAEL RIGOBERTO LOPEZ OROZCO,dsl
272447,WORLD FIBRA LTDA,dsl
272464,i7 Telecom,dsl
272484,Souza Net Telecom,dsl
272513,Rc Net Telecom,dsl
272536,NET HAUS INTERNET LTDA,dsl
272539,Fivenet (ENEVE TELECOMUNICACOES LTDA),dsl
272548,BORGES ALEXANDRE & CIA LTDA,dsl
272549,Connect LP - SERVICO DE COMUNICACAO MULTIMIDIA LTD,dsl
272553,Max Net / LC TELECOM LTDA,dsl
272606,DNS FIBRA LTDA,dsl
272730,Pedra Net,dsl
272750,SB CONECT LTDA,dsl
272775,Somos Fibra,dsl
272790,COSMO TELECOM LTDA,dsl
272809,"THUNDERNET, C.A.",dsl
272836,CALA SERVICIOS INTEGRALES E.I.R.L.,dsl
272897,SKARNET CHILE S.P.A.,dsl
272971,NET LINK DOMINICANA EMIMAR SRL,dsl
273078,SERVINET COMUNICACIONES S.A.S.,dsl
273103,TV&MÁS S.A.S,dsl
273120,"TECNOLOGÍA, INFORMACIÓN Y COMUNICACIONES DE COLOMBI...",dsl
273138,FIBRANETPLUS S.A.S.,dsl
273208,INTERSAT LOS ANDES C.A,dsl
273309,UNI TELECOM LTDA,dsl
273328,Bytes Telecomunicações,dsl
273335,Lybertynet LTDA,dsl
273340,Celnet Internet Provider,dsl
273363,DG TELECOM,dsl
273436,Velus Internet,dsl
273454,TELVIA TELECOMUNICACOES LTDA,dsl
273467,H R B LACERDA,dsl
273493,MTA Telecom,dsl
273497,IMPERIUM T. BARREIRA GRANDE SER. TELECOM LTDA,dsl
273525,SMARSUL CONECT FREY LTDA,dsl
273526,VILANET TELECOMUNICAÇÕES LTDA,dsl
273562,FELIPE NET LTDA,dsl
273596,Provedor do Brasil Ltda,dsl
273599,H2A TELECOM,dsl
273624,Play Soluções,dsl
273656,OAC TECNOLOGIA EIRELI,dsl
273659,MLINK TELECOM LTDA,dsl
273683,ALLREDE TELECOM LTDA,dsl
273709,MR TELECOM,dsl
273717,TECNONET SINAL DE INTERNET LTDA,dsl
273730,GA Wi-fi,dsl
273755,Viva Net Telecom Ltda,dsl
273780,Pluss Tecnologia Ltda,dsl
273782,Nacional Fibra,dsl
273798,CN TELECOM,dsl
273816,UNOFIBRA TELECOMUNICACOES,dsl
273824,NEXERCOM SRL,dsl
273843,"INVERSIONES ABDO 77, C.A.",dsl
273847,P.A. NETWORKS E.A.S,dsl
273937,SERVICIOS TECNOLOGICOS PABLO MELLA MORALES SRL,dsl
273966,FIBERGO-TELECOM S.A.,dsl
273988,VALLENET SPA,dsl
274225,TELECOMUNICACIONES WIFINET RUPERTO TRONCOSO E.I.R.L.,dsl
274311,INTEROS SAS,dsl
274340,Globo Net Telecomunicacoes LTDA,dsl
274463,Giganet Solução em Internet,dsl
274550,Overlink Telecom,dsl
274567,Ms marques serviços de banda larga eireli,dsl
274607,GHT Telecom,dsl
274685,Sernet,dsl
274689,ISP SERVICOS DE INTERNET LTDA,dsl
274709,FERREIRA TELECOM LTDA,dsl
274726,Giga Speed Provedor de acessi a internet LTDA,dsl
274802,SUPERNET LINE SERVICO DE COMUNICACOES LTDA,dsl
274834,V10 NET,dsl
274841,INFOSMART TELECOM,dsl
327688,Screamer Telecommunications,dsl
327708,Airtel Rwanda Ltd,dsl
327712,Telecom Algeria,dsl
327745,WiFibre Pty Ltd,dsl
327761,Access Point Technologies cc,dsl
327782,Metrofibre Networx,dsl
327799,VIETTEL BURUNDI SA,dsl
327814,Ecoband Ltd,dsl
327872,IBITS Internet (pty) Ltd,dsl
327885,Viettel Tanzania PLC,dsl
327900,Simply Computers Tanzania Ltd,dsl
327901,Level 7 Wireless (Pty) Ltd,dsl
327931,Optimum Telecom Algeria,dsl
327934,SOCIETE NATIONALE DES TELECOMMUNICATIONS (Tunisie Telecom),dsl
328001,Satsoft cc,dsl
328126,Orange Tunisie,dsl
328137,Web Squad Connect (Pty) Ltd,dsl
328140,INSIST NET Limited,dsl
328169,Swazi Mobile Limited,dsl
328178,Vinet Internet Solutions,dsl
328200,Al Madar Al Jadeed Joint Stock Company,dsl
328250,Golis Telecom Somalia,dsl
328266,Atomic Access,dsl
328286,Libyana Mobile Phone Company JSC,dsl
328297,QCell (SL) Limited,dsl
328309,Globacom Limited,dsl
328316,Point dAtterissement Virtuel - Burkina Faso,dsl
328317,AEROCOM BROADBAND SERVICES,dsl
328351,DK Wireless Internet (Pty) Ltd,dsl
328442,United SA,dsl
328469,Somtel Somalia LTD,dsl
328471,HERO TELECOMS (PTY) LTD,dsl
328474,Jebo Connect Pty Ltd,dsl
328514,Net Solutions Limited,dsl
328576,Surf4Life Pty (LTD),dsl
328578,KEMNET TECHNOLOGIES LIMITED,dsl
328585,MegaMore Wireless Broadband Limited,dsl
328596,Mind the Speed (PTY) Ltd,dsl
328611,Libyan Elite,dsl
328638,Letaba Networks (Pty) Ltd,dsl
328760,ZTEL PTY LTD,dsl
328888,ORCA TECHNOLOGIES (PTY) LTD,dsl
328977,Wavex Internet Service Provider LTD,dsl
328987,Lime Emerging Solutions Limited,dsl
329029,Mymanga Networks,dsl
329038,WELINK HOLDINGS (PTY) LTD,dsl
329103,NINETEC SARL,dsl
329174,Swift Broadband Limited,dsl
329360,iiNet Connect Pty Ltd,dsl
329379,FIBERLINK SOLUTIONS LIMITED,dsl
329415,Savanna Fibre Limited,dsl
329578,URBANXCONNECT (PTY) LTD,dsl
329608,NetClick,dsl
393238,"ImOn Communications, LLC",dsl
393278,Electric Plant Board of the city of Franklin Kentucky,dsl
393422,New Visions Communications Inc,dsl
393429,Optic Loop Communications,dsl
393442,United Electric Cooperative,dsl
393552,Longmont Power & Communications,dsl
394146,Tri City WiFi Corp.,dsl
394352,FlexNetworks,dsl
394752,Avative Fiber,dsl
395075,Cooperative de cablodistribution de larriere-pays,dsl
395354,"Starry, Inc.",dsl
395367,Lightwave Broadband LLC,dsl
395466,Global Net,dsl
395570,Beanfield Technologies Inc.,dsl
395662,"OzarksGo, LLC",dsl
395853,NYC Mesh Inc.,dsl
395965,Carrytel,dsl
396097,"Sail Internet, Inc.",dsl
396185,GILES-CRAIG COMMUNICATIONS INC.,dsl
396238,City of Fairlawn DBA FairlawnGig,dsl
396304,Antigua Wireless ventures Ltd,dsl
396503,WestConnect Communications,dsl
396952,"Net253, LLC",dsl
396969,Strada Communications L.L.C.,dsl
397303,"WeLink Communications, Inc.",dsl
397412,Tachus Fiber Internet,dsl
397732,"Net Vision Communications, LLC",dsl
398035,SkyNet Communications LLC,dsl
398113,Gateway Fiber LLC,dsl
398143,Great Lakes Energy Connections Inc.,dsl
398420,"Tishomingo Connect, LLC",dsl
398721,OXIO,dsl
398872,Big Wifi,dsl
399016,Canadian Fiber Optics Corp.,dsl
399100,Selectronics Corp.,dsl
399226,SpeedFI Inc.,dsl
399240,"BLUE RIDGE INTERNET, L.L.C",dsl
399307,Town of Sterling,dsl
399503,Dice Carrier Services LLC,dsl
399788,Quad State Internet LLC,dsl
399833,Rocky Ridge Wireless,dsl
399898,Conexon Connect,dsl
400202,Municipality of the County of Pictou,dsl
400220,PearlComm,dsl
400268,Pierce Pepin Cooperative Services,dsl
400699,KitsapWiFi,dsl
